word,times_added,times_removed,net_change,absolute_change,survival_fraction
net,1,0,1,1,1.0
sagep,1,0,1,1,1.0
56⅔,1,0,1,1,1.0
nytimes,1,0,1,1,1.0
exception,1,0,1,1,1.0
pdfhttps,1,0,1,1,1.0
nowleagethe,1,0,1,1,1.0
160px,1,0,1,1,1.0
pelagie,1,0,1,1,1.0
forged,1,0,1,1,1.0
swords,1,0,1,1,1.0
eyewitness,1,0,1,1,1.0
rudimentary,1,0,1,1,1.0
senkaku,1,0,1,1,1.0
shining,1,0,1,1,1.0
strongly,1,0,1,1,1.0
pdfs,1,0,1,1,1.0
mercenary,1,0,1,1,1.0
peru_revisado,1,0,1,1,1.0
balearic,1,0,1,1,1.0
documenting,1,0,1,1,1.0
240px,2,0,2,2,1.0
taiwán,1,0,1,1,1.0
novel,1,0,1,1,1.0
info,1,0,1,1,1.0
choice,1,0,1,1,1.0
22native,1,0,1,1,1.0
significance,1,0,1,1,1.0
tharangambadi,1,0,1,1,1.0
mention,1,0,1,1,1.0
1598,1,0,1,1,1.0
spearheaded,1,0,1,1,1.0
circa,1,0,1,1,1.0
timeanddate,1,0,1,1,1.0
hopes,1,0,1,1,1.0
emulate,1,0,1,1,1.0
spherical,1,0,1,1,1.0
rhodes,1,0,1,1,1.0
210px,1,0,1,1,1.0
artillery,1,0,1,1,1.0
170px,1,0,1,1,1.0
interpreted,1,0,1,1,1.0
triggering,1,0,1,1,1.0
spreading,2,0,2,2,1.0
caracterăsticas,1,0,1,1,1.0
pantelleria,1,0,1,1,1.0
invited,1,0,1,1,1.0
centro,1,0,1,1,1.0
designed,1,0,1,1,1.0
lies,1,0,1,1,1.0
exertions,1,0,1,1,1.0
movable,2,0,2,2,1.0
coloniality,1,0,1,1,1.0
bible,1,0,1,1,1.0
paria,1,0,1,1,1.0
stradanus,1,0,1,1,1.0
inexpensive,1,0,1,1,1.0
sky,1,0,1,1,1.0
spiridone,1,0,1,1,1.0
defence,1,0,1,1,1.0
outshone,1,0,1,1,1.0
perfectly,1,0,1,1,1.0
viii,1,0,1,1,1.0
pó,1,0,1,1,1.0
overwork,1,0,1,1,1.0
briefly,1,0,1,1,1.0
1508,2,0,2,2,1.0
enter,1,0,1,1,1.0
fairbanks,1,0,1,1,1.0
erroneously,1,0,1,1,1.0
04,1,0,1,1,1.0
abyssinian,1,0,1,1,1.0
drift,1,0,1,1,1.0
divine,1,0,1,1,1.0
believer,1,0,1,1,1.0
fox13now,1,0,1,1,1.0
insurgent,1,0,1,1,1.0
pear,1,0,1,1,1.0
abandoning,1,0,1,1,1.0
350px,6,0,6,6,1.0
sagas,1,0,1,1,1.0
icelandic,1,0,1,1,1.0
fail,1,0,1,1,1.0
writes,2,0,2,2,1.0
knowledgeable,1,0,1,1,1.0
dissenters,1,0,1,1,1.0
rotation,1,0,1,1,1.0
causes,1,0,1,1,1.0
awakens,1,0,1,1,1.0
remarked,1,0,1,1,1.0
scam,1,0,1,1,1.0
1972thumb,1,0,1,1,1.0
guerrillas,1,0,1,1,1.0
shetlands,1,0,1,1,1.0
designated,1,0,1,1,1.0
fordfoundation,1,0,1,1,1.0
disappearance,1,0,1,1,1.0
socioculturales,1,0,1,1,1.0
unicef,1,0,1,1,1.0
listen,1,0,1,1,1.0
spotted,1,0,1,1,1.0
diurnal,1,0,1,1,1.0
viking,1,0,1,1,1.0
tactical,1,0,1,1,1.0
bulged,1,0,1,1,1.0
rorke,1,0,1,1,1.0
predecessors,1,0,1,1,1.0
vulnerability,1,0,1,1,1.0
alexandria,2,0,2,2,1.0
forefront,1,0,1,1,1.0
150px,3,0,3,3,1.0
mengrelia,1,0,1,1,1.0
inaugurating,1,0,1,1,1.0
indăgenas,1,0,1,1,1.0
discovering,1,0,1,1,1.0
orkneys,1,0,1,1,1.0
coinciding,2,0,2,2,1.0
friars,1,0,1,1,1.0
sailors,1,0,1,1,1.0
pacăfico,1,0,1,1,1.0
aswan,1,0,1,1,1.0
pikes,1,0,1,1,1.0
securing,1,0,1,1,1.0
dumb,1,0,1,1,1.0
partly,1,0,1,1,1.0
ashes,1,0,1,1,1.0
syene,1,0,1,1,1.0
lac,1,0,1,1,1.0
bristol,1,0,1,1,1.0
perished,1,0,1,1,1.0
200px,4,0,4,4,1.0
pint,1,0,1,1,1.0
250px,3,0,3,3,1.0
pueblosindigenaspcn,1,0,1,1,1.0
rushed,1,0,1,1,1.0
lasting,3,1,2,4,0.6666666666666666
pox,5,2,3,7,0.6
74,2,1,1,3,0.5
switched,2,1,1,3,0.5
salt,4,2,2,6,0.5
rivals,2,1,1,3,0.5
transportation,2,1,1,3,0.5
anthropol,2,1,1,3,0.5
exploitable,2,1,1,3,0.5
iliffe,2,1,1,3,0.5
collect,2,1,1,3,0.5
alfred,2,1,1,3,0.5
phys,2,1,1,3,0.5
300px,2,1,1,3,0.5
arriving,2,1,1,3,0.5
geos,2,1,1,3,0.5
phylogeographic,2,1,1,3,0.5
1638,2,1,1,3,0.5
hungry,2,1,1,3,0.5
persecuted,2,1,1,3,0.5
explored,2,1,1,3,0.5
1494,2,1,1,3,0.5
ilthumb,2,1,1,3,0.5
course,2,1,1,3,0.5
height,2,1,1,3,0.5
martinez,2,1,1,3,0.5
structure,2,1,1,3,0.5
cruzado,2,1,1,3,0.5
practise,2,1,1,3,0.5
burma,2,1,1,3,0.5
bring,2,1,1,3,0.5
autumn,4,2,2,6,0.5
turkestan,2,1,1,3,0.5
governorship,2,1,1,3,0.5
institutes,2,1,1,3,0.5
modelled,2,1,1,3,0.5
iberian,2,1,1,3,0.5
words,2,1,1,3,0.5
accused,2,1,1,3,0.5
westport,2,1,1,3,0.5
sanders,2,1,1,3,0.5
exploiting,2,1,1,3,0.5
look,2,1,1,3,0.5
metal,2,1,1,3,0.5
homes,2,1,1,3,0.5
mx,2,1,1,3,0.5
livescience,2,1,1,3,0.5
sailing,2,1,1,3,0.5
publications,2,1,1,3,0.5
1495,4,2,2,6,0.5
mines,2,1,1,3,0.5
165,2,1,1,3,0.5
intended,5,3,2,8,0.4
rio,5,3,2,8,0.4
fake,5,3,2,8,0.4
notes,5,3,2,8,0.4
claiming,5,3,2,8,0.4
believe,5,3,2,8,0.4
sailed,3,2,1,5,0.3333333333333333
instigated,3,2,1,5,0.3333333333333333
unused,3,2,1,5,0.3333333333333333
kate,3,2,1,5,0.3333333333333333
syphilis,6,4,2,10,0.3333333333333333
struggles,3,2,1,5,0.3333333333333333
droughts,3,2,1,5,0.3333333333333333
symcox,3,2,1,5,0.3333333333333333
sebastopol,3,2,1,5,0.3333333333333333
treat,3,2,1,5,0.3333333333333333
legitimize,3,2,1,5,0.3333333333333333
nationalities,3,2,1,5,0.3333333333333333
received,3,2,1,5,0.3333333333333333
redefine,3,2,1,5,0.3333333333333333
newness,3,2,1,5,0.3333333333333333
mythologizing,3,2,1,5,0.3333333333333333
responsibility,3,2,1,5,0.3333333333333333
deal,3,2,1,5,0.3333333333333333
remember,3,2,1,5,0.3333333333333333
initiated,3,2,1,5,0.3333333333333333
raudzens,6,4,2,10,0.3333333333333333
contending,3,2,1,5,0.3333333333333333
starting,3,2,1,5,0.3333333333333333
ward,3,2,1,5,0.3333333333333333
ecumenical,3,2,1,5,0.3333333333333333
ambition,3,2,1,5,0.3333333333333333
clappersticks,3,2,1,5,0.3333333333333333
reliance,3,2,1,5,0.3333333333333333
weaponry,3,2,1,5,0.3333333333333333
avoid,3,2,1,5,0.3333333333333333
gill,3,2,1,5,0.3333333333333333
editor,3,2,1,5,0.3333333333333333
individualism,3,2,1,5,0.3333333333333333
criticisms,3,2,1,5,0.3333333333333333
shumlin,3,2,1,5,0.3333333333333333
arawaks,3,2,1,5,0.3333333333333333
norte,3,2,1,5,0.3333333333333333
andenes,3,2,1,5,0.3333333333333333
let,3,2,1,5,0.3333333333333333
primitivism,3,2,1,5,0.3333333333333333
exist,3,2,1,5,0.3333333333333333
amherst,3,2,1,5,0.3333333333333333
preceded,3,2,1,5,0.3333333333333333
developing,3,2,1,5,0.3333333333333333
determinism,3,2,1,5,0.3333333333333333
commenting,3,2,1,5,0.3333333333333333
11th,6,4,2,10,0.3333333333333333
northampton,3,2,1,5,0.3333333333333333
oppression,3,2,1,5,0.3333333333333333
expense,3,2,1,5,0.3333333333333333
glorification,3,2,1,5,0.3333333333333333
190,3,2,1,5,0.3333333333333333
55,3,2,1,5,0.3333333333333333
mysticism,3,2,1,5,0.3333333333333333
pointed,3,2,1,5,0.3333333333333333
pdf,6,4,2,10,0.3333333333333333
combine,3,2,1,5,0.3333333333333333
berliner,3,2,1,5,0.3333333333333333
benedict,3,2,1,5,0.3333333333333333
sitting,3,2,1,5,0.3333333333333333
yearly,3,2,1,5,0.3333333333333333
commemoration,3,2,1,5,0.3333333333333333
accessed,3,2,1,5,0.3333333333333333
basis,3,2,1,5,0.3333333333333333
revisionists,3,2,1,5,0.3333333333333333
path,3,2,1,5,0.3333333333333333
applies,3,2,1,5,0.3333333333333333
missoula,3,2,1,5,0.3333333333333333
ayn,3,2,1,5,0.3333333333333333
hispanist,3,2,1,5,0.3333333333333333
utah,3,2,1,5,0.3333333333333333
lack,3,2,1,5,0.3333333333333333
specified,3,2,1,5,0.3333333333333333
generations,3,2,1,5,0.3333333333333333
asserts,3,2,1,5,0.3333333333333333
geoffrey,3,2,1,5,0.3333333333333333
quincentennial,3,2,1,5,0.3333333333333333
gulf,3,2,1,5,0.3333333333333333
refrain,3,2,1,5,0.3333333333333333
asserted,3,2,1,5,0.3333333333333333
renamed,3,2,1,5,0.3333333333333333
occasion,3,2,1,5,0.3333333333333333
secondarily,3,2,1,5,0.3333333333333333
123,3,2,1,5,0.3333333333333333
populist,3,2,1,5,0.3333333333333333
sparsely,3,2,1,5,0.3333333333333333
running,3,2,1,5,0.3333333333333333
legislature,3,2,1,5,0.3333333333333333
labour,9,6,3,15,0.3333333333333333
correct,3,2,1,5,0.3333333333333333
eighteenth,3,2,1,5,0.3333333333333333
latest,3,2,1,5,0.3333333333333333
reconstructing,3,2,1,5,0.3333333333333333
productive,3,2,1,5,0.3333333333333333
yucatan,3,2,1,5,0.3333333333333333
quakers,3,2,1,5,0.3333333333333333
unm,3,2,1,5,0.3333333333333333
diminish,3,2,1,5,0.3333333333333333
collectivism,3,2,1,5,0.3333333333333333
reappraising,3,2,1,5,0.3333333333333333
rand,3,2,1,5,0.3333333333333333
argument,3,2,1,5,0.3333333333333333
executive,3,2,1,5,0.3333333333333333
expulsion,3,2,1,5,0.3333333333333333
attempting,3,2,1,5,0.3333333333333333
colonizer,10,7,3,17,0.3
html,7,5,2,12,0.2857142857142857
bringing,7,5,2,12,0.2857142857142857
discoverer,7,5,2,12,0.2857142857142857
descendents,7,5,2,12,0.2857142857142857
lake,11,8,3,19,0.2727272727272727
defined,8,6,2,14,0.25
postcolonial,4,3,1,7,0.25
strong,4,3,1,7,0.25
allowed,4,3,1,7,0.25
protest,4,3,1,7,0.25
cold,4,3,1,7,0.25
exclude,4,3,1,7,0.25
governing,4,3,1,7,0.25
guns,4,3,1,7,0.25
retained,4,3,1,7,0.25
outside,4,3,1,7,0.25
army,8,6,2,14,0.25
modernize,4,3,1,7,0.25
cristopher,4,3,1,7,0.25
views,4,3,1,7,0.25
03,4,3,1,7,0.25
activist,4,3,1,7,0.25
sixteenth,8,6,2,14,0.25
brill,4,3,1,7,0.25
phoenix,4,3,1,7,0.25
churchill,4,3,1,7,0.25
encomienda,4,3,1,7,0.25
richardson,4,3,1,7,0.25
gov,4,3,1,7,0.25
chance,4,3,1,7,0.25
neighbouring,4,3,1,7,0.25
additional,4,3,1,7,0.25
joined,4,3,1,7,0.25
competition,4,3,1,7,0.25
28,4,3,1,7,0.25
unrelated,4,3,1,7,0.25
alternative,4,3,1,7,0.25
hope,4,3,1,7,0.25
japan,4,3,1,7,0.25
routes,8,6,2,14,0.25
fur,4,3,1,7,0.25
powerful,4,3,1,7,0.25
trinity,4,3,1,7,0.25
arts,13,10,3,23,0.23076923076923078
king,9,7,2,16,0.2222222222222222
problematic,5,4,1,9,0.2
brown,5,4,1,9,0.2
believed,5,4,1,9,0.2
possessions,5,4,1,9,0.2
oaxaca,5,4,1,9,0.2
localities,5,4,1,9,0.2
definitions,5,4,1,9,0.2
establish,5,4,1,9,0.2
managed,5,4,1,9,0.2
freedom,5,4,1,9,0.2
greater,10,8,2,18,0.2
germs,5,4,1,9,0.2
future,5,4,1,9,0.2
dying,5,4,1,9,0.2
antilles,5,4,1,9,0.2
genoese,5,4,1,9,0.2
vikings,5,4,1,9,0.2
water,5,4,1,9,0.2
strains,5,4,1,9,0.2
reason,5,4,1,9,0.2
analysis,5,4,1,9,0.2
environmental,5,4,1,9,0.2
girl,5,4,1,9,0.2
underdeveloped,5,4,1,9,0.2
critical,5,4,1,9,0.2
1914,10,8,2,18,0.2
easier,5,4,1,9,0.2
accomplishments,5,4,1,9,0.2
sending,5,4,1,9,0.2
active,5,4,1,9,0.2
george,10,8,2,18,0.2
big,5,4,1,9,0.2
muslim,5,4,1,9,0.2
carried,5,4,1,9,0.2
similarly,5,4,1,9,0.2
offices,11,9,2,20,0.18181818181818182
saw,11,9,2,20,0.18181818181818182
commemorate,17,14,3,31,0.17647058823529413
project,6,5,1,11,0.16666666666666666
perspective,6,5,1,11,0.16666666666666666
body,6,5,1,11,0.16666666666666666
1905,6,5,1,11,0.16666666666666666
creating,6,5,1,11,0.16666666666666666
earth,6,5,1,11,0.16666666666666666
engraving,6,5,1,11,0.16666666666666666
does,6,5,1,11,0.16666666666666666
alhambra,6,5,1,11,0.16666666666666666
30,18,15,3,33,0.16666666666666666
shores,6,5,1,11,0.16666666666666666
cruz,6,5,1,11,0.16666666666666666
fixed,12,10,2,22,0.16666666666666666
michael,6,5,1,11,0.16666666666666666
frequently,6,5,1,11,0.16666666666666666
2016,12,10,2,22,0.16666666666666666
remained,6,5,1,11,0.16666666666666666
westward,6,5,1,11,0.16666666666666666
union,6,5,1,11,0.16666666666666666
star,6,5,1,11,0.16666666666666666
means,6,5,1,11,0.16666666666666666
zinn,6,5,1,11,0.16666666666666666
encouraged,6,5,1,11,0.16666666666666666
dismissal,6,5,1,11,0.16666666666666666
attempt,6,5,1,11,0.16666666666666666
expressed,7,6,1,13,0.14285714285714285
polynesian,7,6,1,13,0.14285714285714285
multiple,7,6,1,13,0.14285714285714285
scotland,7,6,1,13,0.14285714285714285
85,7,6,1,13,0.14285714285714285
cause,7,6,1,13,0.14285714285714285
codified,7,6,1,13,0.14285714285714285
ties,7,6,1,13,0.14285714285714285
change,14,12,2,26,0.14285714285714285
2009,14,12,2,26,0.14285714285714285
institute,7,6,1,13,0.14285714285714285
christian,7,6,1,13,0.14285714285714285
transatlantic,7,6,1,13,0.14285714285714285
mid,7,6,1,13,0.14285714285714285
45,7,6,1,13,0.14285714285714285
howard,7,6,1,13,0.14285714285714285
returned,7,6,1,13,0.14285714285714285
represented,7,6,1,13,0.14285714285714285
larger,7,6,1,13,0.14285714285714285
proposed,14,12,2,26,0.14285714285714285
technology,7,6,1,13,0.14285714285714285
retrieved,22,19,3,41,0.13636363636363635
river,15,13,2,28,0.13333333333333333
open,15,13,2,28,0.13333333333333333
myths,23,20,3,43,0.13043478260869565
achievement,8,7,1,15,0.125
conquests,8,7,1,15,0.125
mark,8,7,1,15,0.125
chinese,8,7,1,15,0.125
vermont,8,7,1,15,0.125
theories,8,7,1,15,0.125
jews,8,7,1,15,0.125
boston,8,7,1,15,0.125
case,8,7,1,15,0.125
dec,8,7,1,15,0.125
treatment,8,7,1,15,0.125
main,8,7,1,15,0.125
formed,8,7,1,15,0.125
dane,8,7,1,15,0.125
60,8,7,1,15,0.125
gender,8,7,1,15,0.125
peat,8,7,1,15,0.125
leader,8,7,1,15,0.125
conflicts,9,8,1,17,0.1111111111111111
currently,9,8,1,17,0.1111111111111111
schools,9,8,1,17,0.1111111111111111
respective,9,8,1,17,0.1111111111111111
díaz,9,8,1,17,0.1111111111111111
issued,9,8,1,17,0.1111111111111111
settlements,18,16,2,34,0.1111111111111111
smaller,9,8,1,17,0.1111111111111111
list,18,16,2,34,0.1111111111111111
hand,9,8,1,17,0.1111111111111111
faustino,9,8,1,17,0.1111111111111111
secular,9,8,1,17,0.1111111111111111
britain,9,8,1,17,0.1111111111111111
taking,9,8,1,17,0.1111111111111111
cia,28,25,3,53,0.10714285714285714
actions,19,17,2,36,0.10526315789473684
specifically,10,9,1,19,0.1
169,10,9,1,19,0.1
opportunity,10,9,1,19,0.1
library,10,9,1,19,0.1
factbook,30,27,3,57,0.1
argüelles,10,9,1,19,0.1
1994,10,9,1,19,0.1
churches,10,9,1,19,0.1
settled,11,10,1,21,0.09090909090909091
montana,11,10,1,21,0.09090909090909091
canadian,11,10,1,21,0.09090909090909091
newfoundland,11,10,1,21,0.09090909090909091
celebrating,11,10,1,21,0.09090909090909091
plains,11,10,1,21,0.09090909090909091
regarding,11,10,1,21,0.09090909090909091
origins,11,10,1,21,0.09090909090909091
rodríguez,11,10,1,21,0.09090909090909091
española,11,10,1,21,0.09090909090909091
taínos,11,10,1,21,0.09090909090909091
pueblos,11,10,1,21,0.09090909090909091
state,67,61,6,128,0.08955223880597014
federal,24,22,2,46,0.08333333333333333
health,24,22,2,46,0.08333333333333333
norse,24,22,2,46,0.08333333333333333
explorers,12,11,1,23,0.08333333333333333
beginning,12,11,1,23,0.08333333333333333
continent,12,11,1,23,0.08333333333333333
exploration,12,11,1,23,0.08333333333333333
evidence,37,34,3,71,0.08108108108108109
massachusetts,25,23,2,48,0.08
july,13,12,1,25,0.07692307692307693
lived,13,12,1,25,0.07692307692307693
victory,13,12,1,25,0.07692307692307693
naming,13,12,1,25,0.07692307692307693
served,13,12,1,25,0.07692307692307693
crown,27,25,2,52,0.07407407407407407
colorado,14,13,1,27,0.07142857142857142
usually,14,13,1,27,0.07142857142857142
genoa,14,13,1,27,0.07142857142857142
lady,14,13,1,27,0.07142857142857142
oregon,14,13,1,27,0.07142857142857142
pillar,14,13,1,27,0.07142857142857142
growth,14,13,1,27,0.07142857142857142
celebrates,42,39,3,81,0.07142857142857142
chávez,15,14,1,29,0.06666666666666667
tribe,15,14,1,29,0.06666666666666667
2017,15,14,1,29,0.06666666666666667
governor,31,29,2,60,0.06451612903225806
epidemic,16,15,1,31,0.0625
natural,16,15,1,31,0.0625
african,48,45,3,93,0.0625
set,16,15,1,31,0.0625
home,16,15,1,31,0.0625
times,16,15,1,31,0.0625
right,67,63,4,130,0.05970149253731343
related,17,16,1,33,0.058823529411764705
observances,17,16,1,33,0.058823529411764705
long,17,16,1,33,0.058823529411764705
charles,17,16,1,33,0.058823529411764705
1500,17,16,1,33,0.058823529411764705
hawaii,17,16,1,33,0.058823529411764705
eventually,18,17,1,35,0.05555555555555555
mtdna,18,17,1,35,0.05555555555555555
category,75,71,4,146,0.05333333333333334
france,19,18,1,37,0.05263157894736842
instead,19,18,1,37,0.05263157894736842
governments,19,18,1,37,0.05263157894736842
followed,19,18,1,37,0.05263157894736842
david,19,18,1,37,0.05263157894736842
2000,19,18,1,37,0.05263157894736842
laws,20,19,1,39,0.05
april,20,19,1,39,0.05
asia,20,19,1,39,0.05
servants,20,19,1,39,0.05
portugal,21,20,1,41,0.047619047619047616
decree,21,20,1,41,0.047619047619047616
group,43,41,2,84,0.046511627906976744
area,22,21,1,43,0.045454545454545456
small,22,21,1,43,0.045454545454545456
casas,23,22,1,45,0.043478260869565216
wrote,24,23,1,47,0.041666666666666664
self,24,23,1,47,0.041666666666666664
recognize,24,23,1,47,0.041666666666666664
council,24,23,1,47,0.041666666666666664
discovery,48,46,2,94,0.041666666666666664
brought,24,23,1,47,0.041666666666666664
movement,25,24,1,49,0.04
salvador,25,24,1,49,0.04
observance,52,50,2,102,0.038461538461538464
great,26,25,1,51,0.038461538461538464
especially,26,25,1,51,0.038461538461538464
fiesta,27,26,1,53,0.037037037037037035
communities,28,27,1,55,0.03571428571428571
pedro,28,27,1,55,0.03571428571428571
came,28,27,1,55,0.03571428571428571
development,30,29,1,59,0.03333333333333333
cultures,63,61,2,124,0.031746031746031744
historical,32,31,1,63,0.03125
second,33,32,1,65,0.030303030303030304
2005,34,33,1,67,0.029411764705882353
italy,34,33,1,67,0.029411764705882353
include,35,34,1,69,0.02857142857142857
non,36,35,1,71,0.027777777777777776
official,37,36,1,73,0.02702702702702703
legal,37,36,1,73,0.02702702702702703
alaska,38,37,1,75,0.02631578947368421
various,38,37,1,75,0.02631578947368421
led,40,39,1,79,0.025
organization,41,40,1,81,0.024390243902439025
changed,42,41,1,83,0.023809523809523808
territory,45,44,1,89,0.022222222222222223
trade,46,45,1,91,0.021739130434782608
1492,49,48,1,97,0.02040816326530612
national,102,100,2,202,0.0196078431372549
nations,55,54,1,109,0.01818181818181818
government,65,64,1,129,0.015384615384615385
used,78,77,1,155,0.01282051282051282
day,547,541,6,1088,0.010968921389396709
groups,118,117,1,235,0.00847457627118644
holiday,148,147,1,295,0.006756756756756757
hormos,1,1,0,2,0.0
7th,2,2,0,4,0.0
berbice,2,2,0,4,0.0
ford,2,2,0,4,0.0
heartland,2,2,0,4,0.0
incentivized,2,2,0,4,0.0
mocoví,2,2,0,4,0.0
633,2,2,0,4,0.0
grassroots,2,2,0,4,0.0
paternal,2,2,0,4,0.0
cosmopolitan,2,2,0,4,0.0
affirm,2,2,0,4,0.0
454,2,2,0,4,0.0
dilemma,2,2,0,4,0.0
1679,2,2,0,4,0.0
ref13,2,2,0,4,0.0
nativesbuying,2,2,0,4,0.0
unequal,2,2,0,4,0.0
sumos,2,2,0,4,0.0
ref12,2,2,0,4,0.0
measures,2,2,0,4,0.0
drawn,1,1,0,2,0.0
yale,1,1,0,2,0.0
virulence,1,1,0,2,0.0
necessary,2,2,0,4,0.0
portuese,1,1,0,2,0.0
bosnia,1,1,0,2,0.0
behaviors,2,2,0,4,0.0
marcelo,2,2,0,4,0.0
ketchi,2,2,0,4,0.0
cherkessia,1,1,0,2,0.0
mannerisms,1,1,0,2,0.0
recensement,1,1,0,2,0.0
abdalá,2,2,0,4,0.0
unable,1,1,0,2,0.0
tremendously,1,1,0,2,0.0
afrikaans,1,1,0,2,0.0
difference,2,2,0,4,0.0
bra,1,1,0,2,0.0
wane,2,2,0,4,0.0
grande,2,2,0,4,0.0
rain,2,2,0,4,0.0
chose,2,2,0,4,0.0
1770s,2,2,0,4,0.0
ceramic,2,2,0,4,0.0
overcoming,2,2,0,4,0.0
ancel,2,2,0,4,0.0
princess,2,2,0,4,0.0
conamaq,2,2,0,4,0.0
reclassifying,2,2,0,4,0.0
autonomía,2,2,0,4,0.0
procession,2,2,0,4,0.0
1910,2,2,0,4,0.0
huichol,2,2,0,4,0.0
pascua,2,2,0,4,0.0
ta,2,2,0,4,0.0
descriptors,2,2,0,4,0.0
enrich,2,2,0,4,0.0
reconsider,2,2,0,4,0.0
185,2,2,0,4,0.0
questioned,2,2,0,4,0.0
boca,2,2,0,4,0.0
democratically,2,2,0,4,0.0
884,2,2,0,4,0.0
namibia,2,2,0,4,0.0
mendicants,2,2,0,4,0.0
kuana,2,2,0,4,0.0
tonga,2,2,0,4,0.0
beringian,2,2,0,4,0.0
promoted,2,2,0,4,0.0
antiquity,2,2,0,4,0.0
zimbabwe,2,2,0,4,0.0
extract,2,2,0,4,0.0
aborigine,2,2,0,4,0.0
deglaciation,2,2,0,4,0.0
terraces,2,2,0,4,0.0
prescribed,2,2,0,4,0.0
rattles,2,2,0,4,0.0
signed,2,2,0,4,0.0
1500s,2,2,0,4,0.0
1745,2,2,0,4,0.0
bonilla,2,2,0,4,0.0
latinized,2,2,0,4,0.0
array,2,2,0,4,0.0
disappointed,2,2,0,4,0.0
afforded,2,2,0,4,0.0
scientists,2,2,0,4,0.0
guzmán,2,2,0,4,0.0
shorter,2,2,0,4,0.0
bbc,2,2,0,4,0.0
introduce,2,2,0,4,0.0
bois,2,2,0,4,0.0
prairie,2,2,0,4,0.0
understories,2,2,0,4,0.0
tongues,2,2,0,4,0.0
constituting,2,2,0,4,0.0
1300,2,2,0,4,0.0
alvarado,2,2,0,4,0.0
cuenca,2,2,0,4,0.0
extracted,2,2,0,4,0.0
diaguitas,2,2,0,4,0.0
strawberries,2,2,0,4,0.0
equity,2,2,0,4,0.0
similarities,2,2,0,4,0.0
paprika,2,2,0,4,0.0
reinforce,2,2,0,4,0.0
untreated,2,2,0,4,0.0
457,2,2,0,4,0.0
older,2,2,0,4,0.0
jürgen,2,2,0,4,0.0
trickster,2,2,0,4,0.0
mo,2,2,0,4,0.0
roadside,2,2,0,4,0.0
bell,2,2,0,4,0.0
publishers,2,2,0,4,0.0
attributes,2,2,0,4,0.0
dismisses,2,2,0,4,0.0
rape,2,2,0,4,0.0
permanently,1,1,0,2,0.0
conchucos,2,2,0,4,0.0
produces,2,2,0,4,0.0
ye,2,2,0,4,0.0
help,2,2,0,4,0.0
1574,2,2,0,4,0.0
snail,2,2,0,4,0.0
forestry,2,2,0,4,0.0
flu,2,2,0,4,0.0
anatomy,2,2,0,4,0.0
translations,2,2,0,4,0.0
87,2,2,0,4,0.0
dyke,2,2,0,4,0.0
paintings,2,2,0,4,0.0
salascan,2,2,0,4,0.0
nearby,2,2,0,4,0.0
pied,2,2,0,4,0.0
presented,2,2,0,4,0.0
ruler,2,2,0,4,0.0
equivalents,2,2,0,4,0.0
trails,2,2,0,4,0.0
soyots,2,2,0,4,0.0
symbols,2,2,0,4,0.0
ouster,2,2,0,4,0.0
episodes,2,2,0,4,0.0
frantz,2,2,0,4,0.0
1543,2,2,0,4,0.0
javier,2,2,0,4,0.0
factor,2,2,0,4,0.0
extremely,1,1,0,2,0.0
flourished,2,2,0,4,0.0
understood,2,2,0,4,0.0
compare,2,2,0,4,0.0
gerais,2,2,0,4,0.0
1930,2,2,0,4,0.0
pronounced,2,2,0,4,0.0
depopulated,2,2,0,4,0.0
purépecha,2,2,0,4,0.0
kickapoo,2,2,0,4,0.0
ket,2,2,0,4,0.0
martinique,2,2,0,4,0.0
legends,2,2,0,4,0.0
hallmarks,2,2,0,4,0.0
longstanding,2,2,0,4,0.0
database,2,2,0,4,0.0
coloured,2,2,0,4,0.0
secoya,2,2,0,4,0.0
promoting,2,2,0,4,0.0
mafatsheng,2,2,0,4,0.0
buret,2,2,0,4,0.0
escaped,2,2,0,4,0.0
rooted,2,2,0,4,0.0
manner,2,2,0,4,0.0
boruca,2,2,0,4,0.0
paleoindians,2,2,0,4,0.0
arguably,2,2,0,4,0.0
1986,2,2,0,4,0.0
crafted,2,2,0,4,0.0
plenglish,2,2,0,4,0.0
inadvertently,2,2,0,4,0.0
achievements,2,2,0,4,0.0
billion,2,2,0,4,0.0
gaskins,2,2,0,4,0.0
chibcha,2,2,0,4,0.0
tlisa,2,2,0,4,0.0
pánfilo,2,2,0,4,0.0
partner,2,2,0,4,0.0
mythology,2,2,0,4,0.0
lowland,2,2,0,4,0.0
teotihuacano,2,2,0,4,0.0
dialects,2,2,0,4,0.0
118,2,2,0,4,0.0
matagalpa,2,2,0,4,0.0
istanbul,2,2,0,4,0.0
coordinator,2,2,0,4,0.0
vespucci,2,2,0,4,0.0
manage,2,2,0,4,0.0
800,2,2,0,4,0.0
1617,2,2,0,4,0.0
sun,2,2,0,4,0.0
region16,2,2,0,4,0.0
cooperation,2,2,0,4,0.0
debatable,2,2,0,4,0.0
causing,2,2,0,4,0.0
arrivals,2,2,0,4,0.0
graf,2,2,0,4,0.0
1501,2,2,0,4,0.0
iroquois,2,2,0,4,0.0
television,2,2,0,4,0.0
berry,2,2,0,4,0.0
peer,2,2,0,4,0.0
servant,2,2,0,4,0.0
massacres,2,2,0,4,0.0
outbreak,2,2,0,4,0.0
shells,2,2,0,4,0.0
rebels,2,2,0,4,0.0
estimation,2,2,0,4,0.0
caucasoid,2,2,0,4,0.0
consumer,2,2,0,4,0.0
1896,2,2,0,4,0.0
rupert,1,1,0,2,0.0
anne,1,1,0,2,0.0
mosaic,1,1,0,2,0.0
pluricontinental,1,1,0,2,0.0
1612,1,1,0,2,0.0
credited,1,1,0,2,0.0
sepoy,1,1,0,2,0.0
basutoland,1,1,0,2,0.0
losing,1,1,0,2,0.0
est,1,1,0,2,0.0
sickness,1,1,0,2,0.0
sudan,2,2,0,4,0.0
mongoloid,2,2,0,4,0.0
rite,2,2,0,4,0.0
nakota,2,2,0,4,0.0
indochina,2,2,0,4,0.0
branches,2,2,0,4,0.0
ways,2,2,0,4,0.0
steps,2,2,0,4,0.0
boone,2,2,0,4,0.0
520,2,2,0,4,0.0
latinobarómetro,2,2,0,4,0.0
kakawira,2,2,0,4,0.0
arana,2,2,0,4,0.0
impressive,2,2,0,4,0.0
reaffirmed,2,2,0,4,0.0
cracks,2,2,0,4,0.0
thinking,2,2,0,4,0.0
cognates,2,2,0,4,0.0
symbolize,2,2,0,4,0.0
kristinsson,1,1,0,2,0.0
refuge,1,1,0,2,0.0
shape,1,1,0,2,0.0
basketry,2,2,0,4,0.0
gilbert,2,2,0,4,0.0
element,2,2,0,4,0.0
meat,2,2,0,4,0.0
economists,2,2,0,4,0.0
implication,2,2,0,4,0.0
diet,2,2,0,4,0.0
phaseolus,2,2,0,4,0.0
chukchi,2,2,0,4,0.0
offensive,2,2,0,4,0.0
pellegrinogiacomo,2,2,0,4,0.0
sedentary,2,2,0,4,0.0
medicines,2,2,0,4,0.0
manifested,2,2,0,4,0.0
catlin,2,2,0,4,0.0
rasps,2,2,0,4,0.0
glimpses,2,2,0,4,0.0
strabo,2,2,0,4,0.0
elections,2,2,0,4,0.0
otavalo,2,2,0,4,0.0
zapotecs,2,2,0,4,0.0
party,2,2,0,4,0.0
samoan,2,2,0,4,0.0
applying,2,2,0,4,0.0
swiftly,2,2,0,4,0.0
expectancy,2,2,0,4,0.0
worth,1,1,0,2,0.0
contratación,1,1,0,2,0.0
wind,2,2,0,4,0.0
measured,2,2,0,4,0.0
chippewas,2,2,0,4,0.0
henry,2,2,0,4,0.0
lit,2,2,0,4,0.0
kabardino,1,1,0,2,0.0
awareness,1,1,0,2,0.0
1801,1,1,0,2,0.0
futuna,1,1,0,2,0.0
guanacaste,2,2,0,4,0.0
civilising,1,1,0,2,0.0
centres,1,1,0,2,0.0
1557,1,1,0,2,0.0
gl,1,1,0,2,0.0
hei,1,1,0,2,0.0
consistently,1,1,0,2,0.0
norm,2,2,0,4,0.0
nut,2,2,0,4,0.0
princes,2,2,0,4,0.0
conversion,2,2,0,4,0.0
emerging,2,2,0,4,0.0
martín,1,1,0,2,0.0
appearance,2,2,0,4,0.0
disuse,2,2,0,4,0.0
cañaris,2,2,0,4,0.0
atacameños,2,2,0,4,0.0
resist,2,2,0,4,0.0
pech,2,2,0,4,0.0
felling,2,2,0,4,0.0
moniz,2,2,0,4,0.0
solutrean,2,2,0,4,0.0
gc,2,2,0,4,0.0
taríja,2,2,0,4,0.0
maghreb,2,2,0,4,0.0
jennie,2,2,0,4,0.0
testing,2,2,0,4,0.0
méxico,2,2,0,4,0.0
requiring,2,2,0,4,0.0
butt,2,2,0,4,0.0
rabbit,2,2,0,4,0.0
integration,2,2,0,4,0.0
pbs,2,2,0,4,0.0
lithic,2,2,0,4,0.0
mahuad,2,2,0,4,0.0
basal,2,2,0,4,0.0
percussion,2,2,0,4,0.0
erdoes,2,2,0,4,0.0
gen,2,2,0,4,0.0
valdivia,2,2,0,4,0.0
dos,2,2,0,4,0.0
trappers,2,2,0,4,0.0
purépechas,2,2,0,4,0.0
14446,2,2,0,4,0.0
venezuelans,2,2,0,4,0.0
redskin,2,2,0,4,0.0
114,2,2,0,4,0.0
disappeared,2,2,0,4,0.0
vasco,2,2,0,4,0.0
fires,2,2,0,4,0.0
sculptures,2,2,0,4,0.0
noticeably,2,2,0,4,0.0
mojeño,2,2,0,4,0.0
peanuts,2,2,0,4,0.0
junctures,2,2,0,4,0.0
maximum,2,2,0,4,0.0
museo,2,2,0,4,0.0
kekchi,2,2,0,4,0.0
battles,2,2,0,4,0.0
game,2,2,0,4,0.0
coffee,2,2,0,4,0.0
kingdoms,2,2,0,4,0.0
pluralities,2,2,0,4,0.0
populationbarbados,1,1,0,2,0.0
samoa,1,1,0,2,0.0
brevicaule,2,2,0,4,0.0
costume,2,2,0,4,0.0
accession,2,2,0,4,0.0
washingtion,2,2,0,4,0.0
complicatus,2,2,0,4,0.0
foo,2,2,0,4,0.0
balkaria,1,1,0,2,0.0
bark,2,2,0,4,0.0
rapa,2,2,0,4,0.0
faded,2,2,0,4,0.0
unesco,2,2,0,4,0.0
arguing,2,2,0,4,0.0
proposing,2,2,0,4,0.0
settling,2,2,0,4,0.0
panamá,2,2,0,4,0.0
philology,2,2,0,4,0.0
adam,2,2,0,4,0.0
thiijioe,1,1,0,2,0.0
sentence,2,2,0,4,0.0
hide,2,2,0,4,0.0
stretched,2,2,0,4,0.0
postconquest,2,2,0,4,0.0
trinitarizm,2,2,0,4,0.0
employee,2,2,0,4,0.0
refugium,2,2,0,4,0.0
andthe,2,2,0,4,0.0
easterly,2,2,0,4,0.0
alaskan,2,2,0,4,0.0
intact,2,2,0,4,0.0
occurrence,2,2,0,4,0.0
vectors,2,2,0,4,0.0
283,2,2,0,4,0.0
spiritual,2,2,0,4,0.0
gap,2,2,0,4,0.0
dress,2,2,0,4,0.0
relatives,2,2,0,4,0.0
type,2,2,0,4,0.0
rhetoric,2,2,0,4,0.0
contract,2,2,0,4,0.0
rivercane,2,2,0,4,0.0
wilson,2,2,0,4,0.0
structures,2,2,0,4,0.0
reproduced,2,2,0,4,0.0
unifying,2,2,0,4,0.0
amerigo,2,2,0,4,0.0
rex,2,2,0,4,0.0
blocking,2,2,0,4,0.0
textbook,2,2,0,4,0.0
sunga,2,2,0,4,0.0
daniel,2,2,0,4,0.0
begin,2,2,0,4,0.0
aborigen,2,2,0,4,0.0
feather,2,2,0,4,0.0
hungarian,2,2,0,4,0.0
rails,1,1,0,2,0.0
739,2,2,0,4,0.0
jar,2,2,0,4,0.0
atacama,2,2,0,4,0.0
frequent,2,2,0,4,0.0
domestically,2,2,0,4,0.0
masks,2,2,0,4,0.0
marrow,2,2,0,4,0.0
recombines,2,2,0,4,0.0
woopwoop,2,2,0,4,0.0
uruguayans,2,2,0,4,0.0
bianchinetta,2,2,0,4,0.0
democracia,2,2,0,4,0.0
leyes,1,1,0,2,0.0
lizcano,1,1,0,2,0.0
highest,1,1,0,2,0.0
alienating,1,1,0,2,0.0
tobagonian,1,1,0,2,0.0
sven,1,1,0,2,0.0
disregarded,1,1,0,2,0.0
populationswaziland,1,1,0,2,0.0
technically,2,2,0,4,0.0
woodhead,2,2,0,4,0.0
plans,2,2,0,4,0.0
partition,2,2,0,4,0.0
auxiliaries,2,2,0,4,0.0
korc,2,2,0,4,0.0
tongan,2,2,0,4,0.0
broadly,2,2,0,4,0.0
painter,2,2,0,4,0.0
mogote,2,2,0,4,0.0
chesley,2,2,0,4,0.0
peasant,2,2,0,4,0.0
elderly,2,2,0,4,0.0
region20,2,2,0,4,0.0
seeds,2,2,0,4,0.0
comechingón,2,2,0,4,0.0
demerara,2,2,0,4,0.0
measure,2,2,0,4,0.0
7500,2,2,0,4,0.0
welcomed,2,2,0,4,0.0
americasas,2,2,0,4,0.0
audencia,2,2,0,4,0.0
evolutionarily,2,2,0,4,0.0
autonomías,2,2,0,4,0.0
pop13,2,2,0,4,0.0
dené,2,2,0,4,0.0
quichuas,2,2,0,4,0.0
puruhá,2,2,0,4,0.0
exonyms,2,2,0,4,0.0
restrictions,2,2,0,4,0.0
monophonic,2,2,0,4,0.0
sequenced,2,2,0,4,0.0
caciques,2,2,0,4,0.0
caves,2,2,0,4,0.0
bucaram,2,2,0,4,0.0
head,2,2,0,4,0.0
narratives,2,2,0,4,0.0
salasacan,2,2,0,4,0.0
moche,2,2,0,4,0.0
chimbuelo,2,2,0,4,0.0
buhl,2,2,0,4,0.0
gesture,2,2,0,4,0.0
provided,2,2,0,4,0.0
xq1a,2,2,0,4,0.0
conquering,2,2,0,4,0.0
decide,2,2,0,4,0.0
prehistory,2,2,0,4,0.0
redatam,2,2,0,4,0.0
import,2,2,0,4,0.0
critique,2,2,0,4,0.0
mohawks,2,2,0,4,0.0
suppress,2,2,0,4,0.0
normative,2,2,0,4,0.0
genome,2,2,0,4,0.0
coexistence,2,2,0,4,0.0
depends,2,2,0,4,0.0
mitimaes,2,2,0,4,0.0
destabilize,2,2,0,4,0.0
pakistan,2,2,0,4,0.0
enduring,2,2,0,4,0.0
robertson,2,2,0,4,0.0
marshallese,2,2,0,4,0.0
aktalakota,2,2,0,4,0.0
cross,2,2,0,4,0.0
totalref,2,2,0,4,0.0
cordilleran,2,2,0,4,0.0
markas,2,2,0,4,0.0
mahoney,2,2,0,4,0.0
guaymí,2,2,0,4,0.0
timeline,2,2,0,4,0.0
suspicious,2,2,0,4,0.0
colonisation,2,2,0,4,0.0
secondly,2,2,0,4,0.0
uk,2,2,0,4,0.0
quijos,2,2,0,4,0.0
transplanted,2,2,0,4,0.0
weavings,2,2,0,4,0.0
fundamentally,2,2,0,4,0.0
death_place,2,2,0,4,0.0
feasible,2,2,0,4,0.0
implied,2,2,0,4,0.0
decreasing,2,2,0,4,0.0
indubitably,2,2,0,4,0.0
allocated,2,2,0,4,0.0
aborting,2,2,0,4,0.0
tubes,2,2,0,4,0.0
soldiers,2,2,0,4,0.0
superior,2,2,0,4,0.0
fossil,2,2,0,4,0.0
endorsed,2,2,0,4,0.0
ne,2,2,0,4,0.0
stages,2,2,0,4,0.0
pop19,2,2,0,4,0.0
turkmenistan,2,2,0,4,0.0
products,2,2,0,4,0.0
penobscot,2,2,0,4,0.0
raids,2,2,0,4,0.0
vanilla,2,2,0,4,0.0
índio,2,2,0,4,0.0
pardo,2,2,0,4,0.0
scramble,2,2,0,4,0.0
advance,2,2,0,4,0.0
417,2,2,0,4,0.0
d2a,2,2,0,4,0.0
pingushat,2,2,0,4,0.0
kolla,2,2,0,4,0.0
carlos,2,2,0,4,0.0
separated,2,2,0,4,0.0
gambia,2,2,0,4,0.0
tsáchila,2,2,0,4,0.0
caste,2,2,0,4,0.0
ref14,2,2,0,4,0.0
tell,2,2,0,4,0.0
sultan,2,2,0,4,0.0
globally,2,2,0,4,0.0
entitled,2,2,0,4,0.0
shaman,2,2,0,4,0.0
panara,2,2,0,4,0.0
holocaust,2,2,0,4,0.0
supposedly,2,2,0,4,0.0
tuning,2,2,0,4,0.0
pornvikings,1,1,0,2,0.0
pop18,2,2,0,4,0.0
junio,2,2,0,4,0.0
nui,2,2,0,4,0.0
struggled,2,2,0,4,0.0
jalapeños,2,2,0,4,0.0
aboriginals,2,2,0,4,0.0
belgium,2,2,0,4,0.0
cathedral,2,2,0,4,0.0
atran,2,2,0,4,0.0
9210,2,2,0,4,0.0
siberians,2,2,0,4,0.0
souls,2,2,0,4,0.0
är,2,2,0,4,0.0
tehuantepec,2,2,0,4,0.0
gatherer,2,2,0,4,0.0
pictograms,2,2,0,4,0.0
agency,2,2,0,4,0.0
sample,2,2,0,4,0.0
paula,2,2,0,4,0.0
pirates,2,2,0,4,0.0
huaorani,2,2,0,4,0.0
syllabics,2,2,0,4,0.0
transferring,2,2,0,4,0.0
job,2,2,0,4,0.0
shuar,2,2,0,4,0.0
indos,2,2,0,4,0.0
flag,2,2,0,4,0.0
mythologies,2,2,0,4,0.0
groves,2,2,0,4,0.0
ethnonym,2,2,0,4,0.0
mal,2,2,0,4,0.0
1811,2,2,0,4,0.0
crescent,2,2,0,4,0.0
density,2,2,0,4,0.0
crafts,2,2,0,4,0.0
norms,2,2,0,4,0.0
753,2,2,0,4,0.0
occasionally,2,2,0,4,0.0
truly,2,2,0,4,0.0
arviat,2,2,0,4,0.0
hardly,2,2,0,4,0.0
need,2,2,0,4,0.0
management,2,2,0,4,0.0
populace,2,2,0,4,0.0
away,2,2,0,4,0.0
tablet,2,2,0,4,0.0
historically,2,2,0,4,0.0
assimilate,2,2,0,4,0.0
ayllus,2,2,0,4,0.0
helena,2,2,0,4,0.0
tendency,1,1,0,2,0.0
manas,1,1,0,2,0.0
chukotka,1,1,0,2,0.0
laos,1,1,0,2,0.0
melilla,1,1,0,2,0.0
gabon,1,1,0,2,0.0
annamthumb,1,1,0,2,0.0
progressively,1,1,0,2,0.0
scotti,2,2,0,4,0.0
assemblies,2,2,0,4,0.0
1491,2,2,0,4,0.0
rules,2,2,0,4,0.0
dominate,2,2,0,4,0.0
cow,2,2,0,4,0.0
encyclopedic,2,2,0,4,0.0
presumably,2,2,0,4,0.0
length,2,2,0,4,0.0
occurring,2,2,0,4,0.0
harvard,2,2,0,4,0.0
tugua,2,2,0,4,0.0
forward,2,2,0,4,0.0
catholicism,2,2,0,4,0.0
profits,2,2,0,4,0.0
cave,2,2,0,4,0.0
validity,2,2,0,4,0.0
hegel,2,2,0,4,0.0
matambú,2,2,0,4,0.0
izalco,2,2,0,4,0.0
hellgrewe,1,1,0,2,0.0
spinhuis,1,1,0,2,0.0
ellice,1,1,0,2,0.0
199,1,1,0,2,0.0
036,2,2,0,4,0.0
alutiiq,2,2,0,4,0.0
quechuas,2,2,0,4,0.0
capacity,2,2,0,4,0.0
1770,2,2,0,4,0.0
assumptions,2,2,0,4,0.0
carvings,2,2,0,4,0.0
yo,2,2,0,4,0.0
landholdings,2,2,0,4,0.0
capitol,2,2,0,4,0.0
deeply,2,2,0,4,0.0
remaining,2,2,0,4,0.0
physical,2,2,0,4,0.0
exposure,2,2,0,4,0.0
eliot,2,2,0,4,0.0
interaction,2,2,0,4,0.0
improve,2,2,0,4,0.0
olmecs,2,2,0,4,0.0
abugidas,2,2,0,4,0.0
campesina,2,2,0,4,0.0
phase,2,2,0,4,0.0
spivak,2,2,0,4,0.0
singular,2,2,0,4,0.0
share,2,2,0,4,0.0
revolting,2,2,0,4,0.0
designations,2,2,0,4,0.0
m45,2,2,0,4,0.0
kant,2,2,0,4,0.0
satellite,2,2,0,4,0.0
advances,2,2,0,4,0.0
1511,2,2,0,4,0.0
geological,2,2,0,4,0.0
guianas,2,2,0,4,0.0
dirisiwe,2,2,0,4,0.0
wage,2,2,0,4,0.0
glaciation,2,2,0,4,0.0
snoop,2,2,0,4,0.0
kills,2,2,0,4,0.0
ceramics,2,2,0,4,0.0
islander,2,2,0,4,0.0
westwards,2,2,0,4,0.0
suck,2,2,0,4,0.0
extant,2,2,0,4,0.0
eyak,2,2,0,4,0.0
ingesting,2,2,0,4,0.0
tarijeño,2,2,0,4,0.0
aleuts,2,2,0,4,0.0
pantheon,2,2,0,4,0.0
algerian,2,2,0,4,0.0
c1a,2,2,0,4,0.0
cree,2,2,0,4,0.0
interval,2,2,0,4,0.0
1200,2,2,0,4,0.0
eater,2,2,0,4,0.0
offspring,2,2,0,4,0.0
expel,2,2,0,4,0.0
guarani,2,2,0,4,0.0
dignity,2,2,0,4,0.0
pop20,2,2,0,4,0.0
increasingly,2,2,0,4,0.0
feathers,2,2,0,4,0.0
prohibited,2,2,0,4,0.0
person,2,2,0,4,0.0
preserving,2,2,0,4,0.0
48,2,2,0,4,0.0
regulation,2,2,0,4,0.0
arose,2,2,0,4,0.0
zygosity,2,2,0,4,0.0
garðar,2,2,0,4,0.0
región,2,2,0,4,0.0
contracting,2,2,0,4,0.0
scenario,2,2,0,4,0.0
doomed,2,2,0,4,0.0
presently,2,2,0,4,0.0
jurisdictions,2,2,0,4,0.0
displayed,2,2,0,4,0.0
approximate,2,2,0,4,0.0
quicker,2,2,0,4,0.0
966,2,2,0,4,0.0
publ,2,2,0,4,0.0
ojibwa,2,2,0,4,0.0
blackfeet,2,2,0,4,0.0
exacerbated,2,2,0,4,0.0
khakas,2,2,0,4,0.0
southwestern,2,2,0,4,0.0
broader,2,2,0,4,0.0
nawat,2,2,0,4,0.0
seed,2,2,0,4,0.0
standstill,2,2,0,4,0.0
statutes,2,2,0,4,0.0
timing,2,2,0,4,0.0
refugees,2,2,0,4,0.0
toltec,2,2,0,4,0.0
palms,2,2,0,4,0.0
cup,2,2,0,4,0.0
marginalized,2,2,0,4,0.0
pop16,2,2,0,4,0.0
sway,2,2,0,4,0.0
ref16,2,2,0,4,0.0
upward,2,2,0,4,0.0
preferred,2,2,0,4,0.0
57,2,2,0,4,0.0
wichi,2,2,0,4,0.0
chané,2,2,0,4,0.0
pectoral,2,2,0,4,0.0
religions,2,2,0,4,0.0
sahib,1,1,0,2,0.0
capac,2,2,0,4,0.0
terena,2,2,0,4,0.0
tolupan,2,2,0,4,0.0
upwards,2,2,0,4,0.0
especial,2,2,0,4,0.0
1965,2,2,0,4,0.0
responded,2,2,0,4,0.0
lesser,2,2,0,4,0.0
1707,2,2,0,4,0.0
derechos,2,2,0,4,0.0
newsarticle,2,2,0,4,0.0
sunflower,2,2,0,4,0.0
000includes,1,1,0,2,0.0
pop24,1,1,0,2,0.0
addenda,1,1,0,2,0.0
1887,2,2,0,4,0.0
consult,2,2,0,4,0.0
benito,2,2,0,4,0.0
maladies,2,2,0,4,0.0
collectively,2,2,0,4,0.0
region15,2,2,0,4,0.0
parallel,2,2,0,4,0.0
couple,2,2,0,4,0.0
objective,2,2,0,4,0.0
logosyllabic,2,2,0,4,0.0
diminished,2,2,0,4,0.0
berinigia,2,2,0,4,0.0
cocopa,2,2,0,4,0.0
panzaleo,2,2,0,4,0.0
ref15,2,2,0,4,0.0
pop15,2,2,0,4,0.0
province,2,2,0,4,0.0
westernmost,2,2,0,4,0.0
grants,2,2,0,4,0.0
domesticating,2,2,0,4,0.0
concurrently,2,2,0,4,0.0
undergo,2,2,0,4,0.0
region14,2,2,0,4,0.0
conjectured,2,2,0,4,0.0
lenape,2,2,0,4,0.0
142,2,2,0,4,0.0
thereof,2,2,0,4,0.0
myriad,2,2,0,4,0.0
spanning,2,2,0,4,0.0
carry,2,2,0,4,0.0
1628,2,2,0,4,0.0
federally,2,2,0,4,0.0
lexicons,2,2,0,4,0.0
ref17,2,2,0,4,0.0
yaqui,2,2,0,4,0.0
consultation,2,2,0,4,0.0
determinants,2,2,0,4,0.0
ortiz,2,2,0,4,0.0
mosquito,2,2,0,4,0.0
spouse,2,2,0,4,0.0
hondurans,2,2,0,4,0.0
prove,2,2,0,4,0.0
choctaw,2,2,0,4,0.0
regulations,2,2,0,4,0.0
roger,2,2,0,4,0.0
germany,2,2,0,4,0.0
observational,2,2,0,4,0.0
suicidal,2,2,0,4,0.0
dr,2,2,0,4,0.0
canelo,2,2,0,4,0.0
intentional,2,2,0,4,0.0
mimics,2,2,0,4,0.0
noun,2,2,0,4,0.0
contiguous,2,2,0,4,0.0
seeking,2,2,0,4,0.0
legitimizing,2,2,0,4,0.0
524,2,2,0,4,0.0
invasive,2,2,0,4,0.0
tiempos,2,2,0,4,0.0
158,2,2,0,4,0.0
talamanca,2,2,0,4,0.0
academia,2,2,0,4,0.0
skeletons,2,2,0,4,0.0
practises,2,2,0,4,0.0
unmixed,2,2,0,4,0.0
participation,2,2,0,4,0.0
commonalities,2,2,0,4,0.0
hieroglyphs,2,2,0,4,0.0
rubber,2,2,0,4,0.0
news2,2,2,0,4,0.0
karttunen,2,2,0,4,0.0
atypical,2,2,0,4,0.0
mexica,2,2,0,4,0.0
fabrics,2,2,0,4,0.0
enríquez,2,2,0,4,0.0
aleut,2,2,0,4,0.0
tlaxcalas,2,2,0,4,0.0
maintained,2,2,0,4,0.0
exponentially,1,1,0,2,0.0
victims,2,2,0,4,0.0
indonesia,2,2,0,4,0.0
1653,2,2,0,4,0.0
465,2,2,0,4,0.0
505,2,2,0,4,0.0
nevis,2,2,0,4,0.0
favored,2,2,0,4,0.0
landowning,2,2,0,4,0.0
richer,2,2,0,4,0.0
181,2,2,0,4,0.0
toba,2,2,0,4,0.0
compared,2,2,0,4,0.0
sustaining,1,1,0,2,0.0
excluding,1,1,0,2,0.0
chesapeake,1,1,0,2,0.0
ref20,2,2,0,4,0.0
plantation,2,2,0,4,0.0
artist,2,2,0,4,0.0
thunderbird,2,2,0,4,0.0
613,2,2,0,4,0.0
colonialist,2,2,0,4,0.0
rivera,2,2,0,4,0.0
zacatecas,2,2,0,4,0.0
discouraged,2,2,0,4,0.0
nationality,2,2,0,4,0.0
campbell,2,2,0,4,0.0
molecular,2,2,0,4,0.0
respected,2,2,0,4,0.0
referendums,2,2,0,4,0.0
populationfrench,2,2,0,4,0.0
adding,2,2,0,4,0.0
achuar,2,2,0,4,0.0
arising,2,2,0,4,0.0
negotiate,2,2,0,4,0.0
pinto,2,2,0,4,0.0
alphabet,2,2,0,4,0.0
municipal,2,2,0,4,0.0
680,2,2,0,4,0.0
beatriz,2,2,0,4,0.0
pop14,2,2,0,4,0.0
grasses,2,2,0,4,0.0
1750,2,2,0,4,0.0
leslie,2,2,0,4,0.0
bean,2,2,0,4,0.0
amur,2,2,0,4,0.0
secluded,2,2,0,4,0.0
cash,2,2,0,4,0.0
picture,2,2,0,4,0.0
residency,2,2,0,4,0.0
shapes,2,2,0,4,0.0
bombing,1,1,0,2,0.0
chechnya,1,1,0,2,0.0
meeeeeeeeeeeeeeeee,1,1,0,2,0.0
vladimir,1,1,0,2,0.0
gante,1,1,0,2,0.0
robert,1,1,0,2,0.0
instantly,1,1,0,2,0.0
coming,1,1,0,2,0.0
sulu,1,1,0,2,0.0
avocados,2,2,0,4,0.0
revealed,2,2,0,4,0.0
stucco,2,2,0,4,0.0
tientsin,2,2,0,4,0.0
oral,2,2,0,4,0.0
contain,2,2,0,4,0.0
mazahua,2,2,0,4,0.0
miguel,2,2,0,4,0.0
landless,2,2,0,4,0.0
redirects,2,2,0,4,0.0
þing,2,2,0,4,0.0
moreno,2,2,0,4,0.0
capsicum,2,2,0,4,0.0
millennial,2,2,0,4,0.0
practically,2,2,0,4,0.0
damage,2,2,0,4,0.0
diccionario,2,2,0,4,0.0
occurs,2,2,0,4,0.0
finger,2,2,0,4,0.0
endonyms,2,2,0,4,0.0
microbes,2,2,0,4,0.0
endow,1,1,0,2,0.0
323,1,1,0,2,0.0
moscow,2,2,0,4,0.0
balladelli,2,2,0,4,0.0
discover,2,2,0,4,0.0
nna,2,2,0,4,0.0
reviewed,2,2,0,4,0.0
ona,2,2,0,4,0.0
stage,2,2,0,4,0.0
mesoamerica,2,2,0,4,0.0
ngwanaka,2,2,0,4,0.0
subtiaba,2,2,0,4,0.0
abc,2,2,0,4,0.0
roles,2,2,0,4,0.0
snowfall,2,2,0,4,0.0
glaciers,2,2,0,4,0.0
selective,2,2,0,4,0.0
archipelago,2,2,0,4,0.0
delawares,2,2,0,4,0.0
arauco,2,2,0,4,0.0
wages,2,2,0,4,0.0
division,2,2,0,4,0.0
rcbp,2,2,0,4,0.0
zambo,2,2,0,4,0.0
interference,2,2,0,4,0.0
underwater,2,2,0,4,0.0
antu,2,2,0,4,0.0
region19,2,2,0,4,0.0
industrialization,1,1,0,2,0.0
estudios,1,1,0,2,0.0
kissing,1,1,0,2,0.0
homosexual,1,1,0,2,0.0
concerned,1,1,0,2,0.0
www12,1,1,0,2,0.0
mercantilist,1,1,0,2,0.0
guys,1,1,0,2,0.0
exploit,1,1,0,2,0.0
ussr,1,1,0,2,0.0
interpretation,2,2,0,4,0.0
flaked,2,2,0,4,0.0
perestrelo,2,2,0,4,0.0
1750s,2,2,0,4,0.0
originario,2,2,0,4,0.0
alajuela,2,2,0,4,0.0
exhibit,2,2,0,4,0.0
taino,2,2,0,4,0.0
structured,2,2,0,4,0.0
cacique,2,2,0,4,0.0
hate,2,2,0,4,0.0
influential,2,2,0,4,0.0
lavrador,1,1,0,2,0.0
ugandan,2,2,0,4,0.0
1946,2,2,0,4,0.0
iche,2,2,0,4,0.0
goseyun,2,2,0,4,0.0
theoretical,2,2,0,4,0.0
revolts,2,2,0,4,0.0
haplotypes,2,2,0,4,0.0
mountain,2,2,0,4,0.0
populationbrazil,2,2,0,4,0.0
chia,2,2,0,4,0.0
presidents,2,2,0,4,0.0
listed,2,2,0,4,0.0
leftist,2,2,0,4,0.0
geneflow,2,2,0,4,0.0
unified,2,2,0,4,0.0
menominee,2,2,0,4,0.0
chiquitano,2,2,0,4,0.0
978,2,2,0,4,0.0
applauded,2,2,0,4,0.0
cacán,2,2,0,4,0.0
practicing,2,2,0,4,0.0
brattahlíð,2,2,0,4,0.0
dorado,2,2,0,4,0.0
shards,2,2,0,4,0.0
amsterdam,2,2,0,4,0.0
innovation,2,2,0,4,0.0
growing,2,2,0,4,0.0
pop21,2,2,0,4,0.0
katarista,2,2,0,4,0.0
aid,2,2,0,4,0.0
turkic,2,2,0,4,0.0
unangax,2,2,0,4,0.0
6567,2,2,0,4,0.0
mike,2,2,0,4,0.0
ref21,2,2,0,4,0.0
remnants,2,2,0,4,0.0
bands,2,2,0,4,0.0
block,2,2,0,4,0.0
precise,2,2,0,4,0.0
reed,2,2,0,4,0.0
126,2,2,0,4,0.0
cascajal,2,2,0,4,0.0
lakotah,2,2,0,4,0.0
photograph,2,2,0,4,0.0
mythical,2,2,0,4,0.0
realizing,2,2,0,4,0.0
intermixture,2,2,0,4,0.0
tongue,2,2,0,4,0.0
immediate,2,2,0,4,0.0
nahuizalco,2,2,0,4,0.0
annually,2,2,0,4,0.0
1625,2,2,0,4,0.0
inseparable,2,2,0,4,0.0
sumu,2,2,0,4,0.0
chartered,2,2,0,4,0.0
ngäbe,2,2,0,4,0.0
barbary,2,2,0,4,0.0
kelly,2,2,0,4,0.0
letters,2,2,0,4,0.0
instituto,2,2,0,4,0.0
closer,2,2,0,4,0.0
mayans,2,2,0,4,0.0
cordage,2,2,0,4,0.0
pulso,2,2,0,4,0.0
overview,2,2,0,4,0.0
emergency,2,2,0,4,0.0
descended,2,2,0,4,0.0
brothers,2,2,0,4,0.0
condemned,2,2,0,4,0.0
gives,2,2,0,4,0.0
cedar,2,2,0,4,0.0
militarily,2,2,0,4,0.0
facing,2,2,0,4,0.0
reasons,2,2,0,4,0.0
mongolian,2,2,0,4,0.0
pure,2,2,0,4,0.0
tarapacá,2,2,0,4,0.0
21st,2,2,0,4,0.0
mauritius,2,2,0,4,0.0
scrolls,2,2,0,4,0.0
beadwork,2,2,0,4,0.0
fishing,2,2,0,4,0.0
diegofernando,2,2,0,4,0.0
manioc,2,2,0,4,0.0
bad,2,2,0,4,0.0
surrendered,2,2,0,4,0.0
863,2,2,0,4,0.0
113,2,2,0,4,0.0
divergence,2,2,0,4,0.0
mayangna,2,2,0,4,0.0
definition,2,2,0,4,0.0
papal,2,2,0,4,0.0
fundação,2,2,0,4,0.0
property,2,2,0,4,0.0
atonal,2,2,0,4,0.0
specifics,2,2,0,4,0.0
maleku,2,2,0,4,0.0
1664,2,2,0,4,0.0
1608,2,2,0,4,0.0
historia,1,1,0,2,0.0
reinforcing,1,1,0,2,0.0
ferguson,1,1,0,2,0.0
511,2,2,0,4,0.0
educational,2,2,0,4,0.0
ditlhabololo,2,2,0,4,0.0
feared,2,2,0,4,0.0
predominantly,2,2,0,4,0.0
armies,2,2,0,4,0.0
artistic,2,2,0,4,0.0
gould,2,2,0,4,0.0
confining,2,2,0,4,0.0
1777,2,2,0,4,0.0
paolo,2,2,0,4,0.0
paleoindian,2,2,0,4,0.0
1670,2,2,0,4,0.0
pleistocene,2,2,0,4,0.0
linguistically,2,2,0,4,0.0
autodeterminación,2,2,0,4,0.0
parliament,2,2,0,4,0.0
overwhelmed,2,2,0,4,0.0
reconquista,2,2,0,4,0.0
timeframe,2,2,0,4,0.0
ley,2,2,0,4,0.0
lay,2,2,0,4,0.0
showing,2,2,0,4,0.0
euters,2,2,0,4,0.0
juárez,2,2,0,4,0.0
gardens,2,2,0,4,0.0
appear,2,2,0,4,0.0
projectile,2,2,0,4,0.0
1567,2,2,0,4,0.0
cidob,2,2,0,4,0.0
shortages,2,2,0,4,0.0
authorities,2,2,0,4,0.0
crossings,2,2,0,4,0.0
election,2,2,0,4,0.0
socioambiental,2,2,0,4,0.0
transliterate,2,2,0,4,0.0
guam,2,2,0,4,0.0
othering,2,2,0,4,0.0
distributed,2,2,0,4,0.0
indigene,2,2,0,4,0.0
alfonso,2,2,0,4,0.0
sexes,2,2,0,4,0.0
pattern,2,2,0,4,0.0
sacacoyo,2,2,0,4,0.0
explore,2,2,0,4,0.0
huron,2,2,0,4,0.0
flannery,2,2,0,4,0.0
se,2,2,0,4,0.0
phylogeny,2,2,0,4,0.0
lineal,2,2,0,4,0.0
jewellery,2,2,0,4,0.0
angola,2,2,0,4,0.0
export,2,2,0,4,0.0
hunters,2,2,0,4,0.0
captain,2,2,0,4,0.0
jefferson,2,2,0,4,0.0
region21,2,2,0,4,0.0
plenty,2,2,0,4,0.0
copper,2,2,0,4,0.0
intermingling,2,2,0,4,0.0
soils,2,2,0,4,0.0
444,2,2,0,4,0.0
consisting,2,2,0,4,0.0
imposing,2,2,0,4,0.0
1899,2,2,0,4,0.0
funai,2,2,0,4,0.0
pact,2,2,0,4,0.0
790,2,2,0,4,0.0
classify,2,2,0,4,0.0
lowlands,2,2,0,4,0.0
traced,2,2,0,4,0.0
markers,2,2,0,4,0.0
floss,2,2,0,4,0.0
denial,2,2,0,4,0.0
distinguish,2,2,0,4,0.0
homogeneous,2,2,0,4,0.0
1776,2,2,0,4,0.0
request,2,2,0,4,0.0
extremes,2,2,0,4,0.0
famines,2,2,0,4,0.0
walcheren,2,2,0,4,0.0
supply,2,2,0,4,0.0
enormous,2,2,0,4,0.0
bo,2,2,0,4,0.0
ref22,2,2,0,4,0.0
hammerton,2,2,0,4,0.0
pomeroon,2,2,0,4,0.0
morison,2,2,0,4,0.0
conscription,2,2,0,4,0.0
embroidery,2,2,0,4,0.0
instrumental,2,2,0,4,0.0
infant,2,2,0,4,0.0
bubble,1,1,0,2,0.0
soda,1,1,0,2,0.0
proposes,1,1,0,2,0.0
baptista,1,1,0,2,0.0
swan,1,1,0,2,0.0
fernandes,1,1,0,2,0.0
innovations,2,2,0,4,0.0
spurred,1,1,0,2,0.0
enterprise,1,1,0,2,0.0
aligned,1,1,0,2,0.0
precursor,1,1,0,2,0.0
plantains,2,2,0,4,0.0
brings,2,2,0,4,0.0
captives,2,2,0,4,0.0
reveals,2,2,0,4,0.0
encompassing,2,2,0,4,0.0
fund,2,2,0,4,0.0
376,2,2,0,4,0.0
lines,1,1,0,2,0.0
pigmentation,2,2,0,4,0.0
construction,2,2,0,4,0.0
dissolution,2,2,0,4,0.0
cachi,2,2,0,4,0.0
dogg,2,2,0,4,0.0
vegetation,2,2,0,4,0.0
occur,2,2,0,4,0.0
woods,2,2,0,4,0.0
authors,2,2,0,4,0.0
mimic,2,2,0,4,0.0
unrepresented,2,2,0,4,0.0
manageable,2,2,0,4,0.0
referring,2,2,0,4,0.0
ownership,2,2,0,4,0.0
scrapers,2,2,0,4,0.0
pier,2,2,0,4,0.0
reach,2,2,0,4,0.0
gae,2,2,0,4,0.0
na,2,2,0,4,0.0
swaziland,2,2,0,4,0.0
collections,2,2,0,4,0.0
abstract,2,2,0,4,0.0
aircrafts,2,2,0,4,0.0
baoruco,2,2,0,4,0.0
techniques,2,2,0,4,0.0
finance,1,1,0,2,0.0
quenpi,1,1,0,2,0.0
kill,2,2,0,4,0.0
danger,2,2,0,4,0.0
outright,2,2,0,4,0.0
boats,2,2,0,4,0.0
laborers,2,2,0,4,0.0
depletion,2,2,0,4,0.0
inuk,2,2,0,4,0.0
historic,2,2,0,4,0.0
originating,2,2,0,4,0.0
460,2,2,0,4,0.0
assimilated,2,2,0,4,0.0
reid,2,2,0,4,0.0
facto,2,2,0,4,0.0
mom,2,2,0,4,0.0
ga,2,2,0,4,0.0
marxists,2,2,0,4,0.0
varese,2,2,0,4,0.0
finite,1,1,0,2,0.0
ceased,1,1,0,2,0.0
defines,2,2,0,4,0.0
discussion,2,2,0,4,0.0
betray,2,2,0,4,0.0
363,2,2,0,4,0.0
590,2,2,0,4,0.0
pentatonic,2,2,0,4,0.0
seriousness,2,2,0,4,0.0
region13,2,2,0,4,0.0
calchaquí,2,2,0,4,0.0
secession,2,2,0,4,0.0
millennium,2,2,0,4,0.0
philippine,2,2,0,4,0.0
acted,2,2,0,4,0.0
corridors,2,2,0,4,0.0
herbert,2,2,0,4,0.0
chico,2,2,0,4,0.0
productivity,2,2,0,4,0.0
uncovered,2,2,0,4,0.0
huarpe,2,2,0,4,0.0
a2a,2,2,0,4,0.0
herds,2,2,0,4,0.0
1604,2,2,0,4,0.0
julia,2,2,0,4,0.0
financed,2,2,0,4,0.0
slow,2,2,0,4,0.0
hamilton,2,2,0,4,0.0
quiche,2,2,0,4,0.0
proprietors,2,2,0,4,0.0
adwa,2,2,0,4,0.0
semi,2,2,0,4,0.0
850,2,2,0,4,0.0
uses,2,2,0,4,0.0
lawsuits,2,2,0,4,0.0
contrasted,2,2,0,4,0.0
stjo,2,2,0,4,0.0
zapoteca,2,2,0,4,0.0
loudly,1,1,0,2,0.0
udmurtia,2,2,0,4,0.0
meters,2,2,0,4,0.0
positions,2,2,0,4,0.0
sounding,2,2,0,4,0.0
tunumiit,2,2,0,4,0.0
fanon,2,2,0,4,0.0
tariffs,2,2,0,4,0.0
chunkey,2,2,0,4,0.0
reports,2,2,0,4,0.0
subdivisions,2,2,0,4,0.0
childhood,2,2,0,4,0.0
reunited,2,2,0,4,0.0
1714,1,1,0,2,0.0
populationgreenland,1,1,0,2,0.0
ears,1,1,0,2,0.0
busbus,1,1,0,2,0.0
article219312355,1,1,0,2,0.0
crisis,1,1,0,2,0.0
populationturkmenistan,1,1,0,2,0.0
organised,1,1,0,2,0.0
servility,1,1,0,2,0.0
representing,2,2,0,4,0.0
camarón,2,2,0,4,0.0
837,2,2,0,4,0.0
athabascan,2,2,0,4,0.0
obscured,2,2,0,4,0.0
fox,2,2,0,4,0.0
ceylon,2,2,0,4,0.0
ancash,2,2,0,4,0.0
presidency,2,2,0,4,0.0
ultimate,2,2,0,4,0.0
aymaras,2,2,0,4,0.0
39,2,2,0,4,0.0
lingual,2,2,0,4,0.0
marcus,2,2,0,4,0.0
hailed,2,2,0,4,0.0
1622,1,1,0,2,0.0
dano,1,1,0,2,0.0
region23,1,1,0,2,0.0
taxes,1,1,0,2,0.0
merchants,1,1,0,2,0.0
axtell,1,1,0,2,0.0
regardeded,1,1,0,2,0.0
bailyn,1,1,0,2,0.0
failure,1,1,0,2,0.0
coercive,1,1,0,2,0.0
gabriel,2,2,0,4,0.0
debts,1,1,0,2,0.0
indie,1,1,0,2,0.0
stop,1,1,0,2,0.0
discusses,1,1,0,2,0.0
conquerors,1,1,0,2,0.0
ebneqngebrwitaly,1,1,0,2,0.0
potential,1,1,0,2,0.0
dedicated,1,1,0,2,0.0
uriankhai,1,1,0,2,0.0
fostered,1,1,0,2,0.0
practical,1,1,0,2,0.0
lifestyle,1,1,0,2,0.0
chromosomes,1,1,0,2,0.0
convince,1,1,0,2,0.0
1935,1,1,0,2,0.0
perception,1,1,0,2,0.0
brocklehurst,1,1,0,2,0.0
santander,1,1,0,2,0.0
pire,1,1,0,2,0.0
mulatta,1,1,0,2,0.0
tlaxcala,1,1,0,2,0.0
arisona,1,1,0,2,0.0
bakker,1,1,0,2,0.0
petr,1,1,0,2,0.0
successful,1,1,0,2,0.0
putatively,1,1,0,2,0.0
spheres,1,1,0,2,0.0
haffkine,1,1,0,2,0.0
epistemological,1,1,0,2,0.0
stick,1,1,0,2,0.0
mainlands,1,1,0,2,0.0
población,1,1,0,2,0.0
benedictine,1,1,0,2,0.0
1701,1,1,0,2,0.0
alien,1,1,0,2,0.0
fowl,1,1,0,2,0.0
uzbekistan,1,1,0,2,0.0
zaragoza,1,1,0,2,0.0
provinces,1,1,0,2,0.0
day_286,1,1,0,2,0.0
investment,1,1,0,2,0.0
explorersection,1,1,0,2,0.0
etat,1,1,0,2,0.0
bes,1,1,0,2,0.0
circumstances,1,1,0,2,0.0
shakhrai,1,1,0,2,0.0
sweg,1,1,0,2,0.0
colonizatin,1,1,0,2,0.0
consented,1,1,0,2,0.0
indigena,1,1,0,2,0.0
cheap,1,1,0,2,0.0
display,1,1,0,2,0.0
1929,1,1,0,2,0.0
yakutia,1,1,0,2,0.0
sarajevo,1,1,0,2,0.0
devastating,1,1,0,2,0.0
radically,1,1,0,2,0.0
whooping,1,1,0,2,0.0
profoundly,1,1,0,2,0.0
operated,1,1,0,2,0.0
constantine,1,1,0,2,0.0
entity,1,1,0,2,0.0
oppressor,1,1,0,2,0.0
nfld,1,1,0,2,0.0
deadlier,1,1,0,2,0.0
command,1,1,0,2,0.0
accomplished,1,1,0,2,0.0
pid,1,1,0,2,0.0
galapagos,1,1,0,2,0.0
vnamee,1,1,0,2,0.0
leased,1,1,0,2,0.0
imperialists,1,1,0,2,0.0
dote,1,1,0,2,0.0
discipline,1,1,0,2,0.0
baartman,1,1,0,2,0.0
contenidos,1,1,0,2,0.0
trucial,1,1,0,2,0.0
vnamef,1,1,0,2,0.0
khiva,1,1,0,2,0.0
austria,1,1,0,2,0.0
succeeded,1,1,0,2,0.0
virulent,1,1,0,2,0.0
alcáçovas,1,1,0,2,0.0
round,1,1,0,2,0.0
aden,1,1,0,2,0.0
ill,1,1,0,2,0.0
trek,1,1,0,2,0.0
koplow,1,1,0,2,0.0
foothold,1,1,0,2,0.0
678,1,1,0,2,0.0
declinationshen,1,1,0,2,0.0
persian,1,1,0,2,0.0
waylon,1,1,0,2,0.0
bannon,1,1,0,2,0.0
developments,1,1,0,2,0.0
branch,1,1,0,2,0.0
basra,1,1,0,2,0.0
fewer,1,1,0,2,0.0
repetition,1,1,0,2,0.0
christopher_columbus,1,1,0,2,0.0
venture,1,1,0,2,0.0
bankrupt,1,1,0,2,0.0
huge,1,1,0,2,0.0
sounded,1,1,0,2,0.0
fayard,1,1,0,2,0.0
adygea,1,1,0,2,0.0
civilize,1,1,0,2,0.0
promote,1,1,0,2,0.0
internet,1,1,0,2,0.0
codfish,1,1,0,2,0.0
benedikt,1,1,0,2,0.0
cme,1,1,0,2,0.0
jure,1,1,0,2,0.0
reino,1,1,0,2,0.0
wuz,1,1,0,2,0.0
shortage,1,1,0,2,0.0
dada,1,1,0,2,0.0
neil,1,1,0,2,0.0
leftists,1,1,0,2,0.0
atahulapa,1,1,0,2,0.0
communication,1,1,0,2,0.0
acute,1,1,0,2,0.0
seizure,1,1,0,2,0.0
video,1,1,0,2,0.0
iron,1,1,0,2,0.0
bengal,1,1,0,2,0.0
dahlias,1,1,0,2,0.0
filipino,1,1,0,2,0.0
dahomey,1,1,0,2,0.0
codification,1,1,0,2,0.0
baudelaire,1,1,0,2,0.0
nonconformists,1,1,0,2,0.0
385,1,1,0,2,0.0
cheaply,1,1,0,2,0.0
compete,1,1,0,2,0.0
decimated,1,1,0,2,0.0
virtual,1,1,0,2,0.0
uittocht,1,1,0,2,0.0
holdings,1,1,0,2,0.0
absorbed,1,1,0,2,0.0
merriam,1,1,0,2,0.0
thessalonians,1,1,0,2,0.0
contentious,1,1,0,2,0.0
contributed,1,1,0,2,0.0
bright,1,1,0,2,0.0
rum,1,1,0,2,0.0
debates,1,1,0,2,0.0
judicial,1,1,0,2,0.0
strengthen,1,1,0,2,0.0
expansions,1,1,0,2,0.0
positiveref,1,1,0,2,0.0
imposition,1,1,0,2,0.0
ol,1,1,0,2,0.0
calvinists,1,1,0,2,0.0
5j9hg4jhj9,1,1,0,2,0.0
vfnbchgc,1,1,0,2,0.0
lighter,1,1,0,2,0.0
291,1,1,0,2,0.0
pineapple,1,1,0,2,0.0
merriman,1,1,0,2,0.0
1400,1,1,0,2,0.0
lautréamont,1,1,0,2,0.0
wendt,1,1,0,2,0.0
respects,1,1,0,2,0.0
influx,1,1,0,2,0.0
amendment,1,1,0,2,0.0
discriminate,1,1,0,2,0.0
boundary,1,1,0,2,0.0
chandernagor,1,1,0,2,0.0
decisions,1,1,0,2,0.0
jesucristo,1,1,0,2,0.0
lectures,1,1,0,2,0.0
civilized,1,1,0,2,0.0
matt,1,1,0,2,0.0
diorama,1,1,0,2,0.0
kuril,1,1,0,2,0.0
caucasus,1,1,0,2,0.0
cbc,1,1,0,2,0.0
distinction,1,1,0,2,0.0
9s2uzr47m,1,1,0,2,0.0
1988,1,1,0,2,0.0
lebanese,1,1,0,2,0.0
purple,1,1,0,2,0.0
edit,1,1,0,2,0.0
personnel,1,1,0,2,0.0
treasure,1,1,0,2,0.0
weakened,1,1,0,2,0.0
1531,1,1,0,2,0.0
liked,1,1,0,2,0.0
moroccans,1,1,0,2,0.0
racialism,1,1,0,2,0.0
scarce,1,1,0,2,0.0
statistical,1,1,0,2,0.0
ginger,1,1,0,2,0.0
cuarenta,1,1,0,2,0.0
plank,1,1,0,2,0.0
biblical,1,1,0,2,0.0
842,1,1,0,2,0.0
05,1,1,0,2,0.0
spaniard,1,1,0,2,0.0
islandsthumb,1,1,0,2,0.0
emphatic,1,1,0,2,0.0
anabaptists,1,1,0,2,0.0
manufactures,1,1,0,2,0.0
subcontinent,1,1,0,2,0.0
extending,1,1,0,2,0.0
lessening,1,1,0,2,0.0
bashkortostan,1,1,0,2,0.0
sebastian,1,1,0,2,0.0
hejaz,1,1,0,2,0.0
brutality,1,1,0,2,0.0
modernity,1,1,0,2,0.0
cunter,1,1,0,2,0.0
singaporean,1,1,0,2,0.0
outlook,1,1,0,2,0.0
encuestas,1,1,0,2,0.0
convenient,1,1,0,2,0.0
ranges,1,1,0,2,0.0
strategic,1,1,0,2,0.0
walter,1,1,0,2,0.0
raped,1,1,0,2,0.0
symbolization,1,1,0,2,0.0
googlebookgouda,1,1,0,2,0.0
transnistrian,1,1,0,2,0.0
option,1,1,0,2,0.0
bloody,1,1,0,2,0.0
aliyah,1,1,0,2,0.0
accountancy,1,1,0,2,0.0
caution,1,1,0,2,0.0
attract,1,1,0,2,0.0
derided,1,1,0,2,0.0
involving,1,1,0,2,0.0
sepúlveda,1,1,0,2,0.0
cochinchina,1,1,0,2,0.0
barthélemyfact,1,1,0,2,0.0
coerced,1,1,0,2,0.0
populationjudenlandindigenousref,1,1,0,2,0.0
implicated,1,1,0,2,0.0
986,1,1,0,2,0.0
448,1,1,0,2,0.0
dp,1,1,0,2,0.0
franciscans,1,1,0,2,0.0
aggressively,1,1,0,2,0.0
excavations,1,1,0,2,0.0
simplification,1,1,0,2,0.0
formats,1,1,0,2,0.0
populationcolombia,1,1,0,2,0.0
delhi,1,1,0,2,0.0
1942,1,1,0,2,0.0
practitioners,1,1,0,2,0.0
refereed,1,1,0,2,0.0
wanna,1,1,0,2,0.0
gallery,1,1,0,2,0.0
wretched,1,1,0,2,0.0
dialectical,1,1,0,2,0.0
ellsworth,1,1,0,2,0.0
aegean,1,1,0,2,0.0
regimes,1,1,0,2,0.0
tchéou,1,1,0,2,0.0
promotes,1,1,0,2,0.0
substitute,1,1,0,2,0.0
vaccine,1,1,0,2,0.0
confused,1,1,0,2,0.0
presbyterians,1,1,0,2,0.0
positing,1,1,0,2,0.0
populationdominican,1,1,0,2,0.0
racially,1,1,0,2,0.0
1632,1,1,0,2,0.0
niger,1,1,0,2,0.0
història,1,1,0,2,0.0
occupying,1,1,0,2,0.0
gennaro,1,1,0,2,0.0
shelter,1,1,0,2,0.0
microbiologist,1,1,0,2,0.0
structural,1,1,0,2,0.0
kouang,1,1,0,2,0.0
prosperity,1,1,0,2,0.0
ancestryethnic,1,1,0,2,0.0
1525,1,1,0,2,0.0
_indigenous_peoples_day_,1,1,0,2,0.0
marià,1,1,0,2,0.0
baptists,1,1,0,2,0.0
repatriate,1,1,0,2,0.0
italianexplorer,1,1,0,2,0.0
accredited,1,1,0,2,0.0
archiveurl,1,1,0,2,0.0
changing,1,1,0,2,0.0
cartier,1,1,0,2,0.0
instances,1,1,0,2,0.0
grapple,1,1,0,2,0.0
trevor,1,1,0,2,0.0
1875,1,1,0,2,0.0
dnieper,1,1,0,2,0.0
brain,1,1,0,2,0.0
cyprus,1,1,0,2,0.0
moravians,1,1,0,2,0.0
despair,1,1,0,2,0.0
46,1,1,0,2,0.0
egerton,1,1,0,2,0.0
mountstuart,1,1,0,2,0.0
security,1,1,0,2,0.0
días,1,1,0,2,0.0
8084917906,1,1,0,2,0.0
contours,1,1,0,2,0.0
concerning,1,1,0,2,0.0
skirmishes,1,1,0,2,0.0
lutherans,1,1,0,2,0.0
ossetia,1,1,0,2,0.0
categorize,1,1,0,2,0.0
capturing,1,1,0,2,0.0
excesses,1,1,0,2,0.0
factfinder,1,1,0,2,0.0
vice,1,1,0,2,0.0
exaggerated,1,1,0,2,0.0
macedon,1,1,0,2,0.0
ref23,1,1,0,2,0.0
edirne,1,1,0,2,0.0
classes,1,1,0,2,0.0
saharan,1,1,0,2,0.0
dim,1,1,0,2,0.0
subordinate,1,1,0,2,0.0
jr,1,1,0,2,0.0
arises,1,1,0,2,0.0
frenchmen,1,1,0,2,0.0
adjunct,1,1,0,2,0.0
años,1,1,0,2,0.0
liberalism,1,1,0,2,0.0
spite,1,1,0,2,0.0
kokaislova,1,1,0,2,0.0
kristinsson2010,1,1,0,2,0.0
flags,1,1,0,2,0.0
lang,1,1,0,2,0.0
pizzaro,1,1,0,2,0.0
populationbolivia,1,1,0,2,0.0
1793,1,1,0,2,0.0
historiography,1,1,0,2,0.0
faroe,1,1,0,2,0.0
theme,1,1,0,2,0.0
religiously,1,1,0,2,0.0
ares,1,1,0,2,0.0
funneling,1,1,0,2,0.0
salvation,1,1,0,2,0.0
outgrowths,1,1,0,2,0.0
fated,1,1,0,2,0.0
threaten,1,1,0,2,0.0
traded,1,1,0,2,0.0
pagan,1,1,0,2,0.0
geschiedenis,1,1,0,2,0.0
ukrainian,1,1,0,2,0.0
cfm,1,1,0,2,0.0
vhs,1,1,0,2,0.0
1780,1,1,0,2,0.0
castas,1,1,0,2,0.0
synthesize,1,1,0,2,0.0
morel,1,1,0,2,0.0
moment,1,1,0,2,0.0
castellanos,1,1,0,2,0.0
statesbut,1,1,0,2,0.0
transformations,1,1,0,2,0.0
fashion,1,1,0,2,0.0
kasum,1,1,0,2,0.0
elites,1,1,0,2,0.0
chilies,1,1,0,2,0.0
privileges,1,1,0,2,0.0
pole,1,1,0,2,0.0
gic,1,1,0,2,0.0
859,1,1,0,2,0.0
hearts,1,1,0,2,0.0
strait,1,1,0,2,0.0
village,1,1,0,2,0.0
pursues,1,1,0,2,0.0
ducks,1,1,0,2,0.0
price,1,1,0,2,0.0
minds,1,1,0,2,0.0
attending,1,1,0,2,0.0
vásquez,1,1,0,2,0.0
threat,1,1,0,2,0.0
impulses,1,1,0,2,0.0
arrested,1,1,0,2,0.0
1877,1,1,0,2,0.0
iiu,1,1,0,2,0.0
dicatorship,1,1,0,2,0.0
textitalic,1,1,0,2,0.0
partitioned,1,1,0,2,0.0
areemas,1,1,0,2,0.0
underdevelopment,1,1,0,2,0.0
1705,1,1,0,2,0.0
distinguished,1,1,0,2,0.0
delete,1,1,0,2,0.0
harold,1,1,0,2,0.0
hispanola,1,1,0,2,0.0
domestic,1,1,0,2,0.0
corsica,1,1,0,2,0.0
habits,1,1,0,2,0.0
statistics,1,1,0,2,0.0
victorious,1,1,0,2,0.0
ovando,1,1,0,2,0.0
choices,1,1,0,2,0.0
programme,1,1,0,2,0.0
priming,1,1,0,2,0.0
persists,1,1,0,2,0.0
creolisation,1,1,0,2,0.0
livingstone,1,1,0,2,0.0
dt,1,1,0,2,0.0
552,1,1,0,2,0.0
spent,1,1,0,2,0.0
semple,1,1,0,2,0.0
ciathumb,1,1,0,2,0.0
kamerun,1,1,0,2,0.0
holiday_name,1,1,0,2,0.0
win,1,1,0,2,0.0
1834,1,1,0,2,0.0
abolitionism,1,1,0,2,0.0
revelations,1,1,0,2,0.0
1959,1,1,0,2,0.0
amassed,1,1,0,2,0.0
sal,1,1,0,2,0.0
principles,1,1,0,2,0.0
postmodern,1,1,0,2,0.0
consequential,1,1,0,2,0.0
stacy,1,1,0,2,0.0
nacimiento,1,1,0,2,0.0
statesis,1,1,0,2,0.0
subjective,1,1,0,2,0.0
obtain,1,1,0,2,0.0
prevailing,1,1,0,2,0.0
romanus,1,1,0,2,0.0
theses,1,1,0,2,0.0
gresham,1,1,0,2,0.0
hegemony,1,1,0,2,0.0
gale,1,1,0,2,0.0
trained,1,1,0,2,0.0
cough,1,1,0,2,0.0
unfederated,1,1,0,2,0.0
temporal,1,1,0,2,0.0
niall,1,1,0,2,0.0
raimondo,1,1,0,2,0.0
institutional,1,1,0,2,0.0
inhumane,1,1,0,2,0.0
limiting,1,1,0,2,0.0
marchand,1,1,0,2,0.0
welcomes,1,1,0,2,0.0
fat,1,1,0,2,0.0
populationuruguay,1,1,0,2,0.0
gandhi,1,1,0,2,0.0
arabic,1,1,0,2,0.0
uganda,1,1,0,2,0.0
dad,1,1,0,2,0.0
midway,1,1,0,2,0.0
powhatan,1,1,0,2,0.0
impacts,1,1,0,2,0.0
constituted,1,1,0,2,0.0
worldmark,1,1,0,2,0.0
kbu,1,1,0,2,0.0
veinte,1,1,0,2,0.0
432,1,1,0,2,0.0
galicia,1,1,0,2,0.0
para,1,1,0,2,0.0
multitudes,1,1,0,2,0.0
sector,1,1,0,2,0.0
seemingly,1,1,0,2,0.0
montenegro,0,1,-1,1,0.0
illustrate,0,1,-1,1,0.0
ma,0,1,-1,1,0.0
park,0,1,-1,1,0.0
contends,0,1,-1,1,0.0
ones,0,1,-1,1,0.0
native,289,289,0,578,0.0
109445,1,1,0,2,0.0
105,1,1,0,2,0.0
35428,1,1,0,2,0.0
screening,1,1,0,2,0.0
canarians,1,1,0,2,0.0
missionaries,1,1,0,2,0.0
phenotypes,1,1,0,2,0.0
1911565,1,1,0,2,0.0
stemmed,1,1,0,2,0.0
stand,1,1,0,2,0.0
coined,1,1,0,2,0.0
independentist,1,1,0,2,0.0
continentsconquistador,1,1,0,2,0.0
armourhello,1,1,0,2,0.0
epidemiology,1,1,0,2,0.0
1680s,1,1,0,2,0.0
perceptions,0,1,-1,1,0.0
nicolás,1,1,0,2,0.0
tadman,1,1,0,2,0.0
1979,1,1,0,2,0.0
decisiveness,1,1,0,2,0.0
burmese,1,1,0,2,0.0
epic,1,1,0,2,0.0
instability,1,1,0,2,0.0
countless,1,1,0,2,0.0
greene,1,1,0,2,0.0
root,1,1,0,2,0.0
thusly,0,1,-1,1,0.0
explaining,0,1,-1,1,0.0
amalfians,0,1,-1,1,0.0
defied,1,1,0,2,0.0
une,0,1,-1,1,0.0
comparing,0,1,-1,1,0.0
hopkinsville,0,1,-1,1,0.0
shen,0,2,-2,2,0.0
conflit,0,1,-1,1,0.0
exogeographical,0,1,-1,1,0.0
minimal,0,1,-1,1,0.0
por,0,1,-1,1,0.0
narrative,0,1,-1,1,0.0
filling,1,1,0,2,0.0
progressed,1,1,0,2,0.0
abundance,1,1,0,2,0.0
favorable,1,1,0,2,0.0
replenished,1,1,0,2,0.0
express,1,1,0,2,0.0
hofstadter,1,1,0,2,0.0
wholesale,1,1,0,2,0.0
1675,1,1,0,2,0.0
endangering,1,1,0,2,0.0
reconquest,1,1,0,2,0.0
tend,1,1,0,2,0.0
ingen,1,1,0,2,0.0
told,1,1,0,2,0.0
differentiates,1,1,0,2,0.0
azerbaijan,1,1,0,2,0.0
adherents,1,1,0,2,0.0
xd,1,1,0,2,0.0
consequence,1,1,0,2,0.0
offers,1,1,0,2,0.0
646,1,1,0,2,0.0
1517,1,1,0,2,0.0
bandidate,1,1,0,2,0.0
assumption,1,1,0,2,0.0
explanation,1,1,0,2,0.0
velychenko,1,1,0,2,0.0
1879,1,1,0,2,0.0
soveireign,1,1,0,2,0.0
resettlement,1,1,0,2,0.0
criminal,1,1,0,2,0.0
apath,1,1,0,2,0.0
serbia,1,1,0,2,0.0
ukrainians,1,1,0,2,0.0
rebelled,1,1,0,2,0.0
buell,1,1,0,2,0.0
timeasia,1,1,0,2,0.0
starkey,1,1,0,2,0.0
makes,1,1,0,2,0.0
modify,1,1,0,2,0.0
model,1,1,0,2,0.0
basic,1,1,0,2,0.0
1890,1,1,0,2,0.0
editing,1,1,0,2,0.0
essence,1,1,0,2,0.0
cameroon,1,1,0,2,0.0
1813,1,1,0,2,0.0
distorted,1,1,0,2,0.0
van,1,1,0,2,0.0
oman,1,1,0,2,0.0
nigers,1,1,0,2,0.0
raymond,1,1,0,2,0.0
79,1,1,0,2,0.0
rose,1,1,0,2,0.0
disambiguation,1,1,0,2,0.0
vickers,1,1,0,2,0.0
abolitionists,1,1,0,2,0.0
comprising,1,1,0,2,0.0
nam,1,1,0,2,0.0
laborer,1,1,0,2,0.0
dutchmen,1,1,0,2,0.0
ciudad,1,1,0,2,0.0
equinoctial,1,1,0,2,0.0
lin,1,1,0,2,0.0
08,1,1,0,2,0.0
populationbahamas,1,1,0,2,0.0
cox,1,1,0,2,0.0
documentos,1,1,0,2,0.0
populationsouth,1,1,0,2,0.0
evident,1,1,0,2,0.0
thenewstribune,1,1,0,2,0.0
region25,1,1,0,2,0.0
princeton,1,1,0,2,0.0
watch,1,1,0,2,0.0
unganda,1,1,0,2,0.0
referendum,1,1,0,2,0.0
omission,1,1,0,2,0.0
76,1,1,0,2,0.0
populationbermuda,1,1,0,2,0.0
straits,1,1,0,2,0.0
explanations,1,1,0,2,0.0
equatorial,1,1,0,2,0.0
doter,1,1,0,2,0.0
approach,1,1,0,2,0.0
carp,1,1,0,2,0.0
populationcanadian,1,1,0,2,0.0
buttt,1,1,0,2,0.0
births,1,1,0,2,0.0
mordovia,1,1,0,2,0.0
numbering,1,1,0,2,0.0
action,1,1,0,2,0.0
augustus,1,1,0,2,0.0
regiments,1,1,0,2,0.0
ref26,1,1,0,2,0.0
skewed,1,1,0,2,0.0
format,1,1,0,2,0.0
sida,1,1,0,2,0.0
pray,1,1,0,2,0.0
puritan,1,1,0,2,0.0
accessible,1,1,0,2,0.0
inequality,1,1,0,2,0.0
ethnologists,1,1,0,2,0.0
surviving,1,1,0,2,0.0
ceremonial,1,1,0,2,0.0
drives,1,1,0,2,0.0
gid,1,1,0,2,0.0
maldives,1,1,0,2,0.0
connected,1,1,0,2,0.0
1918,1,1,0,2,0.0
teams,1,1,0,2,0.0
needing,1,1,0,2,0.0
hid,1,1,0,2,0.0
returns,1,1,0,2,0.0
grover,1,1,0,2,0.0
lows,1,1,0,2,0.0
ghjgjhjghjgj,1,1,0,2,0.0
galiev,1,1,0,2,0.0
frontier,1,1,0,2,0.0
caldoche,1,1,0,2,0.0
mixing,1,1,0,2,0.0
exterminer,1,1,0,2,0.0
housing,1,1,0,2,0.0
deadurl,1,1,0,2,0.0
det,1,1,0,2,0.0
riflemen,1,1,0,2,0.0
phenomenology,1,1,0,2,0.0
domingue,1,1,0,2,0.0
rong,1,1,0,2,0.0
namesake,1,1,0,2,0.0
roads,1,1,0,2,0.0
missions,1,1,0,2,0.0
planet,1,1,0,2,0.0
deep,1,1,0,2,0.0
colección,1,1,0,2,0.0
police,1,1,0,2,0.0
drastically,1,1,0,2,0.0
ct,1,1,0,2,0.0
impersonator,1,1,0,2,0.0
gorée,1,1,0,2,0.0
interacted,1,1,0,2,0.0
ecosystem,1,1,0,2,0.0
domain,1,1,0,2,0.0
μητρόπολις,1,1,0,2,0.0
phoenicians,1,1,0,2,0.0
accordingly,1,1,0,2,0.0
bolton,1,1,0,2,0.0
mauritania,1,1,0,2,0.0
reestablished,1,1,0,2,0.0
praying,1,1,0,2,0.0
darwinism,1,1,0,2,0.0
550,1,1,0,2,0.0
fagundes,1,1,0,2,0.0
hai,1,1,0,2,0.0
tangier,1,1,0,2,0.0
khanate,1,1,0,2,0.0
pleading,1,1,0,2,0.0
nuzzo,1,1,0,2,0.0
confusing,1,1,0,2,0.0
rewards,1,1,0,2,0.0
provisions,1,1,0,2,0.0
fl,1,1,0,2,0.0
ref24,1,1,0,2,0.0
1789,1,1,0,2,0.0
cranial,1,1,0,2,0.0
1980s,1,1,0,2,0.0
20110820071429,1,1,0,2,0.0
1807,1,1,0,2,0.0
kieranology,1,1,0,2,0.0
defects,1,1,0,2,0.0
burgher,1,1,0,2,0.0
mutually,1,1,0,2,0.0
rsfsr,1,1,0,2,0.0
fifth,1,1,0,2,0.0
1587,1,1,0,2,0.0
trend,1,1,0,2,0.0
carnival,1,1,0,2,0.0
hello,1,1,0,2,0.0
unexplored,1,1,0,2,0.0
750,1,1,0,2,0.0
battlefield,1,1,0,2,0.0
xvii,1,1,0,2,0.0
attractive,1,1,0,2,0.0
stuart,1,1,0,2,0.0
exacting,1,1,0,2,0.0
472,1,1,0,2,0.0
cat,1,1,0,2,0.0
discrepancies,1,1,0,2,0.0
vietnamese,1,1,0,2,0.0
tollerated,1,1,0,2,0.0
1884,1,1,0,2,0.0
frame,1,1,0,2,0.0
differentiating,1,1,0,2,0.0
l5pnhmxzxy5ffwmk9nhcrk9x7e5qqvvy,1,1,0,2,0.0
1600s,1,1,0,2,0.0
discussions,1,1,0,2,0.0
slightly,1,1,0,2,0.0
1642,1,1,0,2,0.0
thong,1,1,0,2,0.0
gendered,1,1,0,2,0.0
ascension,1,1,0,2,0.0
speed,1,1,0,2,0.0
wim,1,1,0,2,0.0
josephine,1,1,0,2,0.0
manhattan,1,1,0,2,0.0
encomenderos,1,1,0,2,0.0
mandrills,1,1,0,2,0.0
somalis,1,1,0,2,0.0
manyeuisieeii,1,1,0,2,0.0
mahé,1,1,0,2,0.0
hominoids,1,1,0,2,0.0
landscapes,1,1,0,2,0.0
prosperous,1,1,0,2,0.0
1809,1,1,0,2,0.0
negotiating,1,1,0,2,0.0
chronology,1,1,0,2,0.0
sandwich,1,1,0,2,0.0
reward,1,1,0,2,0.0
belonged,1,1,0,2,0.0
discrete,1,1,0,2,0.0
nus,1,1,0,2,0.0
southward,1,1,0,2,0.0
behrendt,1,1,0,2,0.0
offshoot,1,1,0,2,0.0
genocides,1,1,0,2,0.0
wallis,1,1,0,2,0.0
illness,1,1,0,2,0.0
blogs,1,1,0,2,0.0
schwartz,1,1,0,2,0.0
kyo,1,1,0,2,0.0
portugueseese,1,1,0,2,0.0
sarah,1,1,0,2,0.0
selling,1,1,0,2,0.0
resettled,1,1,0,2,0.0
pontifex,1,1,0,2,0.0
macanese,1,1,0,2,0.0
impede,1,1,0,2,0.0
degree,1,1,0,2,0.0
1845,1,1,0,2,0.0
enriching,1,1,0,2,0.0
recount,1,1,0,2,0.0
quotas,1,1,0,2,0.0
1886,1,1,0,2,0.0
memorial,1,1,0,2,0.0
vulnerable,1,1,0,2,0.0
iberia,1,1,0,2,0.0
edgren,1,1,0,2,0.0
willing,1,1,0,2,0.0
muscat,1,1,0,2,0.0
backwards,1,1,0,2,0.0
htmlencyclopædia,1,1,0,2,0.0
chakravorty,1,1,0,2,0.0
opera,1,1,0,2,0.0
temporary,1,1,0,2,0.0
mughals,1,1,0,2,0.0
familiar,1,1,0,2,0.0
trinidadian,1,1,0,2,0.0
graham,1,1,0,2,0.0
twentieth,1,1,0,2,0.0
patriarchal,1,1,0,2,0.0
chuvashia,1,1,0,2,0.0
reclaiming,1,1,0,2,0.0
credit,1,1,0,2,0.0
1782,1,1,0,2,0.0
orders,1,1,0,2,0.0
stranger,1,1,0,2,0.0
shot,1,1,0,2,0.0
clung,1,1,0,2,0.0
yeager,1,1,0,2,0.0
sartre,1,1,0,2,0.0
vaz,1,1,0,2,0.0
patrons,1,1,0,2,0.0
223,1,1,0,2,0.0
stuarts,1,1,0,2,0.0
cobden,1,1,0,2,0.0
herzegovina,1,1,0,2,0.0
horn,1,1,0,2,0.0
populationthumb,1,1,0,2,0.0
loads,1,1,0,2,0.0
senegalsenegal,1,1,0,2,0.0
monkeys,1,1,0,2,0.0
tonality,1,1,0,2,0.0
mees,1,1,0,2,0.0
141,1,1,0,2,0.0
ifni,1,1,0,2,0.0
missing,1,1,0,2,0.0
chari,1,1,0,2,0.0
eleventh,1,1,0,2,0.0
immigrate,1,1,0,2,0.0
sleeping,1,1,0,2,0.0
print,1,1,0,2,0.0
statcan,1,1,0,2,0.0
korea,1,1,0,2,0.0
censo_2012,1,1,0,2,0.0
swiss,1,1,0,2,0.0
harley,1,1,0,2,0.0
highways,1,1,0,2,0.0
museums,1,1,0,2,0.0
overlapping,1,1,0,2,0.0
grandmaison,1,1,0,2,0.0
nurse,1,1,0,2,0.0
frederick,1,1,0,2,0.0
313,1,1,0,2,0.0
harrasment,1,1,0,2,0.0
alliances,1,1,0,2,0.0
reproductive,1,1,0,2,0.0
ashanti,1,1,0,2,0.0
397,1,1,0,2,0.0
algarves,1,1,0,2,0.0
asks,1,1,0,2,0.0
fray,1,1,0,2,0.0
arrangements,1,1,0,2,0.0
mayotte,1,1,0,2,0.0
oubangui,1,1,0,2,0.0
lindo,1,1,0,2,0.0
quarter,1,1,0,2,0.0
commodities,1,1,0,2,0.0
populationresultado,1,1,0,2,0.0
expatriation,1,1,0,2,0.0
1799,1,1,0,2,0.0
genitalia,1,1,0,2,0.0
memes,1,1,0,2,0.0
risk,1,1,0,2,0.0
hostility,1,1,0,2,0.0
constructing,1,1,0,2,0.0
vasyl,1,1,0,2,0.0
symbolic,1,1,0,2,0.0
príncipe,1,1,0,2,0.0
assembly,1,1,0,2,0.0
1931,1,1,0,2,0.0
contrarily,1,1,0,2,0.0
adjoining,1,1,0,2,0.0
nineteenth,1,1,0,2,0.0
duverger,1,1,0,2,0.0
letter,1,1,0,2,0.0
exiting,1,1,0,2,0.0
saguia,1,1,0,2,0.0
sheep,1,1,0,2,0.0
declareted,1,1,0,2,0.0
botswanabotswana,1,1,0,2,0.0
vilayet,1,1,0,2,0.0
finished,1,1,0,2,0.0
idc,1,1,0,2,0.0
protestants,1,1,0,2,0.0
rulez,1,1,0,2,0.0
effectively,1,1,0,2,0.0
spencer,1,1,0,2,0.0
pulling,1,1,0,2,0.0
waldemar,1,1,0,2,0.0
miscegenation,1,1,0,2,0.0
wilderness,1,1,0,2,0.0
dhekelia,1,1,0,2,0.0
lmao,1,1,0,2,0.0
montgomery,1,1,0,2,0.0
explicit,1,1,0,2,0.0
francis,1,1,0,2,0.0
idea_b_742708,1,1,0,2,0.0
doted,1,1,0,2,0.0
populationpuerto,1,1,0,2,0.0
conrad,1,1,0,2,0.0
romana,1,1,0,2,0.0
anthropological,1,1,0,2,0.0
hamra,1,1,0,2,0.0
volcano,1,1,0,2,0.0
vols,1,1,0,2,0.0
tunisians,1,1,0,2,0.0
1822,1,1,0,2,0.0
timor,1,1,0,2,0.0
barbarian,1,1,0,2,0.0
santervás,1,1,0,2,0.0
tezenlo,1,1,0,2,0.0
militarized,1,1,0,2,0.0
reads,1,1,0,2,0.0
love,1,1,0,2,0.0
wall,1,1,0,2,0.0
demands,1,1,0,2,0.0
countering,1,1,0,2,0.0
1655,1,1,0,2,0.0
surveillance,1,1,0,2,0.0
arthur,1,1,0,2,0.0
papua,1,1,0,2,0.0
1840,1,1,0,2,0.0
rodney,1,1,0,2,0.0
prid,1,1,0,2,0.0
nyasaland,1,1,0,2,0.0
returning,1,1,0,2,0.0
empress,1,1,0,2,0.0
sublimis,1,1,0,2,0.0
pd,1,1,0,2,0.0
gum,1,1,0,2,0.0
northwestern,1,1,0,2,0.0
alleged,1,1,0,2,0.0
viewpoint,1,1,0,2,0.0
nevisthumb,1,1,0,2,0.0
francophone,1,1,0,2,0.0
1804,1,1,0,2,0.0
ageofex,1,1,0,2,0.0
1686,1,1,0,2,0.0
punctuated,1,1,0,2,0.0
britannia,1,1,0,2,0.0
forcefully,1,1,0,2,0.0
doges,1,1,0,2,0.0
handled,1,1,0,2,0.0
exists,1,1,0,2,0.0
233,1,1,0,2,0.0
63,1,1,0,2,0.0
phonecians,1,1,0,2,0.0
guardian,1,1,0,2,0.0
renegades,1,1,0,2,0.0
1472,1,1,0,2,0.0
uzoigwe,1,1,0,2,0.0
raising,1,1,0,2,0.0
lose,1,1,0,2,0.0
adu,1,1,0,2,0.0
interesting,1,1,0,2,0.0
census2017,1,1,0,2,0.0
infantry,1,1,0,2,0.0
1823,1,1,0,2,0.0
gaulle,1,1,0,2,0.0
sunflowers,1,1,0,2,0.0
showall,1,1,0,2,0.0
glory,1,1,0,2,0.0
ports,1,1,0,2,0.0
profitable,1,1,0,2,0.0
iuytfyghfkuytfgjhcvgbgjvfctghvfmjyhcg,1,1,0,2,0.0
grp,1,1,0,2,0.0
internationalism,1,1,0,2,0.0
diu,1,1,0,2,0.0
kwantung,1,1,0,2,0.0
endowments,1,1,0,2,0.0
labuan,1,1,0,2,0.0
expansionism,1,1,0,2,0.0
ur,1,1,0,2,0.0
gt,1,1,0,2,0.0
jacques,1,1,0,2,0.0
basico,1,1,0,2,0.0
salter,1,1,0,2,0.0
neocolonial,1,1,0,2,0.0
noirs,1,1,0,2,0.0
vi,1,1,0,2,0.0
contribution,1,1,0,2,0.0
560,1,1,0,2,0.0
resided,1,1,0,2,0.0
anybody,1,1,0,2,0.0
goats,1,1,0,2,0.0
legitimized,1,1,0,2,0.0
subvert,1,1,0,2,0.0
choquette,1,1,0,2,0.0
resented,1,1,0,2,0.0
karelia,1,1,0,2,0.0
egalitarian,1,1,0,2,0.0
lana,1,1,0,2,0.0
translator,1,1,0,2,0.0
québec,1,1,0,2,0.0
año,1,1,0,2,0.0
putting,1,1,0,2,0.0
consent,1,1,0,2,0.0
cortes,1,1,0,2,0.0
demythologizing,1,1,0,2,0.0
marx,1,1,0,2,0.0
dynamic,1,1,0,2,0.0
driver,1,1,0,2,0.0
modes,1,1,0,2,0.0
sameer,1,1,0,2,0.0
revived,1,1,0,2,0.0
tannu,1,1,0,2,0.0
contended,1,1,0,2,0.0
proportion,1,1,0,2,0.0
objects,1,1,0,2,0.0
counterparts,1,1,0,2,0.0
inevitably,1,1,0,2,0.0
1902,1,1,0,2,0.0
hk,1,1,0,2,0.0
knopf,1,1,0,2,0.0
deemed,1,1,0,2,0.0
label,1,1,0,2,0.0
prohibition,1,1,0,2,0.0
exports,1,1,0,2,0.0
quintessentially,1,1,0,2,0.0
ref25,1,1,0,2,0.0
pop23,1,1,0,2,0.0
repression,1,1,0,2,0.0
firearms,1,1,0,2,0.0
boahen,1,1,0,2,0.0
hoped,1,1,0,2,0.0
invincible,1,1,0,2,0.0
goodling,1,1,0,2,0.0
explores,1,1,0,2,0.0
cult,1,1,0,2,0.0
hgcuthjcguigcgjvhkvhkvhjvjyjgcxfhfu,1,1,0,2,0.0
grown,1,1,0,2,0.0
jata,1,1,0,2,0.0
unskilled,1,1,0,2,0.0
training,1,1,0,2,0.0
interact,1,1,0,2,0.0
bismarck,1,1,0,2,0.0
marinersmuseum,1,1,0,2,0.0
relized,1,1,0,2,0.0
665,1,1,0,2,0.0
fiona,1,1,0,2,0.0
fnational,1,1,0,2,0.0
rendering,1,1,0,2,0.0
critics,1,1,0,2,0.0
schimmer,1,1,0,2,0.0
constructed,1,1,0,2,0.0
equinox,1,1,0,2,0.0
icazbalceta,1,1,0,2,0.0
ajudá,1,1,0,2,0.0
cornell,1,1,0,2,0.0
farrington,1,1,0,2,0.0
bacteria,1,1,0,2,0.0
tolerance,1,1,0,2,0.0
handbooks,1,1,0,2,0.0
shanghai,1,1,0,2,0.0
horaof,1,1,0,2,0.0
longest,1,1,0,2,0.0
steven,1,1,0,2,0.0
metropolis,1,1,0,2,0.0
eccles,1,1,0,2,0.0
magnolias,1,1,0,2,0.0
priests,1,1,0,2,0.0
estland,1,1,0,2,0.0
karachay,1,1,0,2,0.0
caught,1,1,0,2,0.0
grxgxrfhjgjyvjhcghgcccccvvvvvvvvvvvvvvvvvvvvvvvvvvvvvvvvvvvvvvvvvvvvvvvvvvvvvvvvvvvvvvvvvvvvvvfff,1,1,0,2,0.0
soviets,1,1,0,2,0.0
hhhhjjthe,1,1,0,2,0.0
félix,1,1,0,2,0.0
gk,1,1,0,2,0.0
taxing,1,1,0,2,0.0
intelligence,1,1,0,2,0.0
nj,1,1,0,2,0.0
taft,1,1,0,2,0.0
charges,1,1,0,2,0.0
genocide9780230615762https,1,1,0,2,0.0
dowry,1,1,0,2,0.0
purify,1,1,0,2,0.0
coatlicue,1,1,0,2,0.0
bonin,1,1,0,2,0.0
tightly,1,1,0,2,0.0
reprint,1,1,0,2,0.0
potent,1,1,0,2,0.0
effect,1,1,0,2,0.0
legalize,1,1,0,2,0.0
poq,1,1,0,2,0.0
thanak,1,1,0,2,0.0
resigned,1,1,0,2,0.0
amounted,1,1,0,2,0.0
emirate,1,1,0,2,0.0
bargaining,1,1,0,2,0.0
roughly,1,1,0,2,0.0
spur,1,1,0,2,0.0
td,1,1,0,2,0.0
armstrong,1,1,0,2,0.0
brazza,1,1,0,2,0.0
montserrat,1,1,0,2,0.0
widened,1,1,0,2,0.0
hinderaker,1,1,0,2,0.0
hogares,1,1,0,2,0.0
seceding,1,1,0,2,0.0
tlalli,1,1,0,2,0.0
isabella,1,1,0,2,0.0
risks,1,1,0,2,0.0
manaya,1,1,0,2,0.0
computers,1,1,0,2,0.0
residual,1,1,0,2,0.0
financial,1,1,0,2,0.0
outran,1,1,0,2,0.0
banking,1,1,0,2,0.0
gcristoforo,1,1,0,2,0.0
bibliography,1,1,0,2,0.0
formally,1,1,0,2,0.0
enabling,1,1,0,2,0.0
frédéric,1,1,0,2,0.0
1635,1,1,0,2,0.0
difficulty,1,1,0,2,0.0
elphinstone,1,1,0,2,0.0
shipbuilding,1,1,0,2,0.0
cows,1,1,0,2,0.0
rivalry,1,1,0,2,0.0
1600,1,1,0,2,0.0
guineathumb,1,1,0,2,0.0
ejenenduueejeeiijjenenenibbean,1,1,0,2,0.0
channel,1,1,0,2,0.0
jean,1,1,0,2,0.0
shields,1,1,0,2,0.0
rescued,1,1,0,2,0.0
household,1,1,0,2,0.0
1537,1,1,0,2,0.0
20175,1,1,0,2,0.0
populationkyrgyzstan,1,1,0,2,0.0
looked,1,1,0,2,0.0
willems,1,1,0,2,0.0
unlikely,1,1,0,2,0.0
distinctions,1,1,0,2,0.0
singapore,1,1,0,2,0.0
propagandized,1,1,0,2,0.0
trashhhhhhhhhhh,1,1,0,2,0.0
streets,1,1,0,2,0.0
annobón,1,1,0,2,0.0
togoland,1,1,0,2,0.0
wan,1,1,0,2,0.0
naya,1,1,0,2,0.0
ihsan,1,1,0,2,0.0
migrations,1,1,0,2,0.0
liberation,1,1,0,2,0.0
principality,1,1,0,2,0.0
abolition,1,1,0,2,0.0
appearances,1,1,0,2,0.0
1499,1,1,0,2,0.0
phalanx,1,1,0,2,0.0
ukraine,1,1,0,2,0.0
peoplez,1,1,0,2,0.0
equalized,1,1,0,2,0.0
passionately,1,1,0,2,0.0
rhetorical,1,1,0,2,0.0
pingas,1,1,0,2,0.0
gravity,1,1,0,2,0.0
bosma,1,1,0,2,0.0
weak,1,1,0,2,0.0
plummeted,1,1,0,2,0.0
merciless,1,1,0,2,0.0
caballeros,1,1,0,2,0.0
murder,1,1,0,2,0.0
azevedo,1,1,0,2,0.0
send,1,1,0,2,0.0
evangelization,1,1,0,2,0.0
375,1,1,0,2,0.0
oro,1,1,0,2,0.0
retelling,1,1,0,2,0.0
1920,1,1,0,2,0.0
crossed,1,1,0,2,0.0
capitalists,1,1,0,2,0.0
thrives,1,1,0,2,0.0
repartimientos,1,1,0,2,0.0
beneficial,1,1,0,2,0.0
tonkin,1,1,0,2,0.0
efficiency,1,1,0,2,0.0
pace,1,1,0,2,0.0
450,1,1,0,2,0.0
pseudo,1,1,0,2,0.0
1629,1,1,0,2,0.0
edition,1,1,0,2,0.0
balkans,1,1,0,2,0.0
allotted,1,1,0,2,0.0
bandeirantes,1,1,0,2,0.0
komithumb,1,1,0,2,0.0
bookrethinking,1,1,0,2,0.0
fuxufifydihjdtsufkchxufkbkcj,1,1,0,2,0.0
inconsistent,1,1,0,2,0.0
doubts,1,1,0,2,0.0
pintatook,1,1,0,2,0.0
emphasized,1,1,0,2,0.0
volta,1,1,0,2,0.0
madeira,1,1,0,2,0.0
edits,1,1,0,2,0.0
khakassia,1,1,0,2,0.0
pethwick,1,1,0,2,0.0
destinations,1,1,0,2,0.0
drugs,1,1,0,2,0.0
quinientos,1,1,0,2,0.0
cooper,1,1,0,2,0.0
phrenology,1,1,0,2,0.0
quinto,1,1,0,2,0.0
entering,1,1,0,2,0.0
eastward,1,1,0,2,0.0
lagstaff,1,1,0,2,0.0
pop26,1,1,0,2,0.0
burdensome,1,1,0,2,0.0
soviet,1,1,0,2,0.0
relinquish,1,1,0,2,0.0
vizcaya,1,1,0,2,0.0
oceanin,1,1,0,2,0.0
repatriated,1,1,0,2,0.0
antibodies,1,1,0,2,0.0
jerk,1,1,0,2,0.0
akrotiri,1,1,0,2,0.0
armenia,1,1,0,2,0.0
hypothesized,1,1,0,2,0.0
muni,1,1,0,2,0.0
egyptians,1,1,0,2,0.0
399,1,1,0,2,0.0
heinemann,1,1,0,2,0.0
disaster,1,1,0,2,0.0
nstead,1,1,0,2,0.0
cagiano,1,1,0,2,0.0
koreans,1,1,0,2,0.0
plays,1,1,0,2,0.0
southwest,1,1,0,2,0.0
brutes,1,1,0,2,0.0
mutated,1,1,0,2,0.0
lane,1,1,0,2,0.0
suppression,1,1,0,2,0.0
castrated,1,1,0,2,0.0
beautiful,1,1,0,2,0.0
persons,1,1,0,2,0.0
joaquín,1,1,0,2,0.0
vivienda,1,1,0,2,0.0
predominant,1,1,0,2,0.0
cul,1,1,0,2,0.0
quantifiable,1,1,0,2,0.0
petringa,1,1,0,2,0.0
direction,1,1,0,2,0.0
whilst,1,1,0,2,0.0
fdadavbdw32321qttr76frgfgfszdxvhcfjggdfdsxvbv,1,1,0,2,0.0
legislative,1,1,0,2,0.0
columbia,1,1,0,2,0.0
relieving,1,1,0,2,0.0
biologists,1,1,0,2,0.0
misconception,1,1,0,2,0.0
innocent,1,1,0,2,0.0
tricontinental,1,1,0,2,0.0
unquestionably,1,1,0,2,0.0
intensification,1,1,0,2,0.0
bolsters,1,1,0,2,0.0
stuchtey,1,1,0,2,0.0
buryatiathumb,1,1,0,2,0.0
fantasy,1,1,0,2,0.0
canal,1,1,0,2,0.0
equipping,1,1,0,2,0.0
baboons,1,1,0,2,0.0
incapable,1,1,0,2,0.0
varilla,1,1,0,2,0.0
prestige,1,1,0,2,0.0
lewis,1,1,0,2,0.0
extremadura,1,1,0,2,0.0
bastiat,1,1,0,2,0.0
governed,1,1,0,2,0.0
pouring,1,1,0,2,0.0
iz,1,1,0,2,0.0
prebble,1,1,0,2,0.0
complied,1,1,0,2,0.0
christendom,1,1,0,2,0.0
serve,1,1,0,2,0.0
rebecca,1,1,0,2,0.0
wives,1,1,0,2,0.0
taxation,1,1,0,2,0.0
uploads,1,1,0,2,0.0
concessions,1,1,0,2,0.0
theorists,1,1,0,2,0.0
sacrificial,1,1,0,2,0.0
1699,1,1,0,2,0.0
flynn,1,1,0,2,0.0
dem,1,1,0,2,0.0
burden,1,1,0,2,0.0
naga,1,1,0,2,0.0
garcía,1,1,0,2,0.0
1696,1,1,0,2,0.0
1541,1,1,0,2,0.0
cervantes,1,1,0,2,0.0
miller,1,1,0,2,0.0
adapt,1,1,0,2,0.0
image_size,1,1,0,2,0.0
outperforming,1,1,0,2,0.0
capitalizing,1,1,0,2,0.0
notions,1,1,0,2,0.0
nearing,1,1,0,2,0.0
lecour,1,1,0,2,0.0
tétouan,1,1,0,2,0.0
dunm,1,1,0,2,0.0
bessarabia,1,1,0,2,0.0
oppressed,1,1,0,2,0.0
rites,1,1,0,2,0.0
trhis,1,1,0,2,0.0
ryukyufrom,1,1,0,2,0.0
dagestan,1,1,0,2,0.0
dealers,1,1,0,2,0.0
1791,1,1,0,2,0.0
wifes,1,1,0,2,0.0
secretary,1,1,0,2,0.0
notting,1,1,0,2,0.0
payment,1,1,0,2,0.0
pax,1,1,0,2,0.0
postcolonialism,1,1,0,2,0.0
surface,1,1,0,2,0.0
1717,1,1,0,2,0.0
kipling,1,1,0,2,0.0
champlain,1,1,0,2,0.0
janavari,1,1,0,2,0.0
polis,1,1,0,2,0.0
ease,1,1,0,2,0.0
images,1,1,0,2,0.0
fijians,1,1,0,2,0.0
philosophies,1,1,0,2,0.0
spring,1,1,0,2,0.0
1923,1,1,0,2,0.0
tatarstan,1,1,0,2,0.0
essentially,1,1,0,2,0.0
manipulated,1,1,0,2,0.0
imperio,1,1,0,2,0.0
federated,1,1,0,2,0.0
roma,1,1,0,2,0.0
clips,1,1,0,2,0.0
accounted,1,1,0,2,0.0
addressing,1,1,0,2,0.0
hit,1,1,0,2,0.0
1890s,1,1,0,2,0.0
blank,1,1,0,2,0.0
ordenanzas,1,1,0,2,0.0
noviembre,1,1,0,2,0.0
nejd,1,1,0,2,0.0
ko,1,1,0,2,0.0
dynastic,1,1,0,2,0.0
nuestro,1,1,0,2,0.0
keen,1,1,0,2,0.0
lure,1,1,0,2,0.0
bassett,1,1,0,2,0.0
penguin,1,1,0,2,0.0
carefully,1,1,0,2,0.0
navigators,1,1,0,2,0.0
employers,1,1,0,2,0.0
windward,1,1,0,2,0.0
reformation,1,1,0,2,0.0
cholo,1,1,0,2,0.0
perceived,1,1,0,2,0.0
1966,1,1,0,2,0.0
granting,1,1,0,2,0.0
thrived,1,1,0,2,0.0
ciamexico,1,1,0,2,0.0
othered,1,1,0,2,0.0
platt,1,1,0,2,0.0
warfare,1,1,0,2,0.0
girls,1,1,0,2,0.0
marxist,1,1,0,2,0.0
extraordinary,1,1,0,2,0.0
konghk,1,1,0,2,0.0
psychological,1,1,0,2,0.0
bosniak,1,1,0,2,0.0
ine,1,1,0,2,0.0
prospects,1,1,0,2,0.0
aids,1,1,0,2,0.0
resolved,1,1,0,2,0.0
proyectos,1,1,0,2,0.0
companion,1,1,0,2,0.0
māori,1,1,0,2,0.0
neg9eqb,1,1,0,2,0.0
189,1,1,0,2,0.0
curb,1,1,0,2,0.0
coloniser,1,1,0,2,0.0
mes,1,1,0,2,0.0
durbar,1,1,0,2,0.0
poland,1,1,0,2,0.0
vagina,1,1,0,2,0.0
feel,1,1,0,2,0.0
turn,1,1,0,2,0.0
daysometimes,1,1,0,2,0.0
boycotted,1,1,0,2,0.0
livland,1,1,0,2,0.0
relocated,1,1,0,2,0.0
nonvenereal,1,1,0,2,0.0
alcántara,1,1,0,2,0.0
godlewska,1,1,0,2,0.0
index,1,1,0,2,0.0
tonantzin,1,1,0,2,0.0
cova,1,1,0,2,0.0
lhjjjjvdescribes,1,1,0,2,0.0
cemented,1,1,0,2,0.0
driving,1,1,0,2,0.0
interchangeable,1,1,0,2,0.0
miquelon,1,1,0,2,0.0
acquittal,1,1,0,2,0.0
1838,1,1,0,2,0.0
anthropology,1,1,0,2,0.0
yamalia,1,1,0,2,0.0
nederlanders,1,1,0,2,0.0
transport,1,1,0,2,0.0
cincinnatti,1,1,0,2,0.0
wfergerq0ig,1,1,0,2,0.0
karikal,1,1,0,2,0.0
sarawak,1,1,0,2,0.0
rudyard,1,1,0,2,0.0
disadvantageous,1,1,0,2,0.0
ical,1,1,0,2,0.0
belgrade,1,1,0,2,0.0
aided,1,1,0,2,0.0
axel,1,1,0,2,0.0
philosopher,1,1,0,2,0.0
åland,1,1,0,2,0.0
deus,1,1,0,2,0.0
stricter,1,1,0,2,0.0
exterminate,1,1,0,2,0.0
anglicans,1,1,0,2,0.0
bunau,1,1,0,2,0.0
populationperu,1,1,0,2,0.0
population8,1,1,0,2,0.0
touted,1,1,0,2,0.0
1611,1,1,0,2,0.0
hashhindi,1,1,0,2,0.0
île,1,1,0,2,0.0
unavailable,1,1,0,2,0.0
maryland,1,1,0,2,0.0
kieran,1,1,0,2,0.0
cabinda,1,1,0,2,0.0
banned,1,1,0,2,0.0
continually,1,1,0,2,0.0
cabrera,1,1,0,2,0.0
moya,1,1,0,2,0.0
sects,1,1,0,2,0.0
raben,1,1,0,2,0.0
enlightened,1,1,0,2,0.0
undoubtedly,1,1,0,2,0.0
inferring,1,1,0,2,0.0
1888,1,1,0,2,0.0
toothless,1,1,0,2,0.0
privileged,1,1,0,2,0.0
bert,1,1,0,2,0.0
holmes,1,1,0,2,0.0
ewart,1,1,0,2,0.0
generous,1,1,0,2,0.0
diporninjnijninhredzfjzuktfdjrhgwfeqdfnvhgrge4r3dfvew3sdx,1,1,0,2,0.0
axes,1,1,0,2,0.0
materials,1,1,0,2,0.0
reconnaissance,1,1,0,2,0.0
ab,1,1,0,2,0.0
aboard,1,1,0,2,0.0
networks,1,1,0,2,0.0
fully,1,1,0,2,0.0
populationargentina,1,1,0,2,0.0
1819,1,1,0,2,0.0
sociocultural,1,1,0,2,0.0
undiscovered,1,1,0,2,0.0
juby,1,1,0,2,0.0
advocated,1,1,0,2,0.0
exhibitions,1,1,0,2,0.0
tone,1,1,0,2,0.0
1870,1,1,0,2,0.0
flawed,1,1,0,2,0.0
zone,1,1,0,2,0.0
latifundias,1,1,0,2,0.0
sped,1,1,0,2,0.0
push,1,1,0,2,0.0
guanches,1,1,0,2,0.0
1736,1,1,0,2,0.0
bechuanaland,1,1,0,2,0.0
absence,1,1,0,2,0.0
resembled,1,1,0,2,0.0
lb,1,1,0,2,0.0
atrocities,1,1,0,2,0.0
fit,1,1,0,2,0.0
tolerant,1,1,0,2,0.0
370,1,1,0,2,0.0
yemen,1,1,0,2,0.0
malayathumb,1,1,0,2,0.0
dream,1,1,0,2,0.0
league,1,1,0,2,0.0
rolfe,1,1,0,2,0.0
oky,1,1,0,2,0.0
kalmykia,1,1,0,2,0.0
confederate,1,1,0,2,0.0
antigua,1,1,0,2,0.0
directing,1,1,0,2,0.0
pang,1,1,0,2,0.0
hay,1,1,0,2,0.0
1698,1,1,0,2,0.0
asking,1,1,0,2,0.0
feed,1,1,0,2,0.0
niue,1,1,0,2,0.0
bridging,1,1,0,2,0.0
mapping,1,1,0,2,0.0
institut,1,1,0,2,0.0
royale,1,1,0,2,0.0
tan,1,1,0,2,0.0
landmasters,1,1,0,2,0.0
mr,1,1,0,2,0.0
kokaisl,1,1,0,2,0.0
portraying,1,1,0,2,0.0
portraits,1,1,0,2,0.0
getting,1,1,0,2,0.0
farmland,1,1,0,2,0.0
vistas,1,1,0,2,0.0
organisms,1,1,0,2,0.0
922pp,1,1,0,2,0.0
rp,1,1,0,2,0.0
toabgo,1,1,0,2,0.0
fathers,1,1,0,2,0.0
distinguishing,1,1,0,2,0.0
extraction,1,1,0,2,0.0
sverdrup,1,1,0,2,0.0
1836,1,1,0,2,0.0
fernando,1,1,0,2,0.0
cuvier,1,1,0,2,0.0
centralized,1,1,0,2,0.0
lilliana,1,1,0,2,0.0
technologic,1,1,0,2,0.0
days,1,1,0,2,0.0
transition,1,1,0,2,0.0
tonkinese,1,1,0,2,0.0
78,1,1,0,2,0.0
extensions,1,1,0,2,0.0
reconfiguring,1,1,0,2,0.0
exclusively,1,1,0,2,0.0
tomé,1,1,0,2,0.0
sexualizing,1,1,0,2,0.0
shatter,1,1,0,2,0.0
crul,1,1,0,2,0.0
1947,6,6,0,12,0.0
adopt,6,6,0,12,0.0
section,6,6,0,12,0.0
holy,6,6,0,12,0.0
maize,7,7,0,14,0.0
peace,7,7,0,14,0.0
nicaraguan,6,6,0,12,0.0
overseas,6,6,0,12,0.0
indicates,6,6,0,12,0.0
louisville,0,1,-1,1,0.0
propagate,1,1,0,2,0.0
dialect,0,1,-1,1,0.0
andénes,0,1,-1,1,0.0
unexpected,0,2,-2,2,0.0
participate,0,1,-1,1,0.0
eurocentric,0,1,-1,1,0.0
psychology,0,2,-2,2,0.0
bridgeport,0,1,-1,1,0.0
1893,0,2,-2,2,0.0
surely,0,1,-1,1,0.0
kentucky,0,23,-23,23,0.0
adoption,0,1,-1,1,0.0
lorimer,0,1,-1,1,0.0
ages,6,6,0,12,0.0
bridge,6,6,0,12,0.0
andes,6,6,0,12,0.0
middle,6,6,0,12,0.0
accepted,6,6,0,12,0.0
1934,6,6,0,12,0.0
300th,6,6,0,12,0.0
priest,6,6,0,12,0.0
1607,6,6,0,12,0.0
categories,6,6,0,12,0.0
records,6,6,0,12,0.0
sacred,6,6,0,12,0.0
diagnóstico,6,6,0,12,0.0
forest,6,6,0,12,0.0
1520,6,6,0,12,0.0
sociodemográfico,6,6,0,12,0.0
casa,6,6,0,12,0.0
definitively,6,6,0,12,0.0
1636,6,6,0,12,0.0
encounters,6,6,0,12,0.0
partir,6,6,0,12,0.0
oceanic,6,6,0,12,0.0
published,6,6,0,12,0.0
making,7,7,0,14,0.0
gathered,7,7,0,14,0.0
1810,7,7,0,14,0.0
álvares,7,7,0,14,0.0
image,7,7,0,14,0.0
periods,7,7,0,14,0.0
catholics,7,7,0,14,0.0
1971,7,7,0,14,0.0
belief,7,7,0,14,0.0
violent,7,7,0,14,0.0
joseon,0,1,-1,1,0.0
establishing,7,7,0,14,0.0
67,7,7,0,14,0.0
grew,7,7,0,14,0.0
want,7,7,0,14,0.0
maintain,7,7,0,14,0.0
surveys,7,7,0,14,0.0
surrounding,7,7,0,14,0.0
creation,7,7,0,14,0.0
suggests,7,7,0,14,0.0
laredo,0,3,-3,3,0.0
illinois,0,1,-1,1,0.0
1775,7,7,0,14,0.0
harmful,0,2,-2,2,0.0
citations,0,1,-1,1,0.0
plan,7,7,0,14,0.0
sought,7,7,0,14,0.0
instance,7,7,0,14,0.0
numerous,7,7,0,14,0.0
siberian,7,7,0,14,0.0
september,7,7,0,14,0.0
1814,7,7,0,14,0.0
eliminate,7,7,0,14,0.0
hunter,7,7,0,14,0.0
opposed,7,7,0,14,0.0
works,7,7,0,14,0.0
leaders,7,7,0,14,0.0
1922,7,7,0,14,0.0
17th,7,7,0,14,0.0
archeological,7,7,0,14,0.0
beings,7,7,0,14,0.0
granted,7,7,0,14,0.0
brazilians,7,7,0,14,0.0
suriname,7,7,0,14,0.0
real,7,7,0,14,0.0
mainstream,7,7,0,14,0.0
cauca,0,1,-1,1,0.0
havana,0,1,-1,1,0.0
kaffa,0,1,-1,1,0.0
depicting,6,6,0,12,0.0
service,6,6,0,12,0.0
mixtec,6,6,0,12,0.0
superiority,6,6,0,12,0.0
histories,6,6,0,12,0.0
complete,6,6,0,12,0.0
idea,6,6,0,12,0.0
squash,6,6,0,12,0.0
yupik,6,6,0,12,0.0
event,6,6,0,12,0.0
32,6,6,0,12,0.0
glyphs,6,6,0,12,0.0
trial,6,6,0,12,0.0
issue,6,6,0,12,0.0
fight,6,6,0,12,0.0
1933,6,6,0,12,0.0
heroes,6,6,0,12,0.0
davis,6,6,0,12,0.0
ilo,6,6,0,12,0.0
increased,6,6,0,12,0.0
economy,6,6,0,12,0.0
nonetheless,6,6,0,12,0.0
progress,6,6,0,12,0.0
pow,6,6,0,12,0.0
c4c,6,6,0,12,0.0
codex,6,6,0,12,0.0
administrators,6,6,0,12,0.0
deadly,6,6,0,12,0.0
altaians,6,6,0,12,0.0
russia,6,6,0,12,0.0
frankfort,0,1,-1,1,0.0
counter,6,6,0,12,0.0
lighthouse,0,2,-2,2,0.0
olcèse,0,1,-1,1,0.0
arkansas,0,1,-1,1,0.0
connecticut,0,3,-3,3,0.0
20legends,0,1,-1,1,0.0
este,0,1,-1,1,0.0
venerating,0,1,-1,1,0.0
socially,0,1,-1,1,0.0
caribs,0,2,-2,2,0.0
flee,0,1,-1,1,0.0
1968,6,6,0,12,0.0
clapper,0,1,-1,1,0.0
wholly,0,1,-1,1,0.0
taylorsville,0,1,-1,1,0.0
20myths,0,1,-1,1,0.0
suspended,0,1,-1,1,0.0
hartford,0,2,-2,2,0.0
pp1,0,1,-1,1,0.0
publication,0,1,-1,1,0.0
09,0,1,-1,1,0.0
footnotes,0,1,-1,1,0.0
distributions,6,6,0,12,0.0
damaged,0,1,-1,1,0.0
sardinia,0,1,-1,1,0.0
1925,0,1,-1,1,0.0
showed,6,6,0,12,0.0
banks,6,6,0,12,0.0
seven,6,6,0,12,0.0
mutations,6,6,0,12,0.0
hugo,6,6,0,12,0.0
company,6,6,0,12,0.0
domestication,6,6,0,12,0.0
normal,6,6,0,12,0.0
correspondent,0,1,-1,1,0.0
blades,6,6,0,12,0.0
conducted,6,6,0,12,0.0
australia,6,6,0,12,0.0
1907,6,6,0,12,0.0
democracy,6,6,0,12,0.0
1792,6,6,0,12,0.0
shall,6,6,0,12,0.0
protestant,6,6,0,12,0.0
gregorian,0,2,-2,2,0.0
characteristic,6,6,0,12,0.0
sharpsburg,0,1,-1,1,0.0
file,6,6,0,12,0.0
consists,6,6,0,12,0.0
peppers,6,6,0,12,0.0
requested,6,6,0,12,0.0
trans,6,6,0,12,0.0
dominica,6,6,0,12,0.0
democratic,6,6,0,12,0.0
hierarchies,6,6,0,12,0.0
selknam,6,6,0,12,0.0
customarily,6,6,0,12,0.0
conquer,6,6,0,12,0.0
confederation,6,6,0,12,0.0
coral,0,1,-1,1,0.0
transfers,0,1,-1,1,0.0
prolonagted,0,1,-1,1,0.0
palmas,0,2,-2,2,0.0
fatalities,0,1,-1,1,0.0
faster,0,1,-1,1,0.0
cambridge,8,8,0,16,0.0
algeria,8,8,0,16,0.0
isolation,8,8,0,16,0.0
syllabic,8,8,0,16,0.0
kedah,0,1,-1,1,0.0
tehuelche,8,8,0,16,0.0
festa,8,8,0,16,0.0
69,8,8,0,16,0.0
estimate,8,8,0,16,0.0
sponsored,8,8,0,16,0.0
plant,8,8,0,16,0.0
june,8,8,0,16,0.0
enslaved,8,8,0,16,0.0
founding,8,8,0,16,0.0
2nd,8,8,0,16,0.0
constitute,8,8,0,16,0.0
hold,8,8,0,16,0.0
400th,7,7,0,14,0.0
random,0,1,-1,1,0.0
trujillo,0,1,-1,1,0.0
cepal,8,8,0,16,0.0
races,8,8,0,16,0.0
programs,8,8,0,16,0.0
divided,8,8,0,16,0.0
apache,8,8,0,16,0.0
existence,8,8,0,16,0.0
italys,8,8,0,16,0.0
mn,0,1,-1,1,0.0
view,8,8,0,16,0.0
stringed,8,8,0,16,0.0
cut,8,8,0,16,0.0
1730,8,8,0,16,0.0
aviators,0,1,-1,1,0.0
seeks,0,1,-1,1,0.0
marais,0,1,-1,1,0.0
1906,0,1,-1,1,0.0
conjecture,0,1,-1,1,0.0
radioed,0,1,-1,1,0.0
sociology,0,4,-4,4,0.0
current,8,8,0,16,0.0
junction,0,1,-1,1,0.0
virgen,8,8,0,16,0.0
gathering,8,8,0,16,0.0
vaccination,8,8,0,16,0.0
highlands,8,8,0,16,0.0
glacial,8,8,0,16,0.0
nova,8,8,0,16,0.0
diego,8,8,0,16,0.0
ended,8,8,0,16,0.0
afro,8,8,0,16,0.0
rural,8,8,0,16,0.0
xinca,8,8,0,16,0.0
gain,8,8,0,16,0.0
diversidad,8,8,0,16,0.0
begins,0,1,-1,1,0.0
biased,0,1,-1,1,0.0
nickname,0,1,-1,1,0.0
solor,0,1,-1,1,0.0
proleptic,0,1,-1,1,0.0
acre,0,1,-1,1,0.0
fireworks,0,1,-1,1,0.0
maritime,0,1,-1,1,0.0
previous,8,8,0,16,0.0
remain,8,8,0,16,0.0
festivity,8,8,0,16,0.0
ce,8,8,0,16,0.0
japanese,8,8,0,16,0.0
thanksgiving,8,8,0,16,0.0
diverse,8,8,0,16,0.0
ireland,8,8,0,16,0.0
erikson,8,8,0,16,0.0
skeleton,8,8,0,16,0.0
haplogroups,8,8,0,16,0.0
reliant,0,1,-1,1,0.0
giving,8,8,0,16,0.0
guaraní,8,8,0,16,0.0
child,8,8,0,16,0.0
russians,8,8,0,16,0.0
paleolithic,8,8,0,16,0.0
similar,8,8,0,16,0.0
data,8,8,0,16,0.0
residents,8,8,0,16,0.0
zealand,8,8,0,16,0.0
incan,8,8,0,16,0.0
response,8,8,0,16,0.0
2014,8,8,0,16,0.0
transformation,0,1,-1,1,0.0
tuva,0,1,-1,1,0.0
guangxi,0,1,-1,1,0.0
designate,7,7,0,14,0.0
emphasize,7,7,0,14,0.0
multi,7,7,0,14,0.0
chapter,7,7,0,14,0.0
municipalities,7,7,0,14,0.0
macmillan,7,7,0,14,0.0
instrument,7,7,0,14,0.0
distribution,7,7,0,14,0.0
1917,7,7,0,14,0.0
northwest,7,7,0,14,0.0
pope,7,7,0,14,0.0
festivities,7,7,0,14,0.0
varied,7,7,0,14,0.0
ruled,7,7,0,14,0.0
mdislander,0,1,-1,1,0.0
interacting,0,1,-1,1,0.0
binacional,0,1,-1,1,0.0
alpacas,0,1,-1,1,0.0
khalkha,0,1,-1,1,0.0
notable,7,7,0,14,0.0
male,7,7,0,14,0.0
dependencies,7,7,0,14,0.0
altai,7,7,0,14,0.0
illustration,7,7,0,14,0.0
eighty,7,7,0,14,0.0
minorities,7,7,0,14,0.0
thumbnail,7,7,0,14,0.0
nahua,7,7,0,14,0.0
150,7,7,0,14,0.0
poster,7,7,0,14,0.0
knows,0,1,-1,1,0.0
upper,7,7,0,14,0.0
horses,7,7,0,14,0.0
rochester,0,1,-1,1,0.0
translates,0,1,-1,1,0.0
attitudes,0,1,-1,1,0.0
corbin,0,1,-1,1,0.0
tompkins,0,2,-2,2,0.0
créaphis,0,1,-1,1,0.0
damaging,0,1,-1,1,0.0
wright,0,1,-1,1,0.0
mendelsohn,0,1,-1,1,0.0
leading,7,7,0,14,0.0
research,7,7,0,14,0.0
paid,7,7,0,14,0.0
customs,7,7,0,14,0.0
censo,7,7,0,14,0.0
january,7,7,0,14,0.0
derived,7,7,0,14,0.0
achieved,7,7,0,14,0.0
initially,7,7,0,14,0.0
1763,7,7,0,14,0.0
decolonization,7,7,0,14,0.0
atrophies,0,1,-1,1,0.0
amazonia,7,7,0,14,0.0
immigration,7,7,0,14,0.0
authority,7,7,0,14,0.0
survived,7,7,0,14,0.0
rest,7,7,0,14,0.0
question,7,7,0,14,0.0
located,8,8,0,16,0.0
1815,8,8,0,16,0.0
indígenas,8,8,0,16,0.0
provides,7,7,0,14,0.0
tobago,7,7,0,14,0.0
collective,7,7,0,14,0.0
brodhead,0,1,-1,1,0.0
enterprising,0,1,-1,1,0.0
burnside,0,1,-1,1,0.0
removal,0,1,-1,1,0.0
providencia,0,1,-1,1,0.0
imperialist,0,1,-1,1,0.0
idaho,0,1,-1,1,0.0
siam,0,1,-1,1,0.0
sexist,0,2,-2,2,0.0
sold,7,7,0,14,0.0
popular,7,7,0,14,0.0
137,0,24,-24,24,0.0
exact,7,7,0,14,0.0
rate,7,7,0,14,0.0
peopling,7,7,0,14,0.0
despite,7,7,0,14,0.0
horse,7,7,0,14,0.0
communal,7,7,0,14,0.0
female,7,7,0,14,0.0
depicted,7,7,0,14,0.0
widespread,7,7,0,14,0.0
workers,7,7,0,14,0.0
ancestral,7,7,0,14,0.0
genetically,7,7,0,14,0.0
slices,5,5,0,10,0.0
compromise,5,5,0,10,0.0
maintaining,5,5,0,10,0.0
societal,5,5,0,10,0.0
indias,5,5,0,10,0.0
evidenced,5,5,0,10,0.0
adjoins,5,5,0,10,0.0
journalist,5,5,0,10,0.0
conceived,5,5,0,10,0.0
coincidentally,5,5,0,10,0.0
flutes,6,6,0,12,0.0
richness,5,5,0,10,0.0
determinant,5,5,0,10,0.0
periodic,5,5,0,10,0.0
cutting,5,5,0,10,0.0
protect,5,5,0,10,0.0
vincent,5,5,0,10,0.0
generoso,5,5,0,10,0.0
propaganda,5,5,0,10,0.0
marches,5,5,0,10,0.0
creole,5,5,0,10,0.0
sharing,5,5,0,10,0.0
involves,5,5,0,10,0.0
patriotic,5,5,0,10,0.0
massive,5,5,0,10,0.0
lenin,5,5,0,10,0.0
universe,5,5,0,10,0.0
bulletin,5,5,0,10,0.0
candidate,5,5,0,10,0.0
knifing,5,5,0,10,0.0
sierra,5,5,0,10,0.0
conference,5,5,0,10,0.0
moved,5,5,0,10,0.0
commemorates,5,5,0,10,0.0
logbook,5,5,0,10,0.0
enthusiastically,5,5,0,10,0.0
combination,5,5,0,10,0.0
usa,5,5,0,10,0.0
program,5,5,0,10,0.0
varying,5,5,0,10,0.0
twenties,5,5,0,10,0.0
weatherford,5,5,0,10,0.0
juana,5,5,0,10,0.0
litigation,5,5,0,10,0.0
urgency,5,5,0,10,0.0
expected,5,5,0,10,0.0
decrying,5,5,0,10,0.0
curaçao,5,5,0,10,0.0
isthmus,5,5,0,10,0.0
1916,5,5,0,10,0.0
observing,5,5,0,10,0.0
citizen,5,5,0,10,0.0
900,5,5,0,10,0.0
sword,5,5,0,10,0.0
reflects,5,5,0,10,0.0
thirteen,5,5,0,10,0.0
contributing,5,5,0,10,0.0
tuesday,5,5,0,10,0.0
mesoamerican,5,5,0,10,0.0
nicola,5,5,0,10,0.0
georges,1,1,0,2,0.0
butler,1,1,0,2,0.0
rebellions,1,1,0,2,0.0
walk,5,5,0,10,0.0
franco,5,5,0,10,0.0
mobilize,5,5,0,10,0.0
evolution,5,5,0,10,0.0
saying,5,5,0,10,0.0
friday,5,5,0,10,0.0
robin,5,5,0,10,0.0
analyzed,5,5,0,10,0.0
kirkpatrick,5,5,0,10,0.0
insatiable,5,5,0,10,0.0
investors,5,5,0,10,0.0
graffiti,5,5,0,10,0.0
359,5,5,0,10,0.0
patriotism,5,5,0,10,0.0
stylized,5,5,0,10,0.0
associated,5,5,0,10,0.0
canadians,5,5,0,10,0.0
importance,5,5,0,10,0.0
occupation,5,5,0,10,0.0
allowing,5,5,0,10,0.0
tammany,5,5,0,10,0.0
torturing,5,5,0,10,0.0
cruelty,5,5,0,10,0.0
hipólito,5,5,0,10,0.0
gatherers,5,5,0,10,0.0
salem,5,5,0,10,0.0
1928,5,5,0,10,0.0
variations,5,5,0,10,0.0
parties,5,5,0,10,0.0
eyes,5,5,0,10,0.0
intercontinental,5,5,0,10,0.0
strain,5,5,0,10,0.0
anthropologist,5,5,0,10,0.0
direct,5,5,0,10,0.0
whites,5,5,0,10,0.0
93,5,5,0,10,0.0
jesse,5,5,0,10,0.0
attacks,5,5,0,10,0.0
statutory,5,5,0,10,0.0
conservatives,5,5,0,10,0.0
uniform,5,5,0,10,0.0
justice,5,5,0,10,0.0
lilia,5,5,0,10,0.0
survival,5,5,0,10,0.0
34,5,5,0,10,0.0
36,5,5,0,10,0.0
barbas,5,5,0,10,0.0
destrucción,5,5,0,10,0.0
nothings,5,5,0,10,0.0
fine,5,5,0,10,0.0
proclaim,5,5,0,10,0.0
viewers,5,5,0,10,0.0
mobilization,5,5,0,10,0.0
arrest,5,5,0,10,0.0
sprayed,5,5,0,10,0.0
demand,5,5,0,10,0.0
descobrimento,5,5,0,10,0.0
ideals,5,5,0,10,0.0
larco,5,5,0,10,0.0
italiana,5,5,0,10,0.0
maps,5,5,0,10,0.0
mutilation,5,5,0,10,0.0
postponed,5,5,0,10,0.0
latino,5,5,0,10,0.0
sharpness,5,5,0,10,0.0
thursday,5,5,0,10,0.0
1532,5,5,0,10,0.0
vinland,5,5,0,10,0.0
monarca,5,5,0,10,0.0
governors,5,5,0,10,0.0
factors,5,5,0,10,0.0
nunavut,5,5,0,10,0.0
hour,5,5,0,10,0.0
trópicos,5,5,0,10,0.0
destroyed,5,5,0,10,0.0
centerpiece,1,1,0,2,0.0
bold,1,1,0,2,0.0
marine,5,5,0,10,0.0
netherland,5,5,0,10,0.0
faithful,5,5,0,10,0.0
daring,5,5,0,10,0.0
definitive,5,5,0,10,0.0
burgeoning,5,5,0,10,0.0
plantations,5,5,0,10,0.0
lega,5,5,0,10,0.0
monarchy,5,5,0,10,0.0
folklore,5,5,0,10,0.0
allusive,5,5,0,10,0.0
fraternal,5,5,0,10,0.0
schwarcz,5,5,0,10,0.0
medieval,5,5,0,10,0.0
afflicting,5,5,0,10,0.0
1948,5,5,0,10,0.0
christ,5,5,0,10,0.0
monuments,5,5,0,10,0.0
1535,5,5,0,10,0.0
politicians,5,5,0,10,0.0
friendship,5,5,0,10,0.0
cossack,1,1,0,2,0.0
influenced,5,5,0,10,0.0
marchers,5,5,0,10,0.0
corps,5,5,0,10,0.0
grenadines,5,5,0,10,0.0
terrorizing,5,5,0,10,0.0
britannica,5,5,0,10,0.0
separation,5,5,0,10,0.0
nos,5,5,0,10,0.0
civil,5,5,0,10,0.0
wing,5,5,0,10,0.0
strictly,1,1,0,2,0.0
1981,5,5,0,10,0.0
vaccines,1,1,0,2,0.0
prehistoric,1,1,0,2,0.0
huguenots,1,1,0,2,0.0
systematically,1,1,0,2,0.0
precision,1,1,0,2,0.0
obliterating,1,1,0,2,0.0
bacalhaus,1,1,0,2,0.0
wiener,1,1,0,2,0.0
opposing,1,1,0,2,0.0
technological,1,1,0,2,0.0
autochthonous,5,5,0,10,0.0
christians,6,6,0,12,0.0
paulo,6,6,0,12,0.0
imported,6,6,0,12,0.0
traditions,6,6,0,12,0.0
timothy,6,6,0,12,0.0
1960s,6,6,0,12,0.0
republics,6,6,0,12,0.0
19r,0,2,-2,2,0.0
easy,0,1,-1,1,0.0
yakima,0,1,-1,1,0.0
complementary,5,5,0,10,0.0
coloniale,0,1,-1,1,0.0
serfdom,0,1,-1,1,0.0
myanmar,0,1,-1,1,0.0
affectionately,0,1,-1,1,0.0
universal,0,1,-1,1,0.0
seek,0,2,-2,2,0.0
circles,0,1,-1,1,0.0
martínez,0,1,-1,1,0.0
555,0,1,-1,1,0.0
här,1,1,0,2,0.0
lineages,6,6,0,12,0.0
mistress,0,1,-1,1,0.0
things,1,1,0,2,0.0
jack,6,6,0,12,0.0
dean,6,6,0,12,0.0
foster,6,6,0,12,0.0
aimed,6,6,0,12,0.0
subclades,6,6,0,12,0.0
sources,6,6,0,12,0.0
traders,6,6,0,12,0.0
identification,6,6,0,12,0.0
voted,6,6,0,12,0.0
suggest,6,6,0,12,0.0
experienced,6,6,0,12,0.0
richard,6,6,0,12,0.0
arctic,6,6,0,12,0.0
connection,6,6,0,12,0.0
kazakhstan,6,6,0,12,0.0
ptype,1,1,0,2,0.0
cónbo,1,1,0,2,0.0
unknown,6,6,0,12,0.0
seattle,6,6,0,12,0.0
austin,6,6,0,12,0.0
occasions,6,6,0,12,0.0
chief,6,6,0,12,0.0
cultivated,6,6,0,12,0.0
waves,6,6,0,12,0.0
corn,6,6,0,12,0.0
fort,6,6,0,12,0.0
ranging,6,6,0,12,0.0
protracted,6,6,0,12,0.0
visual,6,6,0,12,0.0
bolivian,6,6,0,12,0.0
wow,6,6,0,12,0.0
1954,6,6,0,12,0.0
1552,6,6,0,12,0.0
statues,6,6,0,12,0.0
foundation,6,6,0,12,0.0
maternal,6,6,0,12,0.0
darien,6,6,0,12,0.0
1558,6,6,0,12,0.0
counted,6,6,0,12,0.0
guatemalan,6,6,0,12,0.0
context,6,6,0,12,0.0
renaissance,6,6,0,12,0.0
experimentation,0,1,-1,1,0.0
cannibalistic,0,1,-1,1,0.0
1650,6,6,0,12,0.0
business,6,6,0,12,0.0
differences,6,6,0,12,0.0
evo,6,6,0,12,0.0
test,6,6,0,12,0.0
significantly,6,6,0,12,0.0
relations,6,6,0,12,0.0
lineage,6,6,0,12,0.0
reflect,6,6,0,12,0.0
eltis,6,6,0,12,0.0
guyana,6,6,0,12,0.0
degrees,6,6,0,12,0.0
mitochondrial,6,6,0,12,0.0
72,6,6,0,12,0.0
discussing,6,6,0,12,0.0
entered,6,6,0,12,0.0
practiced,6,6,0,12,0.0
towns,6,6,0,12,0.0
entirely,6,6,0,12,0.0
baghdad,6,6,0,12,0.0
successfully,6,6,0,12,0.0
artists,6,6,0,12,0.0
blooded,6,6,0,12,0.0
character,6,6,0,12,0.0
gómez,5,5,0,10,0.0
purposes,5,5,0,10,0.0
injustices,5,5,0,10,0.0
hispanicity,5,5,0,10,0.0
norman,5,5,0,10,0.0
institution,5,5,0,10,0.0
nineteen,5,5,0,10,0.0
blackfoot,5,5,0,10,0.0
eustatius,5,5,0,10,0.0
favor,5,5,0,10,0.0
considers,1,1,0,2,0.0
adamski,5,5,0,10,0.0
count,5,5,0,10,0.0
encuentro,5,5,0,10,0.0
anthropologists,5,5,0,10,0.0
appointed,5,5,0,10,0.0
paradise,5,5,0,10,0.0
estimates,5,5,0,10,0.0
granada,5,5,0,10,0.0
franklin,5,5,0,10,0.0
highly,5,5,0,10,0.0
strained,5,5,0,10,0.0
personally,5,5,0,10,0.0
horseback,5,5,0,10,0.0
emphasizing,5,5,0,10,0.0
allies,5,5,0,10,0.0
surrounded,5,5,0,10,0.0
imperador,5,5,0,10,0.0
yrigoyen,5,5,0,10,0.0
hussein,5,5,0,10,0.0
preachers,5,5,0,10,0.0
manifestations,1,1,0,2,0.0
settles,1,1,0,2,0.0
toppling,5,5,0,10,0.0
noir,1,1,0,2,0.0
absolute,1,1,0,2,0.0
makers,1,1,0,2,0.0
forgiven,1,1,0,2,0.0
papers,1,1,0,2,0.0
region26,1,1,0,2,0.0
ideological,1,1,0,2,0.0
antarctique,1,1,0,2,0.0
pedestal,5,5,0,10,0.0
nieto,5,5,0,10,0.0
farmers,5,5,0,10,0.0
accumulation,1,1,0,2,0.0
memory,5,5,0,10,0.0
wild,6,6,0,12,0.0
armed,6,6,0,12,0.0
yucatec,6,6,0,12,0.0
subsistence,6,6,0,12,0.0
visited,6,6,0,12,0.0
tools,6,6,0,12,0.0
postal,6,6,0,12,0.0
muisca,6,6,0,12,0.0
castile,6,6,0,12,0.0
ss,5,5,0,10,0.0
métis,6,6,0,12,0.0
departed,1,1,0,2,0.0
continuation,1,1,0,2,0.0
kidnappings,1,1,0,2,0.0
pitcairn,1,1,0,2,0.0
1762,1,1,0,2,0.0
gayatri,1,1,0,2,0.0
informe,1,1,0,2,0.0
indische,1,1,0,2,0.0
burnett,1,1,0,2,0.0
anda,1,1,0,2,0.0
endowment,6,6,0,12,0.0
protests,5,5,0,10,0.0
preventing,5,5,0,10,0.0
atdna,6,6,0,12,0.0
nativists,5,5,0,10,0.0
azurduy,5,5,0,10,0.0
marked,5,5,0,10,0.0
vicente,5,5,0,10,0.0
325,5,5,0,10,0.0
enacted,5,5,0,10,0.0
participatory,5,5,0,10,0.0
fiestas,5,5,0,10,0.0
tyrant,5,5,0,10,0.0
regata,5,5,0,10,0.0
centennial,5,5,0,10,0.0
evolved,5,5,0,10,0.0
compendium,5,5,0,10,0.0
patterns,5,5,0,10,0.0
bond,5,5,0,10,0.0
evangelized,1,1,0,2,0.0
agenda,1,1,0,2,0.0
graphic,5,5,0,10,0.0
agencies,5,5,0,10,0.0
crowd,5,5,0,10,0.0
rapid,5,5,0,10,0.0
powers,21,21,0,42,0.0
nazionale,21,21,0,42,0.0
11,21,21,0,42,0.0
giornata,21,21,0,42,0.0
2001,21,21,0,42,0.0
example,19,19,0,38,0.0
23,19,19,0,38,0.0
according,19,19,0,38,0.0
created,20,20,0,40,0.0
educated,0,1,-1,1,0.0
storm,0,5,-5,5,0.0
orchard,0,1,-1,1,0.0
susceptible,0,1,-1,1,0.0
deluermoz,0,1,-1,1,0.0
flew,0,3,-3,3,0.0
competing,0,1,-1,1,0.0
venice,0,1,-1,1,0.0
faro,0,1,-1,1,0.0
luang,0,1,-1,1,0.0
1214,0,1,-1,1,0.0
tomb,0,1,-1,1,0.0
531,0,1,-1,1,0.0
écrits,0,1,-1,1,0.0
starved,0,1,-1,1,0.0
england,18,18,0,36,0.0
species,19,19,0,38,0.0
initial,19,19,0,38,0.0
aymara,19,19,0,38,0.0
spoken,19,19,0,38,0.0
included,20,20,0,40,0.0
quechua,20,20,0,40,0.0
uncertain,0,2,-2,2,0.0
niña,0,2,-2,2,0.0
nacional,21,21,0,42,0.0
arsenio,0,1,-1,1,0.0
genius,0,1,-1,1,0.0
newsday,0,1,-1,1,0.0
recher,0,1,-1,1,0.0
1503,0,1,-1,1,0.0
demonstrated,0,1,-1,1,0.0
board,0,1,-1,1,0.0
savagery,0,1,-1,1,0.0
funds,0,1,-1,1,0.0
newark,0,1,-1,1,0.0
movements,21,21,0,42,0.0
certainly,0,1,-1,1,0.0
asian,25,25,0,50,0.0
northmen,0,2,-2,2,0.0
ferndale,0,1,-1,1,0.0
ellsworthamerican,0,1,-1,1,0.0
air,0,1,-1,1,0.0
veins,0,1,-1,1,0.0
indios,0,1,-1,1,0.0
1204,0,1,-1,1,0.0
agent,0,1,-1,1,0.0
paracas,0,1,-1,1,0.0
migration,20,20,0,40,0.0
dismemberment,0,1,-1,1,0.0
9th,0,1,-1,1,0.0
tt,0,1,-1,1,0.0
champasak,0,1,-1,1,0.0
safely,0,1,-1,1,0.0
origin,25,25,0,50,0.0
observed,26,26,0,52,0.0
aboriginal,26,26,0,52,0.0
hispaniola,27,27,0,54,0.0
ago,24,24,0,48,0.0
50,25,25,0,50,0.0
massachusettssomerville,0,1,-1,1,0.0
diversity,20,20,0,40,0.0
local,23,23,0,46,0.0
total,23,23,0,46,0.0
mayan,23,23,0,46,0.0
regions,21,21,0,42,0.0
speaking,21,21,0,42,0.0
continents,21,21,0,42,0.0
original,22,22,0,44,0.0
events,22,22,0,44,0.0
los,22,22,0,44,0.0
traditional,25,25,0,50,0.0
overworked,0,1,-1,1,0.0
474,0,1,-1,1,0.0
visibility,0,1,-1,1,0.0
catalina,0,1,-1,1,0.0
belize,23,23,0,46,0.0
monday,23,23,0,46,0.0
english,24,24,0,48,0.0
term,24,24,0,48,0.0
slavery,22,22,0,44,0.0
rica,22,22,0,44,0.0
parts,23,23,0,46,0.0
extends,0,1,-1,1,0.0
1506,0,1,-1,1,0.0
sivin,0,1,-1,1,0.0
admit,0,1,-1,1,0.0
uruguay,16,16,0,32,0.0
occurred,16,16,0,32,0.0
free,16,16,0,32,0.0
heritage,16,16,0,32,0.0
pp,16,16,0,32,0.0
recognized,15,15,0,30,0.0
brazilian,15,15,0,30,0.0
justify,0,1,-1,1,0.0
1998,16,16,0,32,0.0
pipil,16,16,0,32,0.0
2011,16,16,0,32,0.0
nansha,0,1,-1,1,0.0
1829,0,1,-1,1,0.0
stopover,0,1,-1,1,0.0
oklahomahttps,0,1,-1,1,0.0
translator1,0,2,-2,2,0.0
ecuatorian,0,1,-1,1,0.0
gentle,0,1,-1,1,0.0
tibet,0,1,-1,1,0.0
community,15,15,0,30,0.0
treaty,15,15,0,30,0.0
primarily,15,15,0,30,0.0
tribal,15,15,0,30,0.0
mother,15,15,0,30,0.0
1921,15,15,0,30,0.0
feast,15,15,0,30,0.0
caracas,15,15,0,30,0.0
annual,15,15,0,30,0.0
denver,15,15,0,30,0.0
pan,15,15,0,30,0.0
federico,0,3,-3,3,0.0
1778,0,3,-3,3,0.0
hoping,0,1,-1,1,0.0
1826,0,1,-1,1,0.0
regression,0,1,-1,1,0.0
schill,0,1,-1,1,0.0
inviting,0,1,-1,1,0.0
hero,0,1,-1,1,0.0
planed,0,1,-1,1,0.0
affect,0,1,-1,1,0.0
tobagohttp,0,1,-1,1,0.0
brief,0,1,-1,1,0.0
half,16,16,0,32,0.0
breakdown,0,1,-1,1,0.0
livingston,0,1,-1,1,0.0
formulated,0,1,-1,1,0.0
discours,0,1,-1,1,0.0
nominal,0,1,-1,1,0.0
pisco,0,1,-1,1,0.0
opening,0,2,-2,2,0.0
orig,0,1,-1,1,0.0
20indian,0,1,-1,1,0.0
vernon,0,1,-1,1,0.0
viable,0,1,-1,1,0.0
landing,18,18,0,36,0.0
recognition,18,18,0,36,0.0
studies,18,18,0,36,0.0
systems,18,18,0,36,0.0
2006,18,18,0,36,0.0
march,17,17,0,34,0.0
rise,17,17,0,34,0.0
solomon,17,17,0,34,0.0
amerindian,18,18,0,36,0.0
documents,18,18,0,36,0.0
inaugurated,0,1,-1,1,0.0
proceeds,0,1,-1,1,0.0
attention,0,1,-1,1,0.0
maine,0,5,-5,5,0.0
julian,0,1,-1,1,0.0
allegations,0,1,-1,1,0.0
acquires,0,1,-1,1,0.0
false,0,1,-1,1,0.0
starks,0,2,-2,2,0.0
considered,17,17,0,34,0.0
seen,17,17,0,34,0.0
voyage,17,17,0,34,0.0
myth,17,17,0,34,0.0
cristòffa,0,1,-1,1,0.0
terms,16,16,0,32,0.0
ancient,16,16,0,32,0.0
title,16,16,0,32,0.0
identify,16,16,0,32,0.0
agricultural,16,16,0,32,0.0
dakota,16,16,0,32,0.0
beringia,16,16,0,32,0.0
dalmatia,0,2,-2,2,0.0
setting,0,2,-2,2,0.0
springfield,0,1,-1,1,0.0
aviation,0,1,-1,1,0.0
significant,16,16,0,32,0.0
crimes,0,1,-1,1,0.0
measurement,0,1,-1,1,0.0
transfer,0,1,-1,1,0.0
sarandë,0,1,-1,1,0.0
urundi,0,1,-1,1,0.0
bolivia,54,54,0,108,0.0
slaves,46,46,0,92,0.0
colombo,49,49,0,98,0.0
del,50,50,0,100,0.0
instilled,0,1,-1,1,0.0
activists,25,25,0,50,0.0
galápagos,0,1,-1,1,0.0
latin,77,77,0,154,0.0
pilots,0,1,-1,1,0.0
claire,0,2,-2,2,0.0
214,0,1,-1,1,0.0
guabito,0,1,-1,1,0.0
rhinebeck,0,1,-1,1,0.0
nao,0,1,-1,1,0.0
gaston,0,1,-1,1,0.0
endemic,0,1,-1,1,0.0
20and,0,1,-1,1,0.0
thanksgivingin,0,1,-1,1,0.0
peru,45,45,0,90,0.0
nina,0,3,-3,3,0.0
obscure,0,1,-1,1,0.0
motivations,0,2,-2,2,0.0
perpetrators,0,1,-1,1,0.0
aspen,0,1,-1,1,0.0
voters,0,1,-1,1,0.0
hillsborough,0,1,-1,1,0.0
morality,0,1,-1,1,0.0
quote,0,1,-1,1,0.0
pullman,0,2,-2,2,0.0
weight,0,1,-1,1,0.0
gangrene,0,1,-1,1,0.0
routledge,0,1,-1,1,0.0
stands,0,1,-1,1,0.0
portrait,0,1,-1,1,0.0
onepage,0,1,-1,1,0.0
indicating,0,1,-1,1,0.0
initiate,0,1,-1,1,0.0
larnaudie,0,1,-1,1,0.0
dehumanize,0,1,-1,1,0.0
iii,0,1,-1,1,0.0
moroccan,0,1,-1,1,0.0
languages,92,92,0,184,0.0
día,96,96,0,192,0.0
emigrate,0,1,-1,1,0.0
06,0,1,-1,1,0.0
last1,0,1,-1,1,0.0
justifications,0,1,-1,1,0.0
isles,0,1,-1,1,0.0
pinta,0,4,-4,4,0.0
internally,0,1,-1,1,0.0
captive,0,1,-1,1,0.0
judged,0,1,-1,1,0.0
romanian,0,2,-2,2,0.0
phoenecians,0,1,-1,1,0.0
goldsmithing,0,1,-1,1,0.0
suffer,0,1,-1,1,0.0
techo,0,1,-1,1,0.0
colonialists,0,1,-1,1,0.0
christopher_columbushttps,232,232,0,464,0.0
wiki,233,233,0,466,0.0
wikipedia,236,236,0,472,0.0
en,240,240,0,480,0.0
pittsfield,0,1,-1,1,0.0
smaranda,0,1,-1,1,0.0
link1,0,1,-1,1,0.0
correspondant,0,1,-1,1,0.0
lawton,0,1,-1,1,0.0
1688,0,1,-1,1,0.0
tolerated,0,1,-1,1,0.0
polestar,0,1,-1,1,0.0
bravery,0,1,-1,1,0.0
linda,0,1,-1,1,0.0
suicide,0,1,-1,1,0.0
representations,0,1,-1,1,0.0
12,89,89,0,178,0.0
crab,0,1,-1,1,0.0
sticks,0,1,-1,1,0.0
oppressors,0,1,-1,1,0.0
sicily,0,1,-1,1,0.0
480,0,1,-1,1,0.0
raza,65,65,0,130,0.0
moral,0,1,-1,1,0.0
oak,0,1,-1,1,0.0
landmass,0,1,-1,1,0.0
indegenous,0,1,-1,1,0.0
million,80,80,0,160,0.0
1955,0,1,-1,1,0.0
territories,27,27,0,54,0.0
holidays,27,27,0,54,0.0
following,27,27,0,54,0.0
newsok,0,1,-1,1,0.0
awaken,0,1,-1,1,0.0
kansas,0,1,-1,1,0.0
sandstorm,0,1,-1,1,0.0
unaware,0,1,-1,1,0.0
noting,0,1,-1,1,0.0
challenge,0,1,-1,1,0.0
cristoforo,45,45,0,90,0.0
985,0,1,-1,1,0.0
gouldsboro,0,1,-1,1,0.0
dayon,0,1,-1,1,0.0
lisbon,0,1,-1,1,0.0
needles,0,1,-1,1,0.0
sick,0,1,-1,1,0.0
wouldn,0,1,-1,1,0.0
palau,0,1,-1,1,0.0
tribes,32,32,0,64,0.0
13,33,33,0,66,0.0
di,34,34,0,68,0.0
cómbo,0,1,-1,1,0.0
irrigation,0,1,-1,1,0.0
cw,0,2,-2,2,0.0
poet,0,1,-1,1,0.0
venerated,0,1,-1,1,0.0
ruanda,0,1,-1,1,0.0
born,0,1,-1,1,0.0
colomboor,0,1,-1,1,0.0
meridian,0,1,-1,1,0.0
eureka,0,1,-1,1,0.0
fourth,0,1,-1,1,0.0
1992,27,27,0,54,0.0
falls,0,1,-1,1,0.0
reign,0,1,-1,1,0.0
evaluates,0,1,-1,1,0.0
strongest,0,1,-1,1,0.0
southern,28,28,0,56,0.0
live,28,28,0,56,0.0
ecuador,29,29,0,58,0.0
greenland,29,29,0,58,0.0
power,30,30,0,60,0.0
maya,27,27,0,54,0.0
settlers,27,27,0,54,0.0
refute,0,1,-1,1,0.0
argentina,39,39,0,78,0.0
costa,34,34,0,68,0.0
modern,34,34,0,68,0.0
dna,34,34,0,68,0.0
law,35,35,0,70,0.0
resistance,35,35,0,70,0.0
largest,35,35,0,70,0.0
religious,35,35,0,70,0.0
réveiller,0,1,-1,1,0.0
mt,0,1,-1,1,0.0
statue,30,30,0,60,0.0
blend,0,1,-1,1,0.0
essay,0,1,-1,1,0.0
california,40,40,0,80,0.0
make,40,40,0,80,0.0
hispanic,41,41,0,82,0.0
common,41,41,0,82,0.0
like,41,41,0,82,0.0
2004,36,36,0,72,0.0
hispanidad,36,36,0,72,0.0
writing,36,36,0,72,0.0
anniversary,44,44,0,88,0.0
gzcaaaaaqbaj,0,1,-1,1,0.0
rights,30,30,0,60,0.0
census,31,31,0,62,0.0
society,31,31,0,62,0.0
late,31,31,0,62,0.0
genetic,31,31,0,62,0.0
inuit,32,32,0,64,0.0
rené,0,1,-1,1,0.0
sets,0,1,-1,1,0.0
debated,0,1,-1,1,0.0
olson,0,1,-1,1,0.0
hunger,0,1,-1,1,0.0
different,37,37,0,74,0.0
llamas,0,1,-1,1,0.0
byzantine,0,2,-2,2,0.0
casta,0,1,-1,1,0.0
mathieu,0,1,-1,1,0.0
colón,0,1,-1,1,0.0
learned,0,1,-1,1,0.0
aware,0,1,-1,1,0.0
mediaeval,0,1,-1,1,0.0
lagos,0,1,-1,1,0.0
women,32,32,0,64,0.0
called,37,37,0,74,0.0
didn,0,1,-1,1,0.0
islamic,0,1,-1,1,0.0
writer,0,1,-1,1,0.0
okmulgee,0,1,-1,1,0.0
flores,0,1,-1,1,0.0
escuadrilla,0,1,-1,1,0.0
espiritu,0,1,-1,1,0.0
odyssey,0,2,-2,2,0.0
misiones,0,2,-2,2,0.0
landmarks,0,1,-1,1,0.0
flying,0,1,-1,1,0.0
includes,15,15,0,30,0.0
1957,10,10,0,20,0.0
living,10,10,0,20,0.0
yorktown,10,10,0,20,0.0
venezuelan,10,10,0,20,0.0
ku,10,10,0,20,0.0
descent,10,10,0,20,0.0
proclaimed,10,10,0,20,0.0
ice,10,10,0,20,0.0
bce,10,10,0,20,0.0
1996,10,10,0,20,0.0
ba,10,10,0,20,0.0
pour,0,1,-1,1,0.0
amazon,9,9,0,18,0.0
refers,9,9,0,18,0.0
employer,9,9,0,18,0.0
hunting,9,9,0,18,0.0
specific,9,9,0,18,0.0
wars,10,10,0,20,0.0
places,10,10,0,20,0.0
saddam,10,10,0,20,0.0
greek,10,10,0,20,0.0
1987,10,10,0,20,0.0
pg,0,1,-1,1,0.0
border,10,10,0,20,0.0
klux,10,10,0,20,0.0
1997,10,10,0,20,0.0
ancestors,9,9,0,18,0.0
focuses,9,9,0,18,0.0
market,9,9,0,18,0.0
loss,9,9,0,18,0.0
ravaged,9,9,0,18,0.0
committed,0,1,-1,1,0.0
withdraws,0,1,-1,1,0.0
curtiss,0,1,-1,1,0.0
summer,10,10,0,20,0.0
aux,10,10,0,20,0.0
claims,10,10,0,20,0.0
conflict,10,10,0,20,0.0
forum,10,10,0,20,0.0
sense,10,10,0,20,0.0
observation,11,11,0,22,0.0
staying,0,1,-1,1,0.0
libye,0,1,-1,1,0.0
member,0,1,-1,1,0.0
tyranny,0,1,-1,1,0.0
honduras,10,10,0,20,0.0
photographs,0,1,-1,1,0.0
southampton,0,1,-1,1,0.0
kuo,0,1,-1,1,0.0
vientiane,0,1,-1,1,0.0
distance,0,1,-1,1,0.0
scribner,0,1,-1,1,0.0
exploring,0,1,-1,1,0.0
quentin,0,1,-1,1,0.0
dead,0,1,-1,1,0.0
backed,0,1,-1,1,0.0
resistencia,11,11,0,22,0.0
washingtonhttps,0,1,-1,1,0.0
2013,10,10,0,20,0.0
26,10,10,0,20,0.0
field,0,1,-1,1,0.0
paleo,10,10,0,20,0.0
produced,10,10,0,20,0.0
instruments,10,10,0,20,0.0
anse,10,10,0,20,0.0
text,10,10,0,20,0.0
codices,10,10,0,20,0.0
236,10,10,0,20,0.0
just,10,10,0,20,0.0
600,10,10,0,20,0.0
know,10,10,0,20,0.0
96,10,10,0,20,0.0
existing,10,10,0,20,0.0
1961,0,1,-1,1,0.0
mainly,10,10,0,20,0.0
come,10,10,0,20,0.0
members,10,10,0,20,0.0
iowa,10,10,0,20,0.0
toppled,10,10,0,20,0.0
porn,10,10,0,20,0.0
criticism,10,10,0,20,0.0
territorial,9,9,0,18,0.0
crops,9,9,0,18,0.0
famous,8,8,0,16,0.0
characterized,8,8,0,16,0.0
lives,8,8,0,16,0.0
sint,8,8,0,16,0.0
remembrance,8,8,0,16,0.0
describes,8,8,0,16,0.0
pride,0,1,-1,1,0.0
aircraft,0,2,-2,2,0.0
variety,9,9,0,18,0.0
reject,0,1,-1,1,0.0
whereabouts,0,1,-1,1,0.0
maría,0,2,-2,2,0.0
triangle,0,1,-1,1,0.0
borrowed,0,1,-1,1,0.0
perryville,0,1,-1,1,0.0
sons,0,1,-1,1,0.0
rename,0,1,-1,1,0.0
beds,0,1,-1,1,0.0
octaves,0,1,-1,1,0.0
1967,0,1,-1,1,0.0
prabang,0,1,-1,1,0.0
oxygen,0,1,-1,1,0.0
turc,0,1,-1,1,0.0
xenophobic,0,3,-3,3,0.0
1828,0,1,-1,1,0.0
executed,0,1,-1,1,0.0
sex,8,8,0,16,0.0
external,8,8,0,16,0.0
revolutionary,8,8,0,16,0.0
unique,8,8,0,16,0.0
respeto,8,8,0,16,0.0
monterey,8,8,0,16,0.0
solidarity,8,8,0,16,0.0
stock,8,8,0,16,0.0
lenca,8,8,0,16,0.0
olmec,8,8,0,16,0.0
américas,8,8,0,16,0.0
provide,8,8,0,16,0.0
são,8,8,0,16,0.0
relatively,8,8,0,16,0.0
commission,8,8,0,16,0.0
leif,8,8,0,16,0.0
determination,8,8,0,16,0.0
clovis,8,8,0,16,0.0
controversial,9,9,0,18,0.0
speakers,9,9,0,18,0.0
berkeley,9,9,0,18,0.0
arawak,9,9,0,18,0.0
xisha,0,1,-1,1,0.0
read,0,1,-1,1,0.0
chérau,0,1,-1,1,0.0
infection,0,1,-1,1,0.0
145120,0,1,-1,1,0.0
bc,0,2,-2,2,0.0
jersey,0,1,-1,1,0.0
colonistics,0,3,-3,3,0.0
lors,0,1,-1,1,0.0
hablo,0,1,-1,1,0.0
stinson,0,1,-1,1,0.0
airport,0,2,-2,2,0.0
photographies,0,1,-1,1,0.0
percentage,9,9,0,18,0.0
identity,9,9,0,18,0.0
mix,9,9,0,18,0.0
regime,10,10,0,20,0.0
identified,10,10,0,20,0.0
ligurian,0,2,-2,2,0.0
passes,0,1,-1,1,0.0
argue,9,9,0,18,0.0
gene,9,9,0,18,0.0
citizenship,9,9,0,18,0.0
generation,9,9,0,18,0.0
uncontacted,9,9,0,18,0.0
basin,9,9,0,18,0.0
culturally,9,9,0,18,0.0
350,9,9,0,18,0.0
commonly,9,9,0,18,0.0
expanded,9,9,0,18,0.0
cases,9,9,0,18,0.0
education,9,9,0,18,0.0
working,9,9,0,18,0.0
fulton,0,1,-1,1,0.0
spectrum,0,1,-1,1,0.0
1446,0,1,-1,1,0.0
autonomy,9,9,0,18,0.0
ca,9,9,0,18,0.0
capitalism,9,9,0,18,0.0
migrants,9,9,0,18,0.0
paraguay,9,9,0,18,0.0
mestizo,9,9,0,18,0.0
source,9,9,0,18,0.0
dated,13,13,0,26,0.0
targets,0,1,-1,1,0.0
383,0,1,-1,1,0.0
immoral,0,1,-1,1,0.0
eau,0,2,-2,2,0.0
content,0,1,-1,1,0.0
declared,13,13,0,26,0.0
near,13,13,0,26,0.0
information,13,13,0,26,0.0
respect,13,13,0,26,0.0
angeles,11,11,0,22,0.0
constitution,13,13,0,26,0.0
held,13,13,0,26,0.0
boundaries,13,13,0,26,0.0
complex,13,13,0,26,0.0
congress,13,13,0,26,0.0
proclamation,14,14,0,28,0.0
ranfurly,0,1,-1,1,0.0
restrategized,0,1,-1,1,0.0
first1,0,1,-1,1,0.0
lucrative,0,1,-1,1,0.0
crashing,0,1,-1,1,0.0
bahamas,13,13,0,26,0.0
newson,0,1,-1,1,0.0
remote,0,1,-1,1,0.0
eurasia,0,1,-1,1,0.0
frameworks,0,1,-1,1,0.0
announcing,0,1,-1,1,0.0
prestonsburg,0,1,-1,1,0.0
lancaster,0,1,-1,1,0.0
somerset,0,1,-1,1,0.0
escape,0,1,-1,1,0.0
relies,0,1,-1,1,0.0
racial,13,13,0,26,0.0
online,12,12,0,24,0.0
pilar,13,13,0,26,0.0
james,13,13,0,26,0.0
volume,13,13,0,26,0.0
forced,13,13,0,26,0.0
politically,12,12,0,24,0.0
extinct,12,12,0,24,0.0
quito,12,12,0,24,0.0
percent,12,12,0,24,0.0
elected,12,12,0,24,0.0
rican,12,12,0,24,0.0
beans,12,12,0,24,0.0
1949,0,1,-1,1,0.0
pun,0,1,-1,1,0.0
geology,0,1,-1,1,0.0
excellent,0,1,-1,1,0.0
sr,0,1,-1,1,0.0
added,0,1,-1,1,0.0
needham,0,1,-1,1,0.0
guanahani,0,1,-1,1,0.0
nathan,0,1,-1,1,0.0
colon,0,3,-3,3,0.0
brú,0,3,-3,3,0.0
said,15,15,0,30,0.0
20,15,15,0,30,0.0
killing,15,15,0,30,0.0
indentured,15,15,0,30,0.0
nevada,15,15,0,30,0.0
site,15,15,0,30,0.0
mapuche,14,14,0,28,0.0
21,14,14,0,28,0.0
parade,14,14,0,28,0.0
ripe,0,1,-1,1,0.0
societies,15,15,0,30,0.0
everett,0,1,-1,1,0.0
vessels,0,1,-1,1,0.0
extreme,0,1,-1,1,0.0
fargo,0,1,-1,1,0.0
modeled,0,1,-1,1,0.0
astronomical,0,1,-1,1,0.0
woodstock,0,1,-1,1,0.0
harrodsburg,0,1,-1,1,0.0
maunier,0,1,-1,1,0.0
zapotec,14,14,0,28,0.0
enslavement,14,14,0,28,0.0
promotion,0,1,-1,1,0.0
incas,14,14,0,28,0.0
mestizos,14,14,0,28,0.0
70,13,13,0,26,0.0
siberia,13,13,0,26,0.0
originally,13,13,0,26,0.0
pacific,13,13,0,26,0.0
relationship,13,13,0,26,0.0
department,14,14,0,28,0.0
pursued,0,1,-1,1,0.0
colonialisme,0,1,-1,1,0.0
modernization,0,2,-2,2,0.0
primary,14,14,0,28,0.0
1582,0,1,-1,1,0.0
truth,0,1,-1,1,0.0
makea,0,1,-1,1,0.0
counterproductive,0,1,-1,1,0.0
fairbankshttps,0,1,-1,1,0.0
liberationnews,0,1,-1,1,0.0
create,0,1,-1,1,0.0
wausau,0,1,-1,1,0.0
julius,0,1,-1,1,0.0
centralmaine,0,1,-1,1,0.0
springs,0,2,-2,2,0.0
dayof,0,1,-1,1,0.0
representatives,11,11,0,22,0.0
single,11,11,0,22,0.0
reached,11,11,0,22,0.0
status,11,11,0,22,0.0
actual,11,11,0,22,0.0
1892,11,11,0,22,0.0
write,11,11,0,22,0.0
practice,11,11,0,22,0.0
discoverers,11,11,0,22,0.0
ongoing,11,11,0,22,0.0
berea,0,1,-1,1,0.0
coastal,10,10,0,20,0.0
links,10,10,0,20,0.0
bry,10,10,0,20,0.0
meadows,10,10,0,20,0.0
resources,10,10,0,20,0.0
monument,10,10,0,20,0.0
navy,10,10,0,20,0.0
klan,10,10,0,20,0.0
passed,10,10,0,20,0.0
crusade,0,1,-1,1,0.0
5609818,0,1,-1,1,0.0
planes,0,1,-1,1,0.0
belong,11,11,0,22,0.0
fleet,11,11,0,22,0.0
amerindians,11,11,0,22,0.0
80,11,11,0,22,0.0
historians,11,11,0,22,0.0
earliest,11,11,0,22,0.0
archaeological,11,11,0,22,0.0
500th,11,11,0,22,0.0
quotes,11,11,0,22,0.0
wanted,11,11,0,22,0.0
writings,0,1,-1,1,0.0
looptt,0,1,-1,1,0.0
venetians,0,1,-1,1,0.0
positive,0,1,-1,1,0.0
locally,0,1,-1,1,0.0
sell,0,1,-1,1,0.0
conclusion,0,1,-1,1,0.0
buy,0,1,-1,1,0.0
9781136245220,0,1,-1,1,0.0
1885,12,12,0,24,0.0
convention,12,12,0,24,0.0
parades,11,11,0,22,0.0
final,12,12,0,24,0.0
services,12,12,0,24,0.0
38,12,12,0,24,0.0
emperor,12,12,0,24,0.0
music,12,12,0,24,0.0
ethnicity,12,12,0,24,0.0
indígena,12,12,0,24,0.0
immigrants,12,12,0,24,0.0
planting,0,1,-1,1,0.0
pursuit,0,1,-1,1,0.0
transnistria,0,1,-1,1,0.0
thousand,12,12,0,24,0.0
rituals,11,11,0,22,0.0
40,11,11,0,22,0.0
balleny,0,1,-1,1,0.0
expeditions,0,2,-2,2,0.0
1213,0,1,-1,1,0.0
friar,0,1,-1,1,0.0
religion,11,11,0,22,0.0
cabral,11,11,0,22,0.0
millions,12,12,0,24,0.0
90,12,12,0,24,0.0
bureau,12,12,0,24,0.0
369,0,1,-1,1,0.0
morales,12,12,0,24,0.0
al,12,12,0,24,0.0
knights,11,11,0,22,0.0
organized,11,11,0,22,0.0
mixed,12,12,0,24,0.0
speak,12,12,0,24,0.0
certain,12,12,0,24,0.0
migrated,12,12,0,24,0.0
desires,0,1,-1,1,0.0
straight,0,1,-1,1,0.0
1984,0,1,-1,1,0.0
1913,12,12,0,24,0.0
1536,1,1,0,2,0.0
1848,1,1,0,2,0.0
keeling,1,1,0,2,0.0
1555,1,1,0,2,0.0
swept,1,1,0,2,0.0
boodie,1,1,0,2,0.0
ready,1,1,0,2,0.0
brisk,1,1,0,2,0.0
1534,1,1,0,2,0.0
leeward,1,1,0,2,0.0
peasants,5,5,0,10,0.0
overall,3,3,0,6,0.0
drastic,3,3,0,6,0.0
reshaping,3,3,0,6,0.0
teacher,3,3,0,6,0.0
pop9,3,3,0,6,0.0
scientifically,3,3,0,6,0.0
immense,3,3,0,6,0.0
1860,3,3,0,6,0.0
differently,3,3,0,6,0.0
erupted,3,3,0,6,0.0
des,3,3,0,6,0.0
versus,1,1,0,2,0.0
enabled,3,3,0,6,0.0
51,3,3,0,6,0.0
senegal,3,3,0,6,0.0
quechuan,3,3,0,6,0.0
pop3,3,3,0,6,0.0
1960,3,3,0,6,0.0
translated,3,3,0,6,0.0
farm,3,3,0,6,0.0
riches,3,3,0,6,0.0
goa,3,3,0,6,0.0
madagascar,1,1,0,2,0.0
researchers,3,3,0,6,0.0
sizable,3,3,0,6,0.0
totaled,3,3,0,6,0.0
1616,3,3,0,6,0.0
1589,3,3,0,6,0.0
contexts,3,3,0,6,0.0
1945,3,3,0,6,0.0
02,3,3,0,6,0.0
inherent,3,3,0,6,0.0
implies,3,3,0,6,0.0
develop,3,3,0,6,0.0
encyclopædia,3,3,0,6,0.0
ability,3,3,0,6,0.0
p16,3,3,0,6,0.0
impose,3,3,0,6,0.0
ainu,3,3,0,6,0.0
choc,3,3,0,6,0.0
overwhelming,3,3,0,6,0.0
apparent,3,3,0,6,0.0
qamutik,3,3,0,6,0.0
pop8,3,3,0,6,0.0
administration,3,3,0,6,0.0
extend,3,3,0,6,0.0
peter,3,3,0,6,0.0
reside,3,3,0,6,0.0
tajikistan,3,3,0,6,0.0
robinson,3,3,0,6,0.0
region6,3,3,0,6,0.0
lockhart,3,3,0,6,0.0
debate,3,3,0,6,0.0
testament,3,3,0,6,0.0
supposed,3,3,0,6,0.0
australians,3,3,0,6,0.0
investigations,3,3,0,6,0.0
holes,3,3,0,6,0.0
coincided,3,3,0,6,0.0
audience,3,3,0,6,0.0
climates,3,3,0,6,0.0
available,3,3,0,6,0.0
poverty,3,3,0,6,0.0
conversely,3,3,0,6,0.0
dominant,3,3,0,6,0.0
inferiority,3,3,0,6,0.0
jstor,3,3,0,6,0.0
silver,3,3,0,6,0.0
quebec,3,3,0,6,0.0
journeys,3,3,0,6,0.0
preoccupied,3,3,0,6,0.0
pop2,3,3,0,6,0.0
bonaire,3,3,0,6,0.0
bering,3,3,0,6,0.0
abuses,3,3,0,6,0.0
voided,3,3,0,6,0.0
forms,3,3,0,6,0.0
distant,3,3,0,6,0.0
corte,3,3,0,6,0.0
subspecies,3,3,0,6,0.0
comes,3,3,0,6,0.0
quitu,2,2,0,4,0.0
enforce,2,2,0,4,0.0
collier,2,2,0,4,0.0
collapse,2,2,0,4,0.0
determine,2,2,0,4,0.0
cocoa,2,2,0,4,0.0
xiu,2,2,0,4,0.0
chorote,2,2,0,4,0.0
yenisei,2,2,0,4,0.0
kristang,1,1,0,2,0.0
father,3,3,0,6,0.0
unpaid,1,1,0,2,0.0
sikh,2,2,0,4,0.0
parinacota,2,2,0,4,0.0
01,2,2,0,4,0.0
concentration,2,2,0,4,0.0
pollan,2,2,0,4,0.0
diplomats,2,2,0,4,0.0
batla,2,2,0,4,0.0
campesinos,2,2,0,4,0.0
kumeyaay,2,2,0,4,0.0
success,3,3,0,6,0.0
brotherthumb,1,1,0,2,0.0
pop22,2,2,0,4,0.0
gradually,2,2,0,4,0.0
chimu,2,2,0,4,0.0
mozambique,2,2,0,4,0.0
1817,2,2,0,4,0.0
return,2,2,0,4,0.0
michoacán,2,2,0,4,0.0
coca,2,2,0,4,0.0
carbon,2,2,0,4,0.0
englishmen,2,2,0,4,0.0
mutation,2,2,0,4,0.0
posit,2,2,0,4,0.0
drought,2,2,0,4,0.0
stephen,2,2,0,4,0.0
zucchini,2,2,0,4,0.0
revolt,2,2,0,4,0.0
birch,2,2,0,4,0.0
protested,3,3,0,6,0.0
nymph,2,2,0,4,0.0
cordillera,2,2,0,4,0.0
filipa,2,2,0,4,0.0
colonia,2,2,0,4,0.0
1919,2,2,0,4,0.0
hudson,3,3,0,6,0.0
debt,3,3,0,6,0.0
relates,3,3,0,6,0.0
region9,3,3,0,6,0.0
tried,3,3,0,6,0.0
civilisations,3,3,0,6,0.0
1585,3,3,0,6,0.0
aiding,3,3,0,6,0.0
mobile,3,3,0,6,0.0
enemies,3,3,0,6,0.0
decided,3,3,0,6,0.0
neocolonialism,3,3,0,6,0.0
condominium,3,3,0,6,0.0
repealed,3,3,0,6,0.0
bangladesh,3,3,0,6,0.0
identifying,3,3,0,6,0.0
legislation,3,3,0,6,0.0
units,3,3,0,6,0.0
1985,3,3,0,6,0.0
coasts,3,3,0,6,0.0
overlap,3,3,0,6,0.0
literacy,3,3,0,6,0.0
97,3,3,0,6,0.0
pop,3,3,0,6,0.0
rosaldo,3,3,0,6,0.0
pop10,3,3,0,6,0.0
proved,3,3,0,6,0.0
1659,1,1,0,2,0.0
francophonie,1,1,0,2,0.0
teenagers,1,1,0,2,0.0
yielded,1,1,0,2,0.0
reinhard,1,1,0,2,0.0
latvian,1,1,0,2,0.0
mauritian,1,1,0,2,0.0
chocolate,3,3,0,6,0.0
kodiak,1,1,0,2,0.0
inherently,1,1,0,2,0.0
chicanaz,1,1,0,2,0.0
1840s,1,1,0,2,0.0
ultimately,3,3,0,6,0.0
ref6,3,3,0,6,0.0
indigenousref,3,3,0,6,0.0
elizabeth,3,3,0,6,0.0
start,3,3,0,6,0.0
culturess,3,3,0,6,0.0
pressured,3,3,0,6,0.0
soldier,1,1,0,2,0.0
burgos,3,3,0,6,0.0
invasions,3,3,0,6,0.0
replace,3,3,0,6,0.0
depended,3,3,0,6,0.0
reduced,3,3,0,6,0.0
pop7,3,3,0,6,0.0
xii,3,3,0,6,0.0
environment,3,3,0,6,0.0
ref2,3,3,0,6,0.0
boer,3,3,0,6,0.0
caetera,3,3,0,6,0.0
sponsor,3,3,0,6,0.0
higher,3,3,0,6,0.0
build,3,3,0,6,0.0
indo,3,3,0,6,0.0
points,3,3,0,6,0.0
orange,3,3,0,6,0.0
raised,3,3,0,6,0.0
sporadically,3,3,0,6,0.0
persistent,3,3,0,6,0.0
embraced,3,3,0,6,0.0
ratified,3,3,0,6,0.0
upf,3,3,0,6,0.0
effort,3,3,0,6,0.0
centers,3,3,0,6,0.0
indiens,3,3,0,6,0.0
capturers,1,1,0,2,0.0
myos,1,1,0,2,0.0
captors,1,1,0,2,0.0
spatial,1,1,0,2,0.0
hankéou,1,1,0,2,0.0
manila,1,1,0,2,0.0
macau,1,1,0,2,0.0
values,3,3,0,6,0.0
sexual,1,1,0,2,0.0
metaphysics,1,1,0,2,0.0
scourge,1,1,0,2,0.0
597,1,1,0,2,0.0
patrilineal,3,3,0,6,0.0
region7,3,3,0,6,0.0
chili,3,3,0,6,0.0
meaning,3,3,0,6,0.0
incorporate,3,3,0,6,0.0
findings,3,3,0,6,0.0
1713,3,3,0,6,0.0
disorientation,1,1,0,2,0.0
lead,3,3,0,6,0.0
drawing,3,3,0,6,0.0
enforcing,3,3,0,6,0.0
goals,3,3,0,6,0.0
nueva,3,3,0,6,0.0
1975,3,3,0,6,0.0
sistema,3,3,0,6,0.0
raw,3,3,0,6,0.0
substantial,3,3,0,6,0.0
ref9,3,3,0,6,0.0
ivory,3,3,0,6,0.0
discrimination,3,3,0,6,0.0
compiled,3,3,0,6,0.0
region10,3,3,0,6,0.0
somaliland,3,3,0,6,0.0
material,3,3,0,6,0.0
1865,3,3,0,6,0.0
moore,3,3,0,6,0.0
1st,3,3,0,6,0.0
humans,3,3,0,6,0.0
philosophy,3,3,0,6,0.0
peruvians,3,3,0,6,0.0
sarson,1,1,0,2,0.0
die,3,3,0,6,0.0
produce,3,3,0,6,0.0
comparative,3,3,0,6,0.0
66,3,3,0,6,0.0
traveling,3,3,0,6,0.0
defending,3,3,0,6,0.0
region1,3,3,0,6,0.0
1991,3,3,0,6,0.0
thornton,3,3,0,6,0.0
originate,3,3,0,6,0.0
1542,3,3,0,6,0.0
oberlin,3,3,0,6,0.0
borders,3,3,0,6,0.0
warriors,3,3,0,6,0.0
1700,3,3,0,6,0.0
ya,3,3,0,6,0.0
eat,3,3,0,6,0.0
emerged,3,3,0,6,0.0
rhodesia,3,3,0,6,0.0
prompting,3,3,0,6,0.0
kyrgyzstan,3,3,0,6,0.0
better,3,3,0,6,0.0
andahuaylillas,3,3,0,6,0.0
prevent,3,3,0,6,0.0
58,3,3,0,6,0.0
mortality,3,3,0,6,0.0
confirmed,3,3,0,6,0.0
sugar,3,3,0,6,0.0
aquaculture,3,3,0,6,0.0
cater,3,3,0,6,0.0
zulu,1,1,0,2,0.0
providing,1,1,0,2,0.0
vigour,1,1,0,2,0.0
1546,3,3,0,6,0.0
1784,1,1,0,2,0.0
namibians,1,1,0,2,0.0
pop25,1,1,0,2,0.0
greenall,1,1,0,2,0.0
ventures,1,1,0,2,0.0
prompted,1,1,0,2,0.0
éboué,1,1,0,2,0.0
standardized,1,1,0,2,0.0
hostile,1,1,0,2,0.0
appears,3,3,0,6,0.0
chiefdoms,3,3,0,6,0.0
informal,1,1,0,2,0.0
commerce,3,3,0,6,0.0
explain,3,3,0,6,0.0
equal,3,3,0,6,0.0
achieve,3,3,0,6,0.0
243,3,3,0,6,0.0
aim,3,3,0,6,0.0
ref5,3,3,0,6,0.0
classical,3,3,0,6,0.0
posts,3,3,0,6,0.0
sheet,3,3,0,6,0.0
monopoly,3,3,0,6,0.0
equality,3,3,0,6,0.0
polynesia,3,3,0,6,0.0
vocal,3,3,0,6,0.0
mission,3,3,0,6,0.0
profound,3,3,0,6,0.0
huntington,1,1,0,2,0.0
thomson,1,1,0,2,0.0
subject,3,3,0,6,0.0
bartholomew,3,3,0,6,0.0
barbaric,3,3,0,6,0.0
famine,3,3,0,6,0.0
dorset,3,3,0,6,0.0
guard,3,3,0,6,0.0
47,3,3,0,6,0.0
maarten,3,3,0,6,0.0
simon,3,3,0,6,0.0
immigrated,3,3,0,6,0.0
enjoyed,3,3,0,6,0.0
chronological,3,3,0,6,0.0
germans,3,3,0,6,0.0
preservation,3,3,0,6,0.0
denmark,3,3,0,6,0.0
traveled,3,3,0,6,0.0
bugged,1,1,0,2,0.0
semantically,1,1,0,2,0.0
eurasians,3,3,0,6,0.0
congo,3,3,0,6,0.0
geographic,3,3,0,6,0.0
77,3,3,0,6,0.0
daron,3,3,0,6,0.0
bilingual,3,3,0,6,0.0
dual,3,3,0,6,0.0
955,3,3,0,6,0.0
pop6,3,3,0,6,0.0
essays,3,3,0,6,0.0
urarina,3,3,0,6,0.0
10th,3,3,0,6,0.0
stronger,3,3,0,6,0.0
focus,3,3,0,6,0.0
seychelles,3,3,0,6,0.0
nuevo,3,3,0,6,0.0
principle,3,3,0,6,0.0
troops,3,3,0,6,0.0
scotia,3,3,0,6,0.0
foot,3,3,0,6,0.0
crop,3,3,0,6,0.0
outbreaks,3,3,0,6,0.0
turkey,3,3,0,6,0.0
opened,3,3,0,6,0.0
presence,3,3,0,6,0.0
renewed,3,3,0,6,0.0
acquire,3,3,0,6,0.0
broad,3,3,0,6,0.0
christianization,3,3,0,6,0.0
1837,3,3,0,6,0.0
aground,3,3,0,6,0.0
capture,3,3,0,6,0.0
classification,3,3,0,6,0.0
tobacco,3,3,0,6,0.0
emergence,2,2,0,4,0.0
freely,2,2,0,4,0.0
onwards,2,2,0,4,0.0
perpetuating,2,2,0,4,0.0
stampede,2,2,0,4,0.0
blanket,2,2,0,4,0.0
0177,2,2,0,4,0.0
decoded,2,2,0,4,0.0
réunion,2,2,0,4,0.0
barrionuevo,2,2,0,4,0.0
cayambe,2,2,0,4,0.0
chileans,2,2,0,4,0.0
inconsistently,2,2,0,4,0.0
jaguar,2,2,0,4,0.0
wayuu,2,2,0,4,0.0
melting,2,2,0,4,0.0
percussive,2,2,0,4,0.0
establishes,2,2,0,4,0.0
milton,2,2,0,4,0.0
180px,2,2,0,4,0.0
tomatoes,2,2,0,4,0.0
essential,2,2,0,4,0.0
appropriation,2,2,0,4,0.0
quantum,2,2,0,4,0.0
172,2,2,0,4,0.0
otavalos,2,2,0,4,0.0
unintentionally,2,2,0,4,0.0
cayenne,2,2,0,4,0.0
traces,2,2,0,4,0.0
argentinian,2,2,0,4,0.0
shors,2,2,0,4,0.0
player,2,2,0,4,0.0
smallholder,2,2,0,4,0.0
minas,2,2,0,4,0.0
azores,2,2,0,4,0.0
rightfully,2,2,0,4,0.0
clothing,2,2,0,4,0.0
pop12,2,2,0,4,0.0
1858,2,2,0,4,0.0
pushing,2,2,0,4,0.0
378,2,2,0,4,0.0
intermarried,2,2,0,4,0.0
brazilwood,2,2,0,4,0.0
bushnell,2,2,0,4,0.0
precious,2,2,0,4,0.0
mopan,2,2,0,4,0.0
parry,1,1,0,2,0.0
honour,1,1,0,2,0.0
php,1,1,0,2,0.0
hokkaido,1,1,0,2,0.0
ellen,1,1,0,2,0.0
monkkey,1,1,0,2,0.0
daman,1,1,0,2,0.0
caledonia,2,2,0,4,0.0
asians,2,2,0,4,0.0
trumpet,2,2,0,4,0.0
kaqchikel,2,2,0,4,0.0
pilagá,2,2,0,4,0.0
militancy,2,2,0,4,0.0
actun,2,2,0,4,0.0
decision,2,2,0,4,0.0
quarters,2,2,0,4,0.0
mennonites,2,2,0,4,0.0
edición,2,2,0,4,0.0
99,2,2,0,4,0.0
gunpowder,2,2,0,4,0.0
115,2,2,0,4,0.0
micro,2,2,0,4,0.0
buffalo,2,2,0,4,0.0
diverged,2,2,0,4,0.0
layover,2,2,0,4,0.0
gran,2,2,0,4,0.0
omnivore,2,2,0,4,0.0
sacrifice,2,2,0,4,0.0
eqchi,2,2,0,4,0.0
solely,2,2,0,4,0.0
wiigwaasabak,2,2,0,4,0.0
hearing,2,2,0,4,0.0
promises,2,2,0,4,0.0
bukhara,1,1,0,2,0.0
mobilized,2,2,0,4,0.0
broke,2,2,0,4,0.0
frequency,2,2,0,4,0.0
quitirrisí,2,2,0,4,0.0
sac,2,2,0,4,0.0
silan,2,2,0,4,0.0
bloodlines,2,2,0,4,0.0
karafuto,1,1,0,2,0.0
contrary,1,1,0,2,0.0
wwii,1,1,0,2,0.0
mayo,1,1,0,2,0.0
cakchiquel,2,2,0,4,0.0
bermuda,2,2,0,4,0.0
palenque,2,2,0,4,0.0
kulusuk,2,2,0,4,0.0
survivors,2,2,0,4,0.0
svg,2,2,0,4,0.0
motivated,2,2,0,4,0.0
buying,2,2,0,4,0.0
authoritarian,2,2,0,4,0.0
portions,2,2,0,4,0.0
1677,2,2,0,4,0.0
space,2,2,0,4,0.0
pandemic,2,2,0,4,0.0
wixarika,2,2,0,4,0.0
dominated,2,2,0,4,0.0
primacy,2,2,0,4,0.0
originarios,2,2,0,4,0.0
92,2,2,0,4,0.0
reforms,2,2,0,4,0.0
loa,2,2,0,4,0.0
chad,2,2,0,4,0.0
fields,2,2,0,4,0.0
ngos,2,2,0,4,0.0
colours,2,2,0,4,0.0
jumping,2,2,0,4,0.0
eric,2,2,0,4,0.0
990,2,2,0,4,0.0
1633,2,2,0,4,0.0
textile,2,2,0,4,0.0
tahitian,2,2,0,4,0.0
elimination,2,2,0,4,0.0
qullasuyu,2,2,0,4,0.0
huayna,2,2,0,4,0.0
broken,2,2,0,4,0.0
hum,2,2,0,4,0.0
compass,2,2,0,4,0.0
jeffrey,2,2,0,4,0.0
naturalists,2,2,0,4,0.0
atlacatl,2,2,0,4,0.0
sayan,2,2,0,4,0.0
agro,2,2,0,4,0.0
growl,2,2,0,4,0.0
typically,2,2,0,4,0.0
1894,2,2,0,4,0.0
jungle,2,2,0,4,0.0
insisted,2,2,0,4,0.0
cliffs,2,2,0,4,0.0
merely,1,1,0,2,0.0
separable,1,1,0,2,0.0
disrespecting,1,1,0,2,0.0
palmyra,1,1,0,2,0.0
problems,1,1,0,2,0.0
uit,1,1,0,2,0.0
barbuda,1,1,0,2,0.0
organize,1,1,0,2,0.0
naturally,1,1,0,2,0.0
apply,2,2,0,4,0.0
caranqui,2,2,0,4,0.0
awá,2,2,0,4,0.0
entre,2,2,0,4,0.0
vote,2,2,0,4,0.0
butternut,2,2,0,4,0.0
ethnocentrism,2,2,0,4,0.0
urcid,2,2,0,4,0.0
dancing,2,2,0,4,0.0
sixth,2,2,0,4,0.0
suggested,2,2,0,4,0.0
lorenzo,2,2,0,4,0.0
selkup,2,2,0,4,0.0
hypotheses,2,2,0,4,0.0
250,2,2,0,4,0.0
preserve,2,2,0,4,0.0
1682,1,1,0,2,0.0
integral,1,1,0,2,0.0
1560s,1,1,0,2,0.0
landowners,2,2,0,4,0.0
hieroglyphics,2,2,0,4,0.0
ssp,2,2,0,4,0.0
facilitated,2,2,0,4,0.0
naia,2,2,0,4,0.0
greece,2,2,0,4,0.0
darkness,1,1,0,2,0.0
interior,2,2,0,4,0.0
craniology,2,2,0,4,0.0
asserting,2,2,0,4,0.0
orientalism,2,2,0,4,0.0
office,2,2,0,4,0.0
quitus,2,2,0,4,0.0
importation,2,2,0,4,0.0
chachi,2,2,0,4,0.0
1754,2,2,0,4,0.0
pjm,1,1,0,2,0.0
tiến,1,1,0,2,0.0
autonómica,2,2,0,4,0.0
1880s,2,2,0,4,0.0
situations,2,2,0,4,0.0
pemon,2,2,0,4,0.0
acorn,2,2,0,4,0.0
diálogos,2,2,0,4,0.0
reference,2,2,0,4,0.0
christianity,2,2,0,4,0.0
serampore,2,2,0,4,0.0
escritura,2,2,0,4,0.0
narváez,2,2,0,4,0.0
pop17,2,2,0,4,0.0
method,2,2,0,4,0.0
metropolitan,2,2,0,4,0.0
region17,2,2,0,4,0.0
medin,2,2,0,4,0.0
ontario,2,2,0,4,0.0
rapistss,2,2,0,4,0.0
consistent,2,2,0,4,0.0
ulap,2,2,0,4,0.0
essequibo,2,2,0,4,0.0
nazarova,2,2,0,4,0.0
homelands,2,2,0,4,0.0
cafe,2,2,0,4,0.0
pool,2,2,0,4,0.0
invasion,2,2,0,4,0.0
ftc,2,2,0,4,0.0
werre,1,1,0,2,0.0
luigi,1,1,0,2,0.0
barbadian,1,1,0,2,0.0
cass,1,1,0,2,0.0
vary,1,1,0,2,0.0
inspecting,1,1,0,2,0.0
lindqvist,1,1,0,2,0.0
phenotypic,2,2,0,4,0.0
clark,1,1,0,2,0.0
lithuania,1,1,0,2,0.0
banker,1,1,0,2,0.0
sobecki,1,1,0,2,0.0
driscoll,1,1,0,2,0.0
coastline,2,2,0,4,0.0
glyptodont,2,2,0,4,0.0
studied,2,2,0,4,0.0
kalinago,2,2,0,4,0.0
hybrid,2,2,0,4,0.0
labrador,2,2,0,4,0.0
federation,1,1,0,2,0.0
resting_place,2,2,0,4,0.0
leone,2,2,0,4,0.0
inscriptions,2,2,0,4,0.0
relaxing,2,2,0,4,0.0
formalidad,2,2,0,4,0.0
cacaopera,2,2,0,4,0.0
1454,2,2,0,4,0.0
1627,2,2,0,4,0.0
presenting,2,2,0,4,0.0
elect,2,2,0,4,0.0
ideology,2,2,0,4,0.0
siona,2,2,0,4,0.0
cabécar,2,2,0,4,0.0
slang,2,2,0,4,0.0
maltreatment,2,2,0,4,0.0
plots,2,2,0,4,0.0
sitio,2,2,0,4,0.0
southeast,2,2,0,4,0.0
elaborate,2,2,0,4,0.0
scientist,2,2,0,4,0.0
semirechye,2,2,0,4,0.0
xr1a,2,2,0,4,0.0
philadelphia,2,2,0,4,0.0
errors,2,2,0,4,0.0
dissent,2,2,0,4,0.0
cdi,2,2,0,4,0.0
otomi,2,2,0,4,0.0
citation,2,2,0,4,0.0
ferdinand,2,2,0,4,0.0
ministerio,2,2,0,4,0.0
obsolete,2,2,0,4,0.0
preface,2,2,0,4,0.0
lingüísticos,2,2,0,4,0.0
sustainable,2,2,0,4,0.0
balmis,2,2,0,4,0.0
depicts,2,2,0,4,0.0
weaker,2,2,0,4,0.0
viz,2,2,0,4,0.0
recognises,2,2,0,4,0.0
defining,2,2,0,4,0.0
teenage,2,2,0,4,0.0
tepary,2,2,0,4,0.0
1350,2,2,0,4,0.0
elite,2,2,0,4,0.0
austro,2,2,0,4,0.0
ambassador,2,2,0,4,0.0
fiji,2,2,0,4,0.0
duke,2,2,0,4,0.0
kashani,2,2,0,4,0.0
1524,2,2,0,4,0.0
cachet,2,2,0,4,0.0
pumpkins,2,2,0,4,0.0
hippopotamus,2,2,0,4,0.0
guambía,2,2,0,4,0.0
report,2,2,0,4,0.0
fruit,2,2,0,4,0.0
participated,2,2,0,4,0.0
bartholomewsister,2,2,0,4,0.0
tenure,2,2,0,4,0.0
matrilineal,2,2,0,4,0.0
eclac,2,2,0,4,0.0
mendoza,2,2,0,4,0.0
tla,2,2,0,4,0.0
1974,2,2,0,4,0.0
grouping,2,2,0,4,0.0
bribri,2,2,0,4,0.0
kegore,2,2,0,4,0.0
forbade,2,2,0,4,0.0
confined,2,2,0,4,0.0
parents,2,2,0,4,0.0
lencas,2,2,0,4,0.0
region18,2,2,0,4,0.0
leadership,2,2,0,4,0.0
isa,2,2,0,4,0.0
1050,2,2,0,4,0.0
ref18,2,2,0,4,0.0
draw,2,2,0,4,0.0
skills,2,2,0,4,0.0
autónoma,2,2,0,4,0.0
pineapples,2,2,0,4,0.0
green,2,2,0,4,0.0
yup,2,2,0,4,0.0
oceans,2,2,0,4,0.0
wool,2,2,0,4,0.0
817,2,2,0,4,0.0
colour,2,2,0,4,0.0
puritans,2,2,0,4,0.0
herbs,2,2,0,4,0.0
chicle,2,2,0,4,0.0
geometrical,2,2,0,4,0.0
reputation,2,2,0,4,0.0
weathered,2,2,0,4,0.0
jamil,2,2,0,4,0.0
329,2,2,0,4,0.0
issues,2,2,0,4,0.0
alphabetic,2,2,0,4,0.0
1658,2,2,0,4,0.0
itza,2,2,0,4,0.0
treated,2,2,0,4,0.0
flute,2,2,0,4,0.0
logographic,2,2,0,4,0.0
economies,2,2,0,4,0.0
prerogative,2,2,0,4,0.0
cultivars,2,2,0,4,0.0
looking,2,2,0,4,0.0
region22,2,2,0,4,0.0
socialist,2,2,0,4,0.0
teosinte,2,2,0,4,0.0
radiocarbon,2,2,0,4,0.0
jewels,2,2,0,4,0.0
economically,2,2,0,4,0.0
experience,2,2,0,4,0.0
reflected,2,2,0,4,0.0
bishop,2,2,0,4,0.0
posing,2,2,0,4,0.0
mixture,2,2,0,4,0.0
drumming,2,2,0,4,0.0
malay,2,2,0,4,0.0
maxima,2,2,0,4,0.0
verde,2,2,0,4,0.0
identifies,2,2,0,4,0.0
dynasties,2,2,0,4,0.0
correspond,2,2,0,4,0.0
immunities,2,2,0,4,0.0
rejected,2,2,0,4,0.0
application,2,2,0,4,0.0
uneven,2,2,0,4,0.0
sort,2,2,0,4,0.0
bone,2,2,0,4,0.0
logograms,2,2,0,4,0.0
tip,2,2,0,4,0.0
virus,2,2,0,4,0.0
empowered,2,2,0,4,0.0
supplement,2,2,0,4,0.0
region12,2,2,0,4,0.0
autonomous,2,2,0,4,0.0
ref19,2,2,0,4,0.0
depopulation,2,2,0,4,0.0
populous,2,2,0,4,0.0
constitutional,4,4,0,8,0.0
warring,4,4,0,8,0.0
obtained,4,4,0,8,0.0
shaped,4,4,0,8,0.0
adult,4,4,0,8,0.0
1634,4,4,0,8,0.0
disputed,4,4,0,8,0.0
isolated,4,4,0,8,0.0
increase,4,4,0,8,0.0
wood,4,4,0,8,0.0
hi,3,3,0,6,0.0
conaie,4,4,0,8,0.0
longer,4,4,0,8,0.0
cochabamba,4,4,0,8,0.0
1995,4,4,0,8,0.0
schematic,4,4,0,8,0.0
charrúa,4,4,0,8,0.0
cotton,4,4,0,8,0.0
pervasive,4,4,0,8,0.0
reform,4,4,0,8,0.0
62,4,4,0,8,0.0
captured,4,4,0,8,0.0
flow,4,4,0,8,0.0
1978,4,4,0,8,0.0
tariff,4,4,0,8,0.0
tsimshian,4,4,0,8,0.0
autosomal,4,4,0,8,0.0
academic,4,4,0,8,0.0
tuberosum,4,4,0,8,0.0
1760,4,4,0,8,0.0
amazonian,4,4,0,8,0.0
quickly,4,4,0,8,0.0
subjects,4,4,0,8,0.0
crow,4,4,0,8,0.0
mean,4,4,0,8,0.0
josé,4,4,0,8,0.0
kichwa,4,4,0,8,0.0
haplogroup,4,4,0,8,0.0
1618,4,4,0,8,0.0
ina,4,4,0,8,0.0
expanding,4,4,0,8,0.0
haida,4,4,0,8,0.0
conquista,4,4,0,8,0.0
valladolid,4,4,0,8,0.0
sound,4,4,0,8,0.0
transform,4,4,0,8,0.0
professor,4,4,0,8,0.0
thanks,4,4,0,8,0.0
x2a,4,4,0,8,0.0
represent,4,4,0,8,0.0
desierto,4,4,0,8,0.0
benefit,4,4,0,8,0.0
cf,4,4,0,8,0.0
hawaiian,4,4,0,8,0.0
ik,4,4,0,8,0.0
accounts,4,4,0,8,0.0
alt,4,4,0,8,0.0
helping,4,4,0,8,0.0
projects,4,4,0,8,0.0
derogatory,4,4,0,8,0.0
ethnically,4,4,0,8,0.0
nahuas,4,4,0,8,0.0
artifacts,4,4,0,8,0.0
hypothesis,4,4,0,8,0.0
histoire,4,4,0,8,0.0
chromosome,4,4,0,8,0.0
scheduling,4,4,0,8,0.0
barbados,4,4,0,8,0.0
families,4,4,0,8,0.0
reinforced,4,4,0,8,0.0
thev,1,1,0,2,0.0
cove,1,1,0,2,0.0
olivier,1,1,0,2,0.0
boi,1,1,0,2,0.0
coloñial,1,1,0,2,0.0
tignor,1,1,0,2,0.0
liberals,1,1,0,2,0.0
identities,1,1,0,2,0.0
1167,1,1,0,2,0.0
majorities,4,4,0,8,0.0
cl,1,1,0,2,0.0
hindu,1,1,0,2,0.0
tsuu,4,4,0,8,0.0
garifuna,4,4,0,8,0.0
tordesillas,4,4,0,8,0.0
enriquillo,4,4,0,8,0.0
combined,4,4,0,8,0.0
1619,4,4,0,8,0.0
kmaq,4,4,0,8,0.0
built,4,4,0,8,0.0
possible,4,4,0,8,0.0
settlemente,1,1,0,2,0.0
guantánamo,1,1,0,2,0.0
cavalry,1,1,0,2,0.0
reservations,4,4,0,8,0.0
322,4,4,0,8,0.0
mam,4,4,0,8,0.0
consist,4,4,0,8,0.0
cultivation,4,4,0,8,0.0
joão,4,4,0,8,0.0
medical,4,4,0,8,0.0
norwegian,4,4,0,8,0.0
anzick,4,4,0,8,0.0
potatoes,4,4,0,8,0.0
sheets,4,4,0,8,0.0
focused,4,4,0,8,0.0
1651,4,4,0,8,0.0
varieties,4,4,0,8,0.0
1512,4,4,0,8,0.0
considering,4,4,0,8,0.0
nth,4,4,0,8,0.0
closely,4,4,0,8,0.0
typical,4,4,0,8,0.0
difficult,4,4,0,8,0.0
drums,4,4,0,8,0.0
solanum,4,4,0,8,0.0
mestizaje,4,4,0,8,0.0
struggle,4,4,0,8,0.0
occupy,4,4,0,8,0.0
easily,4,4,0,8,0.0
survive,4,4,0,8,0.0
limited,4,4,0,8,0.0
scribes,4,4,0,8,0.0
ref4,4,4,0,8,0.0
raven,4,4,0,8,0.0
sites,1,1,0,2,0.0
bison,4,4,0,8,0.0
settle,4,4,0,8,0.0
mari,1,1,0,2,0.0
inegi,1,1,0,2,0.0
thirds,1,1,0,2,0.0
gun,1,1,0,2,0.0
mutterings,1,1,0,2,0.0
pavla,1,1,0,2,0.0
irish,1,1,0,2,0.0
trump,1,1,0,2,0.0
signs,1,1,0,2,0.0
exposition,4,4,0,8,0.0
diaguita,4,4,0,8,0.0
criteria,4,4,0,8,0.0
pottery,4,4,0,8,0.0
birthplace,4,4,0,8,0.0
1498,4,4,0,8,0.0
notion,4,4,0,8,0.0
shown,4,4,0,8,0.0
genetics,4,4,0,8,0.0
falling,4,4,0,8,0.0
overwhelmingly,4,4,0,8,0.0
pictorial,4,4,0,8,0.0
tended,4,4,0,8,0.0
1970s,4,4,0,8,0.0
oriente,4,4,0,8,0.0
eskimo,4,4,0,8,0.0
caras,4,4,0,8,0.0
1953,4,4,0,8,0.0
approx,4,4,0,8,0.0
seville,4,4,0,8,0.0
lasted,4,4,0,8,0.0
background,4,4,0,8,0.0
weekday,4,4,0,8,0.0
fiddle,4,4,0,8,0.0
salvadoran,4,4,0,8,0.0
run,4,4,0,8,0.0
1518,4,4,0,8,0.0
derecha,4,4,0,8,0.0
cuzcatlan,4,4,0,8,0.0
step,4,4,0,8,0.0
eng,1,1,0,2,0.0
finds,1,1,0,2,0.0
gob,1,1,0,2,0.0
penetration,1,1,0,2,0.0
mercy,1,1,0,2,0.0
february,4,4,0,8,0.0
migrate,1,1,0,2,0.0
brains,1,1,0,2,0.0
1690s,1,1,0,2,0.0
tony,1,1,0,2,0.0
faith,1,1,0,2,0.0
enslave,1,1,0,2,0.0
hard,1,1,0,2,0.0
cassava,4,4,0,8,0.0
frontpagemag,4,4,0,8,0.0
exhibition,4,4,0,8,0.0
1665,4,4,0,8,0.0
ginés,1,1,0,2,0.0
freed,1,1,0,2,0.0
loyalty,5,5,0,10,0.0
1818,5,5,0,10,0.0
adults,5,5,0,10,0.0
kubal,5,5,0,10,0.0
proving,5,5,0,10,0.0
labelling,5,5,0,10,0.0
planned,5,5,0,10,0.0
acts,5,5,0,10,0.0
choose,5,5,0,10,0.0
batho,4,4,0,8,0.0
tremble,5,5,0,10,0.0
pageant,5,5,0,10,0.0
relative,5,5,0,10,0.0
museum,5,5,0,10,0.0
statewide,5,5,0,10,0.0
district,5,5,0,10,0.0
culturas,5,5,0,10,0.0
animal,5,5,0,10,0.0
william,5,5,0,10,0.0
accompanying,5,5,0,10,0.0
civilian,5,5,0,10,0.0
rewriting,5,5,0,10,0.0
poets,5,5,0,10,0.0
liner,5,5,0,10,0.0
repay,5,5,0,10,0.0
fierce,5,5,0,10,0.0
89,5,5,0,10,0.0
asiatic,5,5,0,10,0.0
theodor,5,5,0,10,0.0
335,5,5,0,10,0.0
das,5,5,0,10,0.0
probably,5,5,0,10,0.0
kyrgyz,1,1,0,2,0.0
themes,5,5,0,10,0.0
wake,1,1,0,2,0.0
vid,1,1,0,2,0.0
1684,1,1,0,2,0.0
barcelona,1,1,0,2,0.0
kiple,1,1,0,2,0.0
ingushetia,1,1,0,2,0.0
interview,1,1,0,2,0.0
getz,1,1,0,2,0.0
historiographies,1,1,0,2,0.0
stresses,1,1,0,2,0.0
clash,5,5,0,10,0.0
310,5,5,0,10,0.0
honolulu,5,5,0,10,0.0
operate,5,5,0,10,0.0
benefits,5,5,0,10,0.0
budget,1,1,0,2,0.0
anguilla,1,1,0,2,0.0
mandates,1,1,0,2,0.0
ha,1,1,0,2,0.0
1662,1,1,0,2,0.0
bronze,1,1,0,2,0.0
navale,5,5,0,10,0.0
circassian,1,1,0,2,0.0
flocked,1,1,0,2,0.0
populationrobert,1,1,0,2,0.0
operation,1,1,0,2,0.0
ehess,1,1,0,2,0.0
1544,1,1,0,2,0.0
paragraph,5,5,0,10,0.0
traction,5,5,0,10,0.0
angelo,5,5,0,10,0.0
statute,5,5,0,10,0.0
1969,5,5,0,10,0.0
fortuny,1,1,0,2,0.0
exchanges,5,5,0,10,0.0
finding,5,5,0,10,0.0
brevísima,5,5,0,10,0.0
cartographers,5,5,0,10,0.0
sent,5,5,0,10,0.0
overshadowed,5,5,0,10,0.0
companhia,5,5,0,10,0.0
necessity,5,5,0,10,0.0
masked,5,5,0,10,0.0
documentary,5,5,0,10,0.0
worldwide,5,5,0,10,0.0
sultanate,1,1,0,2,0.0
bid,5,5,0,10,0.0
025,5,5,0,10,0.0
aporrea,5,5,0,10,0.0
moritz,5,5,0,10,0.0
districts,5,5,0,10,0.0
italians,5,5,0,10,0.0
quin,5,5,0,10,0.0
accordance,5,5,0,10,0.0
court,5,5,0,10,0.0
edge,5,5,0,10,0.0
distressing,1,1,0,2,0.0
agreement,4,4,0,8,0.0
finland,4,4,0,8,0.0
script,4,4,0,8,0.0
saraguro,4,4,0,8,0.0
recognizing,4,4,0,8,0.0
equus,4,4,0,8,0.0
noce,5,5,0,10,0.0
speroni,5,5,0,10,0.0
teach,5,5,0,10,0.0
republicans,5,5,0,10,0.0
nowadays,5,5,0,10,0.0
forces,5,5,0,10,0.0
letras,5,5,0,10,0.0
haudenosaunee,4,4,0,8,0.0
urban,4,4,0,8,0.0
turned,4,4,0,8,0.0
slavs,4,4,0,8,0.0
advantage,4,4,0,8,0.0
82,4,4,0,8,0.0
establishment,4,4,0,8,0.0
geographers,4,4,0,8,0.0
addressed,5,5,0,10,0.0
wednesday,5,5,0,10,0.0
region4,4,4,0,8,0.0
1620,1,1,0,2,0.0
reaching,1,1,0,2,0.0
decreased,1,1,0,2,0.0
gladstone,1,1,0,2,0.0
styrofoam,1,1,0,2,0.0
males,1,1,0,2,0.0
populationel,1,1,0,2,0.0
heather,1,1,0,2,0.0
terrible,1,1,0,2,0.0
summary,4,4,0,8,0.0
populationamerican,1,1,0,2,0.0
bullhe,1,1,0,2,0.0
nomadic,4,4,0,8,0.0
involved,4,4,0,8,0.0
1794,4,4,0,8,0.0
greed,5,5,0,10,0.0
teachers,5,5,0,10,0.0
stanford,5,5,0,10,0.0
terminology,4,4,0,8,0.0
expand,4,4,0,8,0.0
panchimalco,4,4,0,8,0.0
gaspar,1,1,0,2,0.0
driven,5,5,0,10,0.0
ignorance,5,5,0,10,0.0
clear,5,5,0,10,0.0
abstain,5,5,0,10,0.0
enshrined,5,5,0,10,0.0
selection,5,5,0,10,0.0
1584,5,5,0,10,0.0
range,5,5,0,10,0.0
strangest,5,5,0,10,0.0
rosada,5,5,0,10,0.0
interrelated,5,5,0,10,0.0
harrison,5,5,0,10,0.0
individual,5,5,0,10,0.0
1866,5,5,0,10,0.0
think,5,5,0,10,0.0
widening,1,1,0,2,0.0
quantities,1,1,0,2,0.0
sparked,1,1,0,2,0.0
influences,5,5,0,10,0.0
rallying,5,5,0,10,0.0
nationalism,5,5,0,10,0.0
weiser,5,5,0,10,0.0
boasts,5,5,0,10,0.0
details,5,5,0,10,0.0
belonging,5,5,0,10,0.0
fertile,5,5,0,10,0.0
tens,5,5,0,10,0.0
authorized,5,5,0,10,0.0
1868,5,5,0,10,0.0
delano,5,5,0,10,0.0
leaving,5,5,0,10,0.0
strands,5,5,0,10,0.0
centre,5,5,0,10,0.0
rich,5,5,0,10,0.0
um,5,5,0,10,0.0
activity,5,5,0,10,0.0
heirs,5,5,0,10,0.0
alliance,5,5,0,10,0.0
media,5,5,0,10,0.0
revised,5,5,0,10,0.0
story,5,5,0,10,0.0
rarely,5,5,0,10,0.0
landscape,5,5,0,10,0.0
relación,5,5,0,10,0.0
exactly,5,5,0,10,0.0
knocked,5,5,0,10,0.0
insults,5,5,0,10,0.0
222222,1,1,0,2,0.0
shut,1,1,0,2,0.0
saturday,1,1,0,2,0.0
mayn,1,1,0,2,0.0
standards,1,1,0,2,0.0
heart,1,1,0,2,0.0
universalism,3,3,0,6,0.0
koryak,3,3,0,6,0.0
elements,3,3,0,6,0.0
planning,3,3,0,6,0.0
departments,4,4,0,8,0.0
advocates,3,3,0,6,0.0
cosmology,3,3,0,6,0.0
counting,3,3,0,6,0.0
gay,3,3,0,6,0.0
1689,3,3,0,6,0.0
ref11,3,3,0,6,0.0
pop1,3,3,0,6,0.0
douglas,3,3,0,6,0.0
relationships,3,3,0,6,0.0
composition,3,3,0,6,0.0
liberal,3,3,0,6,0.0
launched,3,3,0,6,0.0
prisoners,3,3,0,6,0.0
fatal,3,3,0,6,0.0
1680,3,3,0,6,0.0
helped,3,3,0,6,0.0
meticulously,1,1,0,2,0.0
robbing,1,1,0,2,0.0
note,3,3,0,6,0.0
espagnols,3,3,0,6,0.0
visiting,3,3,0,6,0.0
bull,3,3,0,6,0.0
het,1,1,0,2,0.0
52,3,3,0,6,0.0
performance,3,3,0,6,0.0
writers,3,3,0,6,0.0
goods,3,3,0,6,0.0
rebellion,3,3,0,6,0.0
cover,3,3,0,6,0.0
1803,3,3,0,6,0.0
potato,3,3,0,6,0.0
togo,1,1,0,2,0.0
colonizations,1,1,0,2,0.0
seychellois,1,1,0,2,0.0
1962,3,3,0,6,0.0
sides,3,3,0,6,0.0
zones,3,3,0,6,0.0
formation,3,3,0,6,0.0
light,3,3,0,6,0.0
concession,3,3,0,6,0.0
prefer,3,3,0,6,0.0
equivalent,3,3,0,6,0.0
grant,3,3,0,6,0.0
42,3,3,0,6,0.0
gainesville,3,3,0,6,0.0
saba,3,3,0,6,0.0
link,3,3,0,6,0.0
1654,3,3,0,6,0.0
behavior,3,3,0,6,0.0
needs,3,3,0,6,0.0
heavily,3,3,0,6,0.0
villages,3,3,0,6,0.0
algonquian,3,3,0,6,0.0
mit,3,3,0,6,0.0
lucia,3,3,0,6,0.0
average,4,4,0,8,0.0
enforces,1,1,0,2,0.0
committee,3,3,0,6,0.0
transported,3,3,0,6,0.0
admiral,3,3,0,6,0.0
1614,3,3,0,6,0.0
subaltern,3,3,0,6,0.0
flora,3,3,0,6,0.0
burned,3,3,0,6,0.0
goal,3,3,0,6,0.0
traditionally,3,3,0,6,0.0
socio,3,3,0,6,0.0
aruba,3,3,0,6,0.0
migrant,3,3,0,6,0.0
low,3,3,0,6,0.0
samuel,3,3,0,6,0.0
spaces,3,3,0,6,0.0
gibraltar,3,3,0,6,0.0
frances,3,3,0,6,0.0
dependent,3,3,0,6,0.0
inaccurate,3,3,0,6,0.0
region3,3,3,0,6,0.0
results,3,3,0,6,0.0
balboa,3,3,0,6,0.0
region8,3,3,0,6,0.0
santiago,3,3,0,6,0.0
395,3,3,0,6,0.0
kong,3,3,0,6,0.0
1609,3,3,0,6,0.0
degradation,3,3,0,6,0.0
1824,3,3,0,6,0.0
lacked,3,3,0,6,0.0
124,3,3,0,6,0.0
populationcountryindigenousref,3,3,0,6,0.0
best,3,3,0,6,0.0
region2,3,3,0,6,0.0
antonio,3,3,0,6,0.0
dispute,3,3,0,6,0.0
acceptable,3,3,0,6,0.0
kind,3,3,0,6,0.0
pop5,3,3,0,6,0.0
mercantilism,3,3,0,6,0.0
mind,3,3,0,6,0.0
pop11,3,3,0,6,0.0
invaded,3,3,0,6,0.0
dont,3,3,0,6,0.0
possessed,3,3,0,6,0.0
birth,3,3,0,6,0.0
unity,3,3,0,6,0.0
bred,3,3,0,6,0.0
version,3,3,0,6,0.0
globalist,1,1,0,2,0.0
columns,1,1,0,2,0.0
comoros,1,1,0,2,0.0
considerably,1,1,0,2,0.0
starving,1,1,0,2,0.0
prevalent,1,1,0,2,0.0
fifteenth,1,1,0,2,0.0
balzac,1,1,0,2,0.0
dog,3,3,0,6,0.0
killer,1,1,0,2,0.0
guyanese,1,1,0,2,0.0
aragon,1,1,0,2,0.0
dun,1,1,0,2,0.0
region11,3,3,0,6,0.0
completely,3,3,0,6,0.0
officers,3,3,0,6,0.0
offered,3,3,0,6,0.0
headed,3,3,0,6,0.0
producing,3,3,0,6,0.0
818,3,3,0,6,0.0
immediately,1,1,0,2,0.0
37,3,3,0,6,0.0
follows,3,3,0,6,0.0
1952,3,3,0,6,0.0
ref8,3,3,0,6,0.0
ecuadorian,3,3,0,6,0.0
terra,3,3,0,6,0.0
proven,3,3,0,6,0.0
production,3,3,0,6,0.0
domains,3,3,0,6,0.0
collected,3,3,0,6,0.0
1950,3,3,0,6,0.0
renato,3,3,0,6,0.0
prohibiting,3,3,0,6,0.0
navajo,3,3,0,6,0.0
scottish,3,3,0,6,0.0
mainz,3,3,0,6,0.0
sovereignty,3,3,0,6,0.0
1504,3,3,0,6,0.0
sled,3,3,0,6,0.0
twice,3,3,0,6,0.0
fundamental,3,3,0,6,0.0
kitts,3,3,0,6,0.0
cartography,3,3,0,6,0.0
penn,3,3,0,6,0.0
acemoglu,3,3,0,6,0.0
hundreds,3,3,0,6,0.0
region5,3,3,0,6,0.0
partial,3,3,0,6,0.0
1000,3,3,0,6,0.0
table,3,3,0,6,0.0
plate,3,3,0,6,0.0
johnson,3,3,0,6,0.0
victoria,3,3,0,6,0.0
penghu,1,1,0,2,0.0
ref7,3,3,0,6,0.0
formidable,1,1,0,2,0.0
eradicate,1,1,0,2,0.0
dominance,1,1,0,2,0.0
lyal,1,1,0,2,0.0
yanaon,1,1,0,2,0.0
muslims,1,1,0,2,0.0
démographique,1,1,0,2,0.0
atoll,1,1,0,2,0.0
marginalization,1,1,0,2,0.0
ruling,1,1,0,2,0.0
caption,3,3,0,6,0.0
quarterly,1,1,0,2,0.0
1898,4,4,0,8,0.0
egypt,4,4,0,8,0.0
enrolled,4,4,0,8,0.0
increasing,4,4,0,8,0.0
fairly,4,4,0,8,0.0
tenochtitlán,4,4,0,8,0.0
communicable,4,4,0,8,0.0
catastrophe,4,4,0,8,0.0
kings,4,4,0,8,0.0
citizens,4,4,0,8,0.0
1908,1,1,0,2,0.0
indicate,4,4,0,8,0.0
classic,4,4,0,8,0.0
ad,4,4,0,8,0.0
worked,4,4,0,8,0.0
special,4,4,0,8,0.0
lawrence,4,4,0,8,0.0
1999,4,4,0,8,0.0
malta,4,4,0,8,0.0
admixture,4,4,0,8,0.0
bay,4,4,0,8,0.0
regardless,4,4,0,8,0.0
pages,4,4,0,8,0.0
skin,4,4,0,8,0.0
kenya,4,4,0,8,0.0
ref3,4,4,0,8,0.0
explained,4,4,0,8,0.0
sign,4,4,0,8,0.0
1989,4,4,0,8,0.0
force,4,4,0,8,0.0
celade,4,4,0,8,0.0
word,4,4,0,8,0.0
nearly,4,4,0,8,0.0
proportions,4,4,0,8,0.0
linguistic,4,4,0,8,0.0
boy,4,4,0,8,0.0
entry,4,4,0,8,0.0
pluri,4,4,0,8,0.0
complexity,4,4,0,8,0.0
1529,4,4,0,8,0.0
wide,4,4,0,8,0.0
phonetic,4,4,0,8,0.0
peaceful,4,4,0,8,0.0
gods,4,4,0,8,0.0
size,4,4,0,8,0.0
miniaturadeimagen,4,4,0,8,0.0
1761,1,1,0,2,0.0
dominion,1,1,0,2,0.0
oup,1,1,0,2,0.0
massacre,1,1,0,2,0.0
animosities,1,1,0,2,0.0
figures,4,4,0,8,0.0
translate,4,4,0,8,0.0
valleys,4,4,0,8,0.0
infants,4,4,0,8,0.0
veracruz,4,4,0,8,0.0
sacramento,1,1,0,2,0.0
conquistadores,4,4,0,8,0.0
digital,4,4,0,8,0.0
archaic,4,4,0,8,0.0
tlingit,4,4,0,8,0.0
oof,4,4,0,8,0.0
dating,4,4,0,8,0.0
linked,4,4,0,8,0.0
responsible,1,1,0,2,0.0
rare,1,1,0,2,0.0
iñupiat,4,4,0,8,0.0
split,4,4,0,8,0.0
archaeologists,4,4,0,8,0.0
stone,4,4,0,8,0.0
apart,4,4,0,8,0.0
infobox,4,4,0,8,0.0
highland,4,4,0,8,0.0
subsets,4,4,0,8,0.0
distinctive,4,4,0,8,0.0
baikal,4,4,0,8,0.0
araucanía,4,4,0,8,0.0
signature,4,4,0,8,0.0
dramatically,4,4,0,8,0.0
victories,1,1,0,2,0.0
1783,4,4,0,8,0.0
hong,4,4,0,8,0.0
osterhammel,4,4,0,8,0.0
existed,4,4,0,8,0.0
covered,4,4,0,8,0.0
recursos,1,1,0,2,0.0
daughter,1,1,0,2,0.0
boardroom,1,1,0,2,0.0
pondichéry,1,1,0,2,0.0
loans,1,1,0,2,0.0
observations,1,1,0,2,0.0
jpg,4,4,0,8,0.0
marambio,4,4,0,8,0.0
1667,4,4,0,8,0.0
unforeseeable,4,4,0,8,0.0
comprise,4,4,0,8,0.0
retain,4,4,0,8,0.0
rama,4,4,0,8,0.0
levels,4,4,0,8,0.0
pop4,4,4,0,8,0.0
tribute,4,4,0,8,0.0
mixtecs,4,4,0,8,0.0
musical,4,4,0,8,0.0
1520s,4,4,0,8,0.0
burial,4,4,0,8,0.0
giacomo,4,4,0,8,0.0
inter,4,4,0,8,0.0
interactions,4,4,0,8,0.0
ethiopia,4,4,0,8,0.0
academy,4,4,0,8,0.0
controversy,4,4,0,8,0.0
1630,4,4,0,8,0.0
chorotega,4,4,0,8,0.0
burning,4,4,0,8,0.0
cuicas,4,4,0,8,0.0
agitate,1,1,0,2,0.0
southerners,1,1,0,2,0.0
denser,1,1,0,2,0.0
lovejoy,1,1,0,2,0.0
furthermore,1,1,0,2,0.0
allow,1,1,0,2,0.0
labelled,1,1,0,2,0.0
eritreans,1,1,0,2,0.0
usage,1,1,0,2,0.0
kenneth,1,1,0,2,0.0
behalf,3,3,0,6,0.0
populationmartinique,1,1,0,2,0.0
thirty,4,4,0,8,0.0
hidden,4,4,0,8,0.0
chaco,4,4,0,8,0.0
warao,4,4,0,8,0.0
ref10,3,3,0,6,0.0
grenada,3,3,0,6,0.0
treaties,3,3,0,6,0.0
paper,3,3,0,6,0.0
recovering,3,3,0,6,0.0
hebrides,3,3,0,6,0.0
amish,1,1,0,2,0.0
flat,1,1,0,2,0.0
strike,1,1,0,2,0.0
110528,1,1,0,2,0.0
sauq,1,1,0,2,0.0
collins,1,1,0,2,0.0
1615,1,1,0,2,0.0
marxism,1,1,0,2,0.0
ont,1,1,0,2,0.0
goes,1,1,0,2,0.0
jamestown,4,4,0,8,0.0
membership,4,4,0,8,0.0
base,4,4,0,8,0.0
timoto,4,4,0,8,0.0
cañari,4,4,0,8,0.0
anishinaabe,4,4,0,8,0.0
subset,4,4,0,8,0.0
cost,4,4,0,8,0.0
civic,4,4,0,8,0.0
month,4,4,0,8,0.0
florentine,4,4,0,8,0.0
120,4,4,0,8,0.0
cent,4,4,0,8,0.0
defend,4,4,0,8,0.0
megafauna,4,4,0,8,0.0
peoplehood,4,4,0,8,0.0
alexander,4,4,0,8,0.0
takes,4,4,0,8,0.0
laurentide,4,4,0,8,0.0
athabaskan,4,4,0,8,0.0
differ,4,4,0,8,0.0
subsequent,4,4,0,8,0.0
cofán,4,4,0,8,0.0
fall,4,4,0,8,0.0
trees,4,4,0,8,0.0
accusations,1,1,0,2,0.0
resistances,4,4,0,8,0.0
regional,4,4,0,8,0.0
blood,4,4,0,8,0.0
geographically,4,4,0,8,0.0
greenlandic,4,4,0,8,0.0
sub,4,4,0,8,0.0
restrict,1,1,0,2,0.0
huffingtonpost,1,1,0,2,0.0
bob,1,1,0,2,0.0
1983,1,1,0,2,0.0
region24,1,1,0,2,0.0
scheme,4,4,0,8,0.0
peoples,284,285,-1,569,-0.0035211267605633804
american,312,314,-2,626,-0.00641025641025641
celebrated,99,100,-1,199,-0.010101010101010102
brazil,87,88,-1,175,-0.011494252873563218
indian,87,88,-1,175,-0.011494252873563218
including,83,84,-1,167,-0.012048192771084338
ethnic,77,78,-1,155,-0.012987012987012988
america,227,230,-3,457,-0.013215859030837005
indians,72,73,-1,145,-0.013888888888888888
americans,122,124,-2,246,-0.01639344262295082
spain,114,116,-2,230,-0.017543859649122806
indigenous,545,555,-10,1100,-0.01834862385321101
central,52,53,-1,105,-0.019230769230769232
populations,99,101,-2,200,-0.020202020202020204
language,47,48,-1,95,-0.02127659574468085
people,230,235,-5,465,-0.021739130434782608
pre,46,47,-1,93,-0.021739130434782608
cultural,85,87,-2,172,-0.023529411764705882
las,42,43,-1,85,-0.023809523809523808
disease,41,42,-1,83,-0.024390243902439025
celebration,81,83,-2,164,-0.024691358024691357
venezuela,40,41,-1,81,-0.025
europe,40,41,-1,81,-0.025
era,39,40,-1,79,-0.02564102564102564
population,193,198,-5,391,-0.025906735751295335
colombia,37,38,-1,75,-0.02702702702702703
region,37,38,-1,75,-0.02702702702702703
canada,73,75,-2,148,-0.0273972602739726
period,36,37,-1,73,-0.027777777777777776
countries,70,72,-2,142,-0.02857142857142857
celebrations,35,36,-1,71,-0.02857142857142857
based,34,35,-1,69,-0.029411764705882353
history,131,135,-4,266,-0.030534351145038167
united,160,165,-5,325,-0.03125
officially,32,33,-1,65,-0.03125
smallpox,63,65,-2,128,-0.031746031746031744
developed,31,32,-1,63,-0.03225806451612903
opposition,30,31,-1,61,-0.03333333333333333
culture,90,93,-3,183,-0.03333333333333333
india,30,31,-1,61,-0.03333333333333333
san,30,31,-1,61,-0.03333333333333333
indies,29,30,-1,59,-0.034482758620689655
european,227,235,-8,462,-0.03524229074889868
independence,28,29,-1,57,-0.03571428571428571
2007,27,28,-1,55,-0.037037037037037035
october,107,111,-4,218,-0.037383177570093455
19th,26,27,-1,53,-0.038461538461538464
chile,26,27,-1,53,-0.038461538461538464
scale,26,27,-1,53,-0.038461538461538464
catholic,26,27,-1,53,-0.038461538461538464
conquered,26,27,-1,53,-0.038461538461538464
economic,51,53,-2,104,-0.0392156862745098
thought,25,26,-1,51,-0.04
2010,25,26,-1,51,-0.04
human,48,50,-2,98,-0.041666666666666664
arrival,48,50,-2,98,-0.041666666666666664
south,94,98,-4,192,-0.0425531914893617
rico,23,24,-1,47,-0.043478260869565216
age,23,24,-1,47,-0.043478260869565216
explorer,23,24,-1,47,-0.043478260869565216
2012,23,24,-1,47,-0.043478260869565216
centuries,22,23,-1,45,-0.045454545454545456
voyages,22,23,-1,45,-0.045454545454545456
states,211,221,-10,432,-0.04739336492890995
ancestry,21,22,-1,43,-0.047619047619047616
replaced,21,22,-1,43,-0.047619047619047616
did,21,22,-1,43,-0.047619047619047616
established,42,44,-2,86,-0.047619047619047616
claimed,21,22,-1,43,-0.047619047619047616
public,21,22,-1,43,-0.047619047619047616
post,21,22,-1,43,-0.047619047619047616
americas,323,339,-16,662,-0.04953560371517028
institutions,20,21,-1,41,-0.05
imperial,20,21,-1,41,-0.05
country,78,82,-4,160,-0.05128205128205128
generally,19,20,-1,39,-0.05263157894736842
influence,19,20,-1,39,-0.05263157894736842
easter,19,20,-1,39,-0.05263157894736842
anti,19,20,-1,39,-0.05263157894736842
mexico,75,79,-4,154,-0.05333333333333334
chilean,37,39,-2,76,-0.05405405405405406
2002,18,19,-1,37,-0.05555555555555555
la,144,152,-8,296,-0.05555555555555555
civilization,18,19,-1,37,-0.05555555555555555
aztecs,18,19,-1,37,-0.05555555555555555
men,18,19,-1,37,-0.05555555555555555
route,18,19,-1,37,-0.05555555555555555
labor,18,19,-1,37,-0.05555555555555555
nicaragua,18,19,-1,37,-0.05555555555555555
remains,18,19,-1,37,-0.05555555555555555
1990,18,19,-1,37,-0.05555555555555555
columbus,441,466,-25,907,-0.05668934240362812
year,35,37,-2,72,-0.05714285714285714
recent,17,18,-1,35,-0.058823529411764705
agriculture,17,18,-1,35,-0.058823529411764705
antarctic,17,18,-1,35,-0.058823529411764705
000,153,162,-9,315,-0.058823529411764705
work,17,18,-1,35,-0.058823529411764705
map,17,18,-1,35,-0.058823529411764705
guatemala,34,36,-2,70,-0.058823529411764705
founded,17,18,-1,35,-0.058823529411764705
known,67,71,-4,138,-0.05970149253731343
europeans,83,88,-5,171,-0.060240963855421686
el,33,35,-2,68,-0.06060606060606061
nation,33,35,-2,68,-0.06060606060606061
numbers,16,17,-1,33,-0.0625
expansion,16,17,-1,33,-0.0625
life,16,17,-1,33,-0.0625
contemporary,16,17,-1,33,-0.0625
close,16,17,-1,33,-0.0625
book,16,17,-1,33,-0.0625
originated,16,17,-1,33,-0.0625
important,16,17,-1,33,-0.0625
measles,16,17,-1,33,-0.0625
present,63,67,-4,130,-0.06349206349206349
majority,31,33,-2,64,-0.06451612903225806
race,31,33,-2,64,-0.06451612903225806
century,121,129,-8,250,-0.06611570247933884
changes,15,16,-1,31,-0.06666666666666667
practices,15,16,-1,31,-0.06666666666666667
10,30,32,-2,62,-0.06666666666666667
virginia,15,16,-1,31,-0.06666666666666667
short,15,16,-1,31,-0.06666666666666667
18th,15,16,-1,31,-0.06666666666666667
international,44,47,-3,91,-0.06818181818181818
president,44,47,-3,91,-0.06818181818181818
celebrate,44,47,-3,91,-0.06818181818181818
control,29,31,-2,60,-0.06896551724137931
left,43,46,-3,89,-0.06976744186046512
spread,28,30,-2,58,-0.07142857142857142
land,42,45,-3,87,-0.07142857142857142
imperialism,28,30,-2,58,-0.07142857142857142
organizations,14,15,-1,29,-0.07142857142857142
arrived,14,15,-1,29,-0.07142857142857142
particularly,14,15,-1,29,-0.07142857142857142
little,14,15,-1,29,-0.07142857142857142
mexican,14,15,-1,29,-0.07142857142857142
lands,28,30,-2,58,-0.07142857142857142
14,14,15,-1,29,-0.07142857142857142
estimated,14,15,-1,29,-0.07142857142857142
approximately,14,15,-1,29,-0.07142857142857142
time,69,74,-5,143,-0.07246376811594203
early,55,59,-4,114,-0.07272727272727272
social,41,44,-3,85,-0.07317073170731707
empires,27,29,-2,56,-0.07407407407407407
political,54,58,-4,112,-0.07407407407407407
years,92,99,-7,191,-0.07608695652173914
contact,39,42,-3,81,-0.07692307692307693
removed,13,14,-1,27,-0.07692307692307693
order,13,14,-1,27,-0.07692307692307693
encounter,13,14,-1,27,-0.07692307692307693
businesses,13,14,-1,27,-0.07692307692307693
distinct,13,14,-1,27,-0.07692307692307693
et,13,14,-1,27,-0.07692307692307693
25,13,14,-1,27,-0.07692307692307693
article,13,14,-1,27,-0.07692307692307693
eurasian,13,14,-1,27,-0.07692307692307693
22,13,14,-1,27,-0.07692307692307693
end,25,27,-2,52,-0.08
puerto,25,27,-2,52,-0.08
north,109,118,-9,227,-0.08256880733944955
taken,12,13,-1,25,-0.08333333333333333
john,12,13,-1,25,-0.08333333333333333
24,12,13,-1,25,-0.08333333333333333
17,12,13,-1,25,-0.08333333333333333
form,12,13,-1,25,-0.08333333333333333
bartolomé,12,13,-1,25,-0.08333333333333333
netherlands,12,13,-1,25,-0.08333333333333333
reported,12,13,-1,25,-0.08333333333333333
minority,12,13,-1,25,-0.08333333333333333
2008,12,13,-1,25,-0.08333333333333333
pro,12,13,-1,25,-0.08333333333333333
having,12,13,-1,25,-0.08333333333333333
16,12,13,-1,25,-0.08333333333333333
africans,12,13,-1,25,-0.08333333333333333
caribbean,47,51,-4,98,-0.0851063829787234
world,164,178,-14,342,-0.08536585365853659
africa,46,50,-4,96,-0.08695652173913043
number,23,25,-2,48,-0.08695652173913043
russian,23,25,-2,48,-0.08695652173913043
french,57,62,-5,119,-0.08771929824561403
entire,11,12,-1,23,-0.09090909090909091
vast,11,12,-1,23,-0.09090909090909091
black,11,12,-1,23,-0.09090909090909091
policy,11,12,-1,23,-0.09090909090909091
journal,11,12,-1,23,-0.09090909090909091
contrast,11,12,-1,23,-0.09090909090909091
support,11,12,-1,23,-0.09090909090909091
impact,11,12,-1,23,-0.09090909090909091
shared,11,12,-1,23,-0.09090909090909091
observe,11,12,-1,23,-0.09090909090909091
center,11,12,-1,23,-0.09090909090909091
95,11,12,-1,23,-0.09090909090909091
permanent,11,12,-1,23,-0.09090909090909091
valley,11,12,-1,23,-0.09090909090909091
using,11,12,-1,23,-0.09090909090909091
large,54,59,-5,113,-0.09259259259259259
later,43,47,-4,90,-0.09302325581395349
major,21,23,-2,44,-0.09523809523809523
portuguese,52,57,-5,109,-0.09615384615384616
slave,31,34,-3,65,-0.0967741935483871
west,31,34,-3,65,-0.0967741935483871
british,60,66,-6,126,-0.1
inhabitants,20,22,-2,42,-0.1
thumb,170,187,-17,357,-0.1
coast,40,44,-4,84,-0.1
lobbying,10,11,-1,21,-0.1
juan,10,11,-1,21,-0.1
neighboring,10,11,-1,21,-0.1
architecture,10,11,-1,21,-0.1
started,10,11,-1,21,-0.1
met,10,11,-1,21,-0.1
august,10,11,-1,21,-0.1
farming,10,11,-1,21,-0.1
gold,10,11,-1,21,-0.1
instituted,10,11,-1,21,-0.1
nahuatl,10,11,-1,21,-0.1
carib,10,11,-1,21,-0.1
adopted,10,11,-1,21,-0.1
thousands,10,11,-1,21,-0.1
war,39,43,-4,82,-0.10256410256410256
east,38,42,-4,80,-0.10526315789473684
spaniards,28,31,-3,59,-0.10714285714285714
colonies,144,160,-16,304,-0.1111111111111111
meeting,9,10,-1,19,-0.1111111111111111
association,9,10,-1,19,-0.1111111111111111
mainland,9,10,-1,19,-0.1111111111111111
anglo,9,10,-1,19,-0.1111111111111111
2003,18,20,-2,38,-0.1111111111111111
ii,18,20,-2,38,-0.1111111111111111
today,27,30,-3,57,-0.1111111111111111
areas,36,40,-4,76,-0.1111111111111111
arizona,9,10,-1,19,-0.1111111111111111
fact,9,10,-1,19,-0.1111111111111111
resulted,9,10,-1,19,-0.1111111111111111
global,9,10,-1,19,-0.1111111111111111
independent,9,10,-1,19,-0.1111111111111111
epidemics,9,10,-1,19,-0.1111111111111111
cortés,9,10,-1,19,-0.1111111111111111
hernán,9,10,-1,19,-0.1111111111111111
nature,9,10,-1,19,-0.1111111111111111
advanced,9,10,-1,19,-0.1111111111111111
level,9,10,-1,19,-0.1111111111111111
ottoman,9,10,-1,19,-0.1111111111111111
geographical,9,10,-1,19,-0.1111111111111111
killed,18,20,-2,38,-0.1111111111111111
empire,107,119,-12,226,-0.11214953271028037
press,26,29,-3,55,-0.11538461538461539
colonial,111,124,-13,235,-0.11711711711711711
settlement,34,38,-4,72,-0.11764705882352941
study,17,19,-2,36,-0.11764705882352941
16th,17,19,-2,36,-0.11764705882352941
conquest,34,38,-4,72,-0.11764705882352941
colony,32,36,-4,68,-0.125
eastern,24,27,-3,51,-0.125
dictionary,8,9,-1,17,-0.125
notably,8,9,-1,17,-0.125
roman,16,18,-2,34,-0.125
systematic,8,9,-1,17,-0.125
descendants,16,18,-2,34,-0.125
white,16,18,-2,34,-0.125
politics,8,9,-1,17,-0.125
infected,8,9,-1,17,-0.125
family,8,9,-1,17,-0.125
written,8,9,-1,17,-0.125
refer,8,9,-1,17,-0.125
wealth,8,9,-1,17,-0.125
recognizes,8,9,-1,17,-0.125
recorded,8,9,-1,17,-0.125
northern,24,27,-3,51,-0.125
demographic,8,9,-1,17,-0.125
decline,8,9,-1,17,-0.125
royal,8,9,-1,17,-0.125
tradition,8,9,-1,17,-0.125
commercial,8,9,-1,17,-0.125
cape,8,9,-1,17,-0.125
legend,8,9,-1,17,-0.125
death,8,9,-1,17,-0.125
saint,24,27,-3,51,-0.125
process,15,17,-2,32,-0.13333333333333333
exploitation,15,17,-2,32,-0.13333333333333333
art,15,17,-2,32,-0.13333333333333333
20th,30,34,-4,64,-0.13333333333333333
largely,15,17,-2,32,-0.13333333333333333
diseases,59,67,-8,126,-0.13559322033898305
com,22,25,-3,47,-0.13636363636363635
military,22,25,-3,47,-0.13636363636363635
city,58,66,-8,124,-0.13793103448275862
dutch,43,49,-6,92,-0.13953488372093023
new,184,210,-26,394,-0.14130434782608695
1513,7,8,-1,15,-0.14285714285714285
1540,7,8,-1,15,-0.14285714285714285
names,7,8,-1,15,-0.14285714285714285
200,7,8,-1,15,-0.14285714285714285
inhabited,7,8,-1,15,-0.14285714285714285
extended,7,8,-1,15,-0.14285714285714285
contributions,7,8,-1,15,-0.14285714285714285
conditions,7,8,-1,15,-0.14285714285714285
owed,7,8,-1,15,-0.14285714285714285
monumental,7,8,-1,15,-0.14285714285714285
portion,7,8,-1,15,-0.14285714285714285
policies,7,8,-1,15,-0.14285714285714285
taíno,7,8,-1,15,-0.14285714285714285
agree,7,8,-1,15,-0.14285714285714285
yellow,7,8,-1,15,-0.14285714285714285
mary,7,8,-1,15,-0.14285714285714285
landed,7,8,-1,15,-0.14285714285714285
immigrant,7,8,-1,15,-0.14285714285714285
faced,7,8,-1,15,-0.14285714285714285
2015,7,8,-1,15,-0.14285714285714285
losses,7,8,-1,15,-0.14285714285714285
varies,7,8,-1,15,-0.14285714285714285
cholera,7,8,-1,15,-0.14285714285714285
metropole,7,8,-1,15,-0.14285714285714285
internal,7,8,-1,15,-0.14285714285714285
greatest,7,8,-1,15,-0.14285714285714285
methods,7,8,-1,15,-0.14285714285714285
theory,7,8,-1,15,-0.14285714285714285
siege,7,8,-1,15,-0.14285714285714285
65,7,8,-1,15,-0.14285714285714285
columbian,56,64,-8,120,-0.14285714285714285
woman,14,16,-2,30,-0.14285714285714285
argentine,14,16,-2,30,-0.14285714285714285
oldest,14,16,-2,30,-0.14285714285714285
young,7,8,-1,15,-0.14285714285714285
introduced,14,16,-2,30,-0.14285714285714285
dates,7,8,-1,15,-0.14285714285714285
benjamin,7,8,-1,15,-0.14285714285714285
sale,7,8,-1,15,-0.14285714285714285
began,35,40,-5,75,-0.14285714285714285
result,14,16,-2,30,-0.14285714285714285
western,55,63,-8,118,-0.14545454545454545
island,47,54,-7,101,-0.14893617021276595
colonialism,79,91,-12,170,-0.1518987341772152
virgin,13,15,-2,28,-0.15384615384615385
inca,13,15,-2,28,-0.15384615384615385
named,13,15,-2,28,-0.15384615384615385
caused,13,15,-2,28,-0.15384615384615385
foreign,13,15,-2,28,-0.15384615384615385
concept,13,15,-2,28,-0.15384615384615385
ohio,13,15,-2,28,-0.15384615384615385
ocean,13,15,-2,28,-0.15384615384615385
washington,13,15,-2,28,-0.15384615384615385
genocide,19,22,-3,41,-0.15789473684210525
francisco,25,29,-4,54,-0.16
spanish,161,187,-26,348,-0.16149068322981366
italian,67,78,-11,145,-0.16417910447761194
18,6,7,-1,13,-0.16666666666666666
mcdonald,6,7,-1,13,-0.16666666666666666
bank,6,7,-1,13,-0.16666666666666666
description,6,7,-1,13,-0.16666666666666666
supported,6,7,-1,13,-0.16666666666666666
science,6,7,-1,13,-0.16666666666666666
follow,6,7,-1,13,-0.16666666666666666
references,6,7,-1,13,-0.16666666666666666
smithsonian,6,7,-1,13,-0.16666666666666666
described,6,7,-1,13,-0.16666666666666666
played,6,7,-1,13,-0.16666666666666666
palgrave,6,7,-1,13,-0.16666666666666666
class,6,7,-1,13,-0.16666666666666666
andean,6,7,-1,13,-0.16666666666666666
resolution,6,7,-1,13,-0.16666666666666666
subjugate,6,7,-1,13,-0.16666666666666666
colonization,66,77,-11,143,-0.16666666666666666
veterans,6,7,-1,13,-0.16666666666666666
1878,6,7,-1,13,-0.16666666666666666
aspects,6,7,-1,13,-0.16666666666666666
castilian,6,7,-1,13,-0.16666666666666666
line,6,7,-1,13,-0.16666666666666666
aztec,24,28,-4,52,-0.16666666666666666
madrid,6,7,-1,13,-0.16666666666666666
says,6,7,-1,13,-0.16666666666666666
went,6,7,-1,13,-0.16666666666666666
influenza,6,7,-1,13,-0.16666666666666666
citizenry,6,7,-1,13,-0.16666666666666666
domesticated,6,7,-1,13,-0.16666666666666666
ending,6,7,-1,13,-0.16666666666666666
position,6,7,-1,13,-0.16666666666666666
addition,6,7,-1,13,-0.16666666666666666
heard,6,7,-1,13,-0.16666666666666666
good,6,7,-1,13,-0.16666666666666666
likely,6,7,-1,13,-0.16666666666666666
mineral,6,7,-1,13,-0.16666666666666666
county,6,7,-1,13,-0.16666666666666666
1521,6,7,-1,13,-0.16666666666666666
liberty,6,7,-1,13,-0.16666666666666666
colonists,24,28,-4,52,-0.16666666666666666
exploited,6,7,-1,13,-0.16666666666666666
types,6,7,-1,13,-0.16666666666666666
simply,6,7,-1,13,-0.16666666666666666
zanzibar,6,7,-1,13,-0.16666666666666666
mass,6,7,-1,13,-0.16666666666666666
hemispheres,6,7,-1,13,-0.16666666666666666
ideas,12,14,-2,26,-0.16666666666666666
ed,12,14,-2,26,-0.16666666666666666
capital,12,14,-2,26,-0.16666666666666666
fought,12,14,-2,26,-0.16666666666666666
able,6,7,-1,13,-0.16666666666666666
peruvian,6,7,-1,13,-0.16666666666666666
colonized,17,20,-3,37,-0.17647058823529413
old,28,33,-5,61,-0.17857142857142858
15th,11,13,-2,24,-0.18181818181818182
geography,11,13,-2,24,-0.18181818181818182
given,11,13,-2,24,-0.18181818181818182
way,11,13,-2,24,-0.18181818181818182
1832,11,13,-2,24,-0.18181818181818182
previously,11,13,-2,24,-0.18181818181818182
colonizers,16,19,-3,35,-0.1875
discovered,16,19,-3,35,-0.1875
food,16,19,-3,35,-0.1875
panama,10,12,-2,22,-0.2
failed,5,6,-1,11,-0.2
journey,5,6,-1,11,-0.2
deaths,5,6,-1,11,-0.2
coincide,5,6,-1,11,-0.2
honors,5,6,-1,11,-0.2
guiana,10,12,-2,22,-0.2
biological,5,6,-1,11,-0.2
mountains,5,6,-1,11,-0.2
exposed,5,6,-1,11,-0.2
atlantic,15,18,-3,33,-0.2
rule,15,18,-3,33,-0.2
explorations,5,6,-1,11,-0.2
care,5,6,-1,11,-0.2
travel,5,6,-1,11,-0.2
fell,10,12,-2,22,-0.2
jamaica,5,6,-1,11,-0.2
protectorate,5,6,-1,11,-0.2
violence,10,12,-2,22,-0.2
hemisphere,10,12,-2,22,-0.2
oct,10,12,-2,22,-0.2
st,10,12,-2,22,-0.2
account,10,12,-2,22,-0.2
critic,5,6,-1,11,-0.2
ordered,5,6,-1,11,-0.2
controlled,5,6,-1,11,-0.2
noted,5,6,-1,11,-0.2
imposed,5,6,-1,11,-0.2
breeding,5,6,-1,11,-0.2
armour,5,6,-1,11,-0.2
worlds,5,6,-1,11,-0.2
consequences,5,6,-1,11,-0.2
1450,5,6,-1,11,-0.2
kirchner,5,6,-1,11,-0.2
fe,5,6,-1,11,-0.2
belgian,5,6,-1,11,-0.2
peninsula,5,6,-1,11,-0.2
attributed,5,6,-1,11,-0.2
conquistador,5,6,-1,11,-0.2
84,5,6,-1,11,-0.2
handful,5,6,-1,11,-0.2
fever,5,6,-1,11,-0.2
bear,5,6,-1,11,-0.2
typhus,5,6,-1,11,-0.2
pizarro,5,6,-1,11,-0.2
haiti,5,6,-1,11,-0.2
arms,5,6,-1,11,-0.2
diphtheria,5,6,-1,11,-0.2
point,5,6,-1,11,-0.2
chosen,5,6,-1,11,-0.2
scientific,5,6,-1,11,-0.2
newly,5,6,-1,11,-0.2
defense,5,6,-1,11,-0.2
roosevelt,5,6,-1,11,-0.2
barthélemy,5,6,-1,11,-0.2
learning,5,6,-1,11,-0.2
ghana,5,6,-1,11,-0.2
extensive,5,6,-1,11,-0.2
physics,5,6,-1,11,-0.2
commemorating,5,6,-1,11,-0.2
brasil,5,6,-1,11,-0.2
cristina,5,6,-1,11,-0.2
college,5,6,-1,11,-0.2
perspectives,5,6,-1,11,-0.2
surplus,5,6,-1,11,-0.2
articles,5,6,-1,11,-0.2
meant,5,6,-1,11,-0.2
independently,5,6,-1,11,-0.2
rapidly,5,6,-1,11,-0.2
smith,5,6,-1,11,-0.2
68,5,6,-1,11,-0.2
university,24,29,-5,53,-0.20833333333333334
took,19,23,-4,42,-0.21052631578947367
christopher,57,69,-12,126,-0.21052631578947367
500,33,40,-7,73,-0.21212121212121213
act,14,17,-3,31,-0.21428571428571427
york,37,45,-8,82,-0.21621621621621623
attempted,9,11,-2,20,-0.2222222222222222
page,9,11,-2,20,-0.2222222222222222
danish,9,11,-2,20,-0.2222222222222222
resulting,9,11,-2,20,-0.2222222222222222
children,18,22,-4,40,-0.2222222222222222
man,9,11,-2,20,-0.2222222222222222
falkland,9,11,-2,20,-0.2222222222222222
introduction,9,11,-2,20,-0.2222222222222222
eds,9,11,-2,20,-0.2222222222222222
argued,9,11,-2,20,-0.2222222222222222
german,22,27,-5,49,-0.22727272727272727
texas,13,16,-3,29,-0.23076923076923078
republic,21,26,-5,47,-0.23809523809523808
49,4,5,-1,9,-0.25
street,4,5,-1,9,-0.25
finally,4,5,-1,9,-0.25
domination,4,5,-1,9,-0.25
referred,4,5,-1,9,-0.25
100,4,5,-1,9,-0.25
philippines,4,5,-1,9,-0.25
span,4,5,-1,9,-0.25
chiapas,4,5,-1,9,-0.25
knowledge,4,5,-1,9,-0.25
demography,4,5,-1,9,-0.25
survey,4,5,-1,9,-0.25
lost,4,5,-1,9,-0.25
1519,4,5,-1,9,-0.25
exceptions,4,5,-1,9,-0.25
legacy,4,5,-1,9,-0.25
breed,4,5,-1,9,-0.25
reversal,4,5,-1,9,-0.25
red,4,5,-1,9,-0.25
tierra,4,5,-1,9,-0.25
452,4,5,-1,9,-0.25
devastation,4,5,-1,9,-0.25
stated,4,5,-1,9,-0.25
secondary,4,5,-1,9,-0.25
martin,4,5,-1,9,-0.25
miskitos,4,5,-1,9,-0.25
hill,4,5,-1,9,-0.25
figure,4,5,-1,9,-0.25
le,4,5,-1,9,-0.25
chickenpox,4,5,-1,9,-0.25
shops,4,5,-1,9,-0.25
miskito,16,20,-4,36,-0.25
yucatán,8,10,-2,18,-0.25
88,8,10,-2,18,-0.25
immunity,8,10,-2,18,-0.25
35,8,10,-2,18,-0.25
19,8,10,-2,18,-0.25
london,8,10,-2,18,-0.25
place,16,20,-4,36,-0.25
traits,4,5,-1,9,-0.25
31,4,5,-1,9,-0.25
1530s,4,5,-1,9,-0.25
norway,4,5,-1,9,-0.25
1880,4,5,-1,9,-0.25
review,4,5,-1,9,-0.25
collection,4,5,-1,9,-0.25
núñez,4,5,-1,9,-0.25
león,4,5,-1,9,-0.25
habitation,4,5,-1,9,-0.25
giovanni,4,5,-1,9,-0.25
1800,4,5,-1,9,-0.25
somalia,4,5,-1,9,-0.25
building,4,5,-1,9,-0.25
densely,4,5,-1,9,-0.25
suffered,4,5,-1,9,-0.25
tunisia,4,5,-1,9,-0.25
bar,4,5,-1,9,-0.25
son,4,5,-1,9,-0.25
wiped,4,5,-1,9,-0.25
regard,4,5,-1,9,-0.25
style,4,5,-1,9,-0.25
shows,4,5,-1,9,-0.25
closed,4,5,-1,9,-0.25
classified,4,5,-1,9,-0.25
servitude,4,5,-1,9,-0.25
id,4,5,-1,9,-0.25
virtually,4,5,-1,9,-0.25
literature,4,5,-1,9,-0.25
technologies,4,5,-1,9,-0.25
dozens,4,5,-1,9,-0.25
mississippi,4,5,-1,9,-0.25
fuego,4,5,-1,9,-0.25
far,16,20,-4,36,-0.25
kingdom,16,20,-4,36,-0.25
prior,12,15,-3,27,-0.25
scholars,12,15,-3,27,-0.25
1982,8,10,-2,18,-0.25
sweden,4,5,-1,9,-0.25
cuba,19,24,-5,43,-0.2631578947368421
islands,72,91,-19,163,-0.2638888888888889
vol,15,19,-4,34,-0.26666666666666666
sea,11,14,-3,25,-0.2727272727272727
cities,11,14,-3,25,-0.2727272727272727
protectorates,11,14,-3,25,-0.2727272727272727
use,22,28,-6,50,-0.2727272727272727
tenochtitlan,11,14,-3,25,-0.2727272727272727
school,7,9,-2,16,-0.2857142857142857
continuously,7,9,-2,16,-0.2857142857142857
gave,7,9,-2,16,-0.2857142857142857
wisconsin,7,9,-2,16,-0.2857142857142857
guinea,7,9,-2,16,-0.2857142857142857
populated,7,9,-2,16,-0.2857142857142857
decades,7,9,-2,16,-0.2857142857142857
high,7,9,-2,16,-0.2857142857142857
ships,7,9,-2,16,-0.2857142857142857
civilizations,20,26,-6,46,-0.3
widely,10,13,-3,23,-0.3
2018,10,13,-3,23,-0.3
battle,10,13,-3,23,-0.3
animals,13,17,-4,30,-0.3076923076923077
december,13,17,-4,30,-0.3076923076923077
exchange,29,38,-9,67,-0.3103448275862069
examples,3,4,-1,7,-0.3333333333333333
morocco,3,4,-1,7,-0.3333333333333333
continued,6,8,-2,14,-0.3333333333333333
rome,3,4,-1,7,-0.3333333333333333
qatar,3,4,-1,7,-0.3333333333333333
foreigners,3,4,-1,7,-0.3333333333333333
spelman,3,4,-1,7,-0.3333333333333333
biggest,3,4,-1,7,-0.3333333333333333
greenwood,3,4,-1,7,-0.3333333333333333
tianjin,3,4,-1,7,-0.3333333333333333
minor,3,4,-1,7,-0.3333333333333333
brilliant,3,4,-1,7,-0.3333333333333333
inspired,3,4,-1,7,-0.3333333333333333
suffering,3,4,-1,7,-0.3333333333333333
actively,3,4,-1,7,-0.3333333333333333
reading,3,4,-1,7,-0.3333333333333333
portland,3,4,-1,7,-0.3333333333333333
bubonic,3,4,-1,7,-0.3333333333333333
possibly,3,4,-1,7,-0.3333333333333333
cook,3,4,-1,7,-0.3333333333333333
tropics,3,4,-1,7,-0.3333333333333333
worship,3,4,-1,7,-0.3333333333333333
champion,3,4,-1,7,-0.3333333333333333
pay,6,8,-2,14,-0.3333333333333333
paul,6,8,-2,14,-0.3333333333333333
indirectly,3,4,-1,7,-0.3333333333333333
encountered,3,4,-1,7,-0.3333333333333333
govern,3,4,-1,7,-0.3333333333333333
series,3,4,-1,7,-0.3333333333333333
companies,3,4,-1,7,-0.3333333333333333
particular,3,4,-1,7,-0.3333333333333333
greeks,3,4,-1,7,-0.3333333333333333
commonwealth,3,4,-1,7,-0.3333333333333333
philip,3,4,-1,7,-0.3333333333333333
nationalist,3,4,-1,7,-0.3333333333333333
56,3,4,-1,7,-0.3333333333333333
ban,3,4,-1,7,-0.3333333333333333
naval,3,4,-1,7,-0.3333333333333333
primitive,3,4,-1,7,-0.3333333333333333
canary,3,4,-1,7,-0.3333333333333333
swahili,3,4,-1,7,-0.3333333333333333
cultivating,3,4,-1,7,-0.3333333333333333
settler,3,4,-1,7,-0.3333333333333333
mariner,3,4,-1,7,-0.3333333333333333
adapted,3,4,-1,7,-0.3333333333333333
russell,3,4,-1,7,-0.3333333333333333
profit,3,4,-1,7,-0.3333333333333333
quite,3,4,-1,7,-0.3333333333333333
meso,3,4,-1,7,-0.3333333333333333
handbook,3,4,-1,7,-0.3333333333333333
guadeloupe,3,4,-1,7,-0.3333333333333333
bahrain,3,4,-1,7,-0.3333333333333333
malaria,3,4,-1,7,-0.3333333333333333
viewed,3,4,-1,7,-0.3333333333333333
interests,3,4,-1,7,-0.3333333333333333
locations,3,4,-1,7,-0.3333333333333333
163,3,4,-1,7,-0.3333333333333333
christmas,3,4,-1,7,-0.3333333333333333
trinidad,6,8,-2,14,-0.3333333333333333
campaign,3,4,-1,7,-0.3333333333333333
couronian,3,4,-1,7,-0.3333333333333333
markets,3,4,-1,7,-0.3333333333333333
attempts,6,8,-2,14,-0.3333333333333333
cincinnati,6,8,-2,14,-0.3333333333333333
matters,3,4,-1,7,-0.3333333333333333
queen,3,4,-1,7,-0.3333333333333333
collapsed,3,4,-1,7,-0.3333333333333333
infectious,3,4,-1,7,-0.3333333333333333
ponce,3,4,-1,7,-0.3333333333333333
coronado,3,4,-1,7,-0.3333333333333333
omani,3,4,-1,7,-0.3333333333333333
saïd,3,4,-1,7,-0.3333333333333333
church,3,4,-1,7,-0.3333333333333333
socotra,3,4,-1,7,-0.3333333333333333
plague,6,8,-2,14,-0.3333333333333333
trading,6,8,-2,14,-0.3333333333333333
1820,3,4,-1,7,-0.3333333333333333
allen,3,4,-1,7,-0.3333333333333333
colombian,3,4,-1,7,-0.3333333333333333
27,3,4,-1,7,-0.3333333333333333
29,3,4,-1,7,-0.3333333333333333
fortune,3,4,-1,7,-0.3333333333333333
patagonia,6,8,-2,14,-0.3333333333333333
webster,3,4,-1,7,-0.3333333333333333
continue,9,12,-3,21,-0.3333333333333333
slowly,3,4,-1,7,-0.3333333333333333
eschew,3,4,-1,7,-0.3333333333333333
dependency,3,4,-1,7,-0.3333333333333333
calling,3,4,-1,7,-0.3333333333333333
beliefs,3,4,-1,7,-0.3333333333333333
required,3,4,-1,7,-0.3333333333333333
search,6,8,-2,14,-0.3333333333333333
books,6,8,-2,14,-0.3333333333333333
florida,15,20,-5,35,-0.3333333333333333
gained,6,8,-2,14,-0.3333333333333333
efforts,6,8,-2,14,-0.3333333333333333
earlier,6,8,-2,14,-0.3333333333333333
honor,6,8,-2,14,-0.3333333333333333
15,11,15,-4,26,-0.36363636363636365
general,27,37,-10,64,-0.37037037037037035
plants,8,11,-3,19,-0.375
historian,8,11,-3,19,-0.375
natives,26,36,-10,62,-0.38461538461538464
died,18,25,-7,43,-0.3888888888888889
true,5,7,-2,12,-0.4
taught,5,7,-2,12,-0.4
news,5,7,-2,12,-0.4
plata,5,7,-2,12,-0.4
crosby,5,7,-2,12,-0.4
courland,5,7,-2,12,-0.4
expedition,10,14,-4,24,-0.4
china,7,10,-3,17,-0.42857142857142855
encyclopedia,7,10,-3,17,-0.42857142857142855
300,7,10,-3,17,-0.42857142857142855
oxford,9,13,-4,22,-0.4444444444444444
oklahoma,11,16,-5,27,-0.45454545454545453
santa,11,16,-5,27,-0.45454545454545453
accompanied,2,3,-1,5,-0.5
waged,2,3,-1,5,-0.5
globalism,2,3,-1,5,-0.5
iceland,2,3,-1,5,-0.5
eritrea,2,3,-1,5,-0.5
farther,2,3,-1,5,-0.5
12th,2,3,-1,5,-0.5
publishing,2,3,-1,5,-0.5
176,2,3,-1,5,-0.5
pr,2,3,-1,5,-0.5
weapons,2,3,-1,5,-0.5
1830,2,3,-1,5,-0.5
millennia,2,3,-1,5,-0.5
1497,2,3,-1,5,-0.5
calculated,2,3,-1,5,-0.5
400,2,3,-1,5,-0.5
past,2,3,-1,5,-0.5
mumps,2,3,-1,5,-0.5
palestine,2,3,-1,5,-0.5
tropical,4,6,-2,10,-0.5
effects,4,6,-2,10,-0.5
mabila,4,6,-2,10,-0.5
colonize,4,6,-2,10,-0.5
thomas,4,6,-2,10,-0.5
da,4,6,-2,10,-0.5
poor,4,6,-2,10,-0.5
lima,4,6,-2,10,-0.5
1900,2,3,-1,5,-0.5
syria,2,3,-1,5,-0.5
israel,2,3,-1,5,-0.5
conversation,2,3,-1,5,-0.5
declaration,2,3,-1,5,-0.5
searching,2,3,-1,5,-0.5
persecution,2,3,-1,5,-0.5
artificial,2,3,-1,5,-0.5
ethiopian,2,3,-1,5,-0.5
comparison,4,6,-2,10,-0.5
paleopathology,2,3,-1,5,-0.5
separate,4,6,-2,10,-0.5
mi,4,6,-2,10,-0.5
simultaneously,2,3,-1,5,-0.5
cunha,2,3,-1,5,-0.5
goodman,2,3,-1,5,-0.5
44,2,3,-1,5,-0.5
encouraging,2,3,-1,5,-0.5
nunn,2,3,-1,5,-0.5
numbered,2,3,-1,5,-0.5
inst,2,3,-1,5,-0.5
agreements,2,3,-1,5,-0.5
boivin,2,3,-1,5,-0.5
globalization,2,3,-1,5,-0.5
nicobar,2,3,-1,5,-0.5
outer,2,3,-1,5,-0.5
declined,4,6,-2,10,-0.5
cohen,2,3,-1,5,-0.5
norfolk,2,3,-1,5,-0.5
oceania,2,3,-1,5,-0.5
1550,2,3,-1,5,-0.5
vaca,2,3,-1,5,-0.5
documented,2,3,-1,5,-0.5
radio,2,3,-1,5,-0.5
klein,2,3,-1,5,-0.5
egyptian,2,3,-1,5,-0.5
regarded,2,3,-1,5,-0.5
arrows,2,3,-1,5,-0.5
recently,2,3,-1,5,-0.5
qian,2,3,-1,5,-0.5
wave,2,3,-1,5,-0.5
antarctica,4,6,-2,10,-0.5
alabama,4,6,-2,10,-0.5
invaders,2,3,-1,5,-0.5
southeastern,2,3,-1,5,-0.5
months,2,3,-1,5,-0.5
341,2,3,-1,5,-0.5
colonizing,8,12,-4,20,-0.5
globe,2,3,-1,5,-0.5
governmental,2,3,-1,5,-0.5
148,2,3,-1,5,-0.5
240,2,3,-1,5,-0.5
soil,2,3,-1,5,-0.5
perpetrated,2,3,-1,5,-0.5
nigeria,2,3,-1,5,-0.5
cabeza,2,3,-1,5,-0.5
fuller,2,3,-1,5,-0.5
leprosy,2,3,-1,5,-0.5
earle,2,3,-1,5,-0.5
hernando,2,3,-1,5,-0.5
1523,2,3,-1,5,-0.5
protection,2,3,-1,5,-0.5
isbn,2,3,-1,5,-0.5
documentation,2,3,-1,5,-0.5
married,2,3,-1,5,-0.5
industry,2,3,-1,5,-0.5
initiating,2,3,-1,5,-0.5
verano,2,3,-1,5,-0.5
casual,2,3,-1,5,-0.5
location,2,3,-1,5,-0.5
adopting,2,3,-1,5,-0.5
camp,2,3,-1,5,-0.5
travelled,2,3,-1,5,-0.5
hunt,2,3,-1,5,-0.5
edward,2,3,-1,5,-0.5
borneo,2,3,-1,5,-0.5
korean,2,3,-1,5,-0.5
crowther,2,3,-1,5,-0.5
subsequently,2,3,-1,5,-0.5
speech,2,3,-1,5,-0.5
fungi,2,3,-1,5,-0.5
sciences,2,3,-1,5,-0.5
marshall,2,3,-1,5,-0.5
product,2,3,-1,5,-0.5
paris,2,3,-1,5,-0.5
needed,2,3,-1,5,-0.5
features,2,3,-1,5,-0.5
vietnam,2,3,-1,5,-0.5
represents,2,3,-1,5,-0.5
lebanon,2,3,-1,5,-0.5
valuable,2,3,-1,5,-0.5
mathematics,2,3,-1,5,-0.5
governance,2,3,-1,5,-0.5
1790,2,3,-1,5,-0.5
91,2,3,-1,5,-0.5
baltic,2,3,-1,5,-0.5
moctezuma,2,3,-1,5,-0.5
viewpoints,2,3,-1,5,-0.5
canoe,2,3,-1,5,-0.5
scott,2,3,-1,5,-0.5
469,2,3,-1,5,-0.5
manchuria,2,3,-1,5,-0.5
pennsylvania,2,3,-1,5,-0.5
carolinas,2,3,-1,5,-0.5
tristan,2,3,-1,5,-0.5
sculpture,2,3,-1,5,-0.5
mistreatment,2,3,-1,5,-0.5
arica,2,3,-1,5,-0.5
frowned,2,3,-1,5,-0.5
walled,2,3,-1,5,-0.5
bloodiest,2,3,-1,5,-0.5
bases,2,3,-1,5,-0.5
acadia,2,3,-1,5,-0.5
formal,2,3,-1,5,-0.5
verrazzano,2,3,-1,5,-0.5
punishment,2,3,-1,5,-0.5
forcing,2,3,-1,5,-0.5
282,2,3,-1,5,-0.5
bogotá,2,3,-1,5,-0.5
brunei,2,3,-1,5,-0.5
grennes,2,3,-1,5,-0.5
1871,2,3,-1,5,-0.5
han,2,3,-1,5,-0.5
purpose,2,3,-1,5,-0.5
sail,2,3,-1,5,-0.5
cali,2,3,-1,5,-0.5
andrés,2,3,-1,5,-0.5
vázquez,2,3,-1,5,-0.5
álvar,2,3,-1,5,-0.5
archaeology,2,3,-1,5,-0.5
publisher,2,3,-1,5,-0.5
kickstarting,2,3,-1,5,-0.5
cato,2,3,-1,5,-0.5
constance,2,3,-1,5,-0.5
commodity,2,3,-1,5,-0.5
grand,2,3,-1,5,-0.5
defeat,2,3,-1,5,-0.5
continues,2,3,-1,5,-0.5
author,2,3,-1,5,-0.5
minnesota,7,11,-4,18,-0.5714285714285714
swedish,7,11,-4,18,-0.5714285714285714
acquired,5,8,-3,13,-0.6
soto,5,8,-3,13,-0.6
capitalist,5,8,-3,13,-0.6
conquistadors,5,8,-3,13,-0.6
revolution,3,5,-2,8,-0.6666666666666666
role,3,5,-2,8,-0.6666666666666666
mankato,3,5,-2,8,-0.6666666666666666
boise,3,5,-2,8,-0.6666666666666666
extent,3,5,-2,8,-0.6666666666666666
tacoma,3,5,-2,8,-0.6666666666666666
1493,3,5,-2,8,-0.6666666666666666
georgia,3,5,-2,8,-0.6666666666666666
destruction,3,5,-2,8,-0.6666666666666666
taiwan,3,5,-2,8,-0.6666666666666666
passage,3,5,-2,8,-0.6666666666666666
medicine,3,5,-2,8,-0.6666666666666666
dynasty,3,5,-2,8,-0.6666666666666666
75,4,7,-3,11,-0.75
formosa,4,7,-3,11,-0.75
governorate,4,7,-3,11,-0.75
soon,4,7,-3,11,-0.75
cabot,4,7,-3,11,-0.75
viceroyalty,9,16,-7,25,-0.7777777777777778
louisiana,5,9,-4,14,-0.8
dominican,8,15,-7,23,-0.875
bonomi,1,2,-1,3,-1.0
libya,2,4,-2,6,-1.0
aftermath,1,2,-1,3,-1.0
mariana,2,4,-2,6,-1.0
somewhat,1,2,-1,3,-1.0
hainan,1,2,-1,3,-1.0
incorrectly,1,2,-1,3,-1.0
kock,1,2,-1,3,-1.0
simple,2,4,-2,6,-1.0
fernández,1,2,-1,3,-1.0
missouri,2,4,-2,6,-1.0
poison,2,4,-2,6,-1.0
domingo,2,4,-2,6,-1.0
abuse,1,2,-1,3,-1.0
subjugated,1,2,-1,3,-1.0
wounded,2,4,-2,6,-1.0
begun,2,4,-2,6,-1.0
cocos,1,2,-1,3,-1.0
rudolf,1,2,-1,3,-1.0
pith,1,2,-1,3,-1.0
reconciliation,1,2,-1,3,-1.0
concentrated,1,2,-1,3,-1.0
chicago,2,4,-2,6,-1.0
cite,3,6,-3,9,-1.0
cope,2,4,-2,6,-1.0
extinction,1,2,-1,3,-1.0
brandenburg,1,2,-1,3,-1.0
rescue,1,2,-1,3,-1.0
environments,1,2,-1,3,-1.0
harbour,1,2,-1,3,-1.0
tuscan,1,2,-1,3,-1.0
astronomy,3,6,-3,9,-1.0
pandemics,1,2,-1,3,-1.0
joseph,1,2,-1,3,-1.0
lituanian,1,2,-1,3,-1.0
1821,1,2,-1,3,-1.0
flagstaff,1,2,-1,3,-1.0
regards,1,2,-1,3,-1.0
accurate,1,2,-1,3,-1.0
campos,1,2,-1,3,-1.0
icon,1,2,-1,3,-1.0
google,1,2,-1,3,-1.0
invading,1,2,-1,3,-1.0
1502,2,4,-2,6,-1.0
java,2,4,-2,6,-1.0
río,3,6,-3,9,-1.0
ottomans,1,2,-1,3,-1.0
plane,1,2,-1,3,-1.0
opinion,1,2,-1,3,-1.0
tang,1,2,-1,3,-1.0
venedig,1,2,-1,3,-1.0
surrogate,1,2,-1,3,-1.0
hawaiians,1,2,-1,3,-1.0
1831,1,2,-1,3,-1.0
unabridged,1,2,-1,3,-1.0
immanuel,1,2,-1,3,-1.0
navigation,1,2,-1,3,-1.0
welcome,1,2,-1,3,-1.0
proud,1,2,-1,3,-1.0
criticized,1,2,-1,3,-1.0
aimé,1,2,-1,3,-1.0
shell,1,2,-1,3,-1.0
andaman,1,2,-1,3,-1.0
submission,1,2,-1,3,-1.0
editors,1,2,-1,3,-1.0
continuous,1,2,-1,3,-1.0
brutal,2,4,-2,6,-1.0
sublette,2,4,-2,6,-1.0
negative,1,2,-1,3,-1.0
wealthy,1,2,-1,3,-1.0
rafael,1,2,-1,3,-1.0
sage,1,2,-1,3,-1.0
heaven,1,2,-1,3,-1.0
explains,1,2,-1,3,-1.0
spiridione,1,2,-1,3,-1.0
fighting,1,2,-1,3,-1.0
ceuta,1,2,-1,3,-1.0
melvin,1,2,-1,3,-1.0
pomerania,1,2,-1,3,-1.0
industrial,1,2,-1,3,-1.0
consisted,1,2,-1,3,-1.0
mining,1,2,-1,3,-1.0
determined,1,2,-1,3,-1.0
isandlwana,1,2,-1,3,-1.0
correctness,1,2,-1,3,-1.0
justified,1,2,-1,3,-1.0
procedure,1,2,-1,3,-1.0
albania,1,2,-1,3,-1.0
1941,1,2,-1,3,-1.0
1867,1,2,-1,3,-1.0
mann,1,2,-1,3,-1.0
581pp,1,2,-1,3,-1.0
pierre,1,2,-1,3,-1.0
kingston,1,2,-1,3,-1.0
censuses,1,2,-1,3,-1.0
say,1,2,-1,3,-1.0
fiction,1,2,-1,3,-1.0
patricia,1,2,-1,3,-1.0
restricted,1,2,-1,3,-1.0
discourse,1,2,-1,3,-1.0
hoffman,1,2,-1,3,-1.0
125,1,2,-1,3,-1.0
spirit,1,2,-1,3,-1.0
santo,2,4,-2,6,-1.0
hanauisch,1,2,-1,3,-1.0
agreed,1,2,-1,3,-1.0
painting,1,2,-1,3,-1.0
containing,1,2,-1,3,-1.0
collecting,1,2,-1,3,-1.0
bigelow,1,2,-1,3,-1.0
clipperton,1,2,-1,3,-1.0
nauru,1,2,-1,3,-1.0
1936,2,4,-2,6,-1.0
economics,2,4,-2,6,-1.0
preserved,1,2,-1,3,-1.0
offering,1,2,-1,3,-1.0
erik,1,2,-1,3,-1.0
heartlands,1,2,-1,3,-1.0
acquisition,1,2,-1,3,-1.0
continental,1,2,-1,3,-1.0
combat,1,2,-1,3,-1.0
improved,1,2,-1,3,-1.0
wife,1,2,-1,3,-1.0
medicinal,1,2,-1,3,-1.0
destination,1,2,-1,3,-1.0
sophistication,1,2,-1,3,-1.0
rethinking,1,2,-1,3,-1.0
polity,1,2,-1,3,-1.0
hungary,1,2,-1,3,-1.0
nanyo,1,2,-1,3,-1.0
1833,1,2,-1,3,-1.0
bourne,1,2,-1,3,-1.0
caroline,2,4,-2,6,-1.0
encourage,1,2,-1,3,-1.0
proper,1,2,-1,3,-1.0
inner,1,2,-1,3,-1.0
pigs,1,2,-1,3,-1.0
persians,1,2,-1,3,-1.0
diponegoro,1,2,-1,3,-1.0
1937,1,2,-1,3,-1.0
characteristics,1,2,-1,3,-1.0
po,1,2,-1,3,-1.0
xinjiang,1,2,-1,3,-1.0
1927,1,2,-1,3,-1.0
ned,1,2,-1,3,-1.0
quoted,1,2,-1,3,-1.0
constantinople,1,2,-1,3,-1.0
boys,1,2,-1,3,-1.0
liberia,1,2,-1,3,-1.0
shetland,1,2,-1,3,-1.0
dogs,1,2,-1,3,-1.0
thälmann,1,2,-1,3,-1.0
lithuanian,1,2,-1,3,-1.0
infrastructure,1,2,-1,3,-1.0
sur,1,2,-1,3,-1.0
indien,1,2,-1,3,-1.0
lynn,1,2,-1,3,-1.0
archetypal,1,2,-1,3,-1.0
townsend,1,2,-1,3,-1.0
engaged,1,2,-1,3,-1.0
romans,1,2,-1,3,-1.0
opportunities,1,2,-1,3,-1.0
richmond,1,2,-1,3,-1.0
evelyn,1,2,-1,3,-1.0
tactics,1,2,-1,3,-1.0
1972,1,2,-1,3,-1.0
cumaná,1,2,-1,3,-1.0
ryukyu,1,2,-1,3,-1.0
exceeded,1,2,-1,3,-1.0
wrought,1,2,-1,3,-1.0
annexation,1,2,-1,3,-1.0
xiv,1,2,-1,3,-1.0
helmet,1,2,-1,3,-1.0
1510,1,2,-1,3,-1.0
californias,1,2,-1,3,-1.0
latvia,1,2,-1,3,-1.0
argues,1,2,-1,3,-1.0
hart,1,2,-1,3,-1.0
ernst,1,2,-1,3,-1.0
bernard,1,2,-1,3,-1.0
marking,1,2,-1,3,-1.0
zak,1,2,-1,3,-1.0
ran,1,2,-1,3,-1.0
mickelson,1,2,-1,3,-1.0
monks,1,2,-1,3,-1.0
occupied,1,2,-1,3,-1.0
sui,1,2,-1,3,-1.0
respectively,1,2,-1,3,-1.0
discoveries,1,2,-1,3,-1.0
landfall,1,2,-1,3,-1.0
australian,1,2,-1,3,-1.0
painted,1,2,-1,3,-1.0
von,1,2,-1,3,-1.0
ostensibly,1,2,-1,3,-1.0
yougov,1,2,-1,3,-1.0
genovese,1,2,-1,3,-1.0
1456pp,1,2,-1,3,-1.0
austrian,2,4,-2,6,-1.0
croix,1,2,-1,3,-1.0
1771,1,2,-1,3,-1.0
michigan,1,2,-1,3,-1.0
clockwise,1,2,-1,3,-1.0
albertini,1,2,-1,3,-1.0
speaks,1,2,-1,3,-1.0
ness,1,2,-1,3,-1.0
cambodia,1,2,-1,3,-1.0
somerville,1,2,-1,3,-1.0
du,1,2,-1,3,-1.0
harbor,1,2,-1,3,-1.0
orkney,1,2,-1,3,-1.0
nubia,1,2,-1,3,-1.0
monarchs,1,2,-1,3,-1.0
upright,33,67,-34,100,-1.0303030303030303
calendar,3,7,-4,10,-1.3333333333333333
polish,2,5,-3,7,-1.5
mediterranean,2,5,-3,7,-1.5
qing,2,5,-3,7,-1.5
spoke,2,5,-3,7,-1.5
1911,2,5,-3,7,-1.5
town,3,8,-5,11,-1.6666666666666667
maria,1,3,-2,4,-2.0
il,1,3,-2,4,-2.0
turkish,1,3,-2,4,-2.0
mongolia,1,3,-2,4,-2.0
1912,1,3,-2,4,-2.0
sahara,1,3,-2,4,-2.0
cisplatina,1,3,-2,4,-2.0
guerre,1,3,-2,4,-2.0
lord,1,3,-2,4,-2.0
italo,1,3,-2,4,-2.0
engineering,1,3,-2,4,-2.0
carolina,1,3,-2,4,-2.0
journeyed,1,3,-2,4,-2.0
racist,2,6,-4,8,-2.0
key,1,3,-2,4,-2.0
1940,1,3,-2,4,-2.0
ross,1,3,-2,4,-2.0
november,1,3,-2,4,-2.0
house,1,3,-2,4,-2.0
thing,1,3,-2,4,-2.0
declination,1,4,-3,5,-3.0
crew,1,4,-3,5,-3.0
césaire,1,4,-3,5,-3.0
captaincy,3,12,-9,15,-3.0
cuban,1,4,-3,5,-3.0
colonist,1,4,-3,5,-3.0
magnetic,1,5,-4,6,-4.0
