word,times_added,times_removed,net_change,absolute_change
day,547,541,6,1088
indigenous,545,555,-10,1100
columbus,441,466,-25,907
americas,323,339,-16,662
american,312,314,-2,626
native,289,289,0,578
peoples,284,285,-1,569
en,240,240,0,480
wikipedia,236,236,0,472
wiki,233,233,0,466
christopher_columbushttps,232,232,0,464
people,230,235,-5,465
america,227,230,-3,457
european,227,235,-8,462
states,211,221,-10,432
population,193,198,-5,391
new,184,210,-26,394
thumb,170,187,-17,357
world,164,178,-14,342
spanish,161,187,-26,348
united,160,165,-5,325
000,153,162,-9,315
holiday,148,147,1,295
colonies,144,160,-16,304
la,144,152,-8,296
history,131,135,-4,266
americans,122,124,-2,246
century,121,129,-8,250
groups,118,117,1,235
spain,114,116,-2,230
colonial,111,124,-13,235
north,109,118,-9,227
empire,107,119,-12,226
october,107,111,-4,218
national,102,100,2,202
celebrated,99,100,-1,199
populations,99,101,-2,200
día,96,96,0,192
south,94,98,-4,192
years,92,99,-7,191
languages,92,92,0,184
culture,90,93,-3,183
12,89,89,0,178
brazil,87,88,-1,175
indian,87,88,-1,175
cultural,85,87,-2,172
including,83,84,-1,167
europeans,83,88,-5,171
celebration,81,83,-2,164
million,80,80,0,160
colonialism,79,91,-12,170
used,78,77,1,155
country,78,82,-4,160
latin,77,77,0,154
ethnic,77,78,-1,155
category,75,71,4,146
mexico,75,79,-4,154
canada,73,75,-2,148
indians,72,73,-1,145
islands,72,91,-19,163
countries,70,72,-2,142
time,69,74,-5,143
state,67,61,6,128
known,67,71,-4,138
right,67,63,4,130
italian,67,78,-11,145
colonization,66,77,-11,143
government,65,64,1,129
raza,65,65,0,130
cultures,63,61,2,124
present,63,67,-4,130
smallpox,63,65,-2,128
british,60,66,-6,126
diseases,59,67,-8,126
city,58,66,-8,124
christopher,57,69,-12,126
french,57,62,-5,119
columbian,56,64,-8,120
early,55,59,-4,114
nations,55,54,1,109
western,55,63,-8,118
large,54,59,-5,113
bolivia,54,54,0,108
political,54,58,-4,112
observance,52,50,2,102
central,52,53,-1,105
portuguese,52,57,-5,109
economic,51,53,-2,104
del,50,50,0,100
1492,49,48,1,97
colombo,49,49,0,98
african,48,45,3,93
discovery,48,46,2,94
arrival,48,50,-2,98
human,48,50,-2,98
caribbean,47,51,-4,98
language,47,48,-1,95
island,47,54,-7,101
slaves,46,46,0,92
trade,46,45,1,91
pre,46,47,-1,93
africa,46,50,-4,96
peru,45,45,0,90
territory,45,44,1,89
cristoforo,45,45,0,90
celebrate,44,47,-3,91
anniversary,44,44,0,88
president,44,47,-3,91
international,44,47,-3,91
later,43,47,-4,90
left,43,46,-3,89
dutch,43,49,-6,92
group,43,41,2,84
established,42,44,-2,86
changed,42,41,1,83
land,42,45,-3,87
celebrates,42,39,3,81
las,42,43,-1,85
like,41,41,0,82
common,41,41,0,82
hispanic,41,41,0,82
organization,41,40,1,81
disease,41,42,-1,83
social,41,44,-3,85
europe,40,41,-1,81
make,40,40,0,80
california,40,40,0,80
led,40,39,1,79
coast,40,44,-4,84
venezuela,40,41,-1,81
war,39,43,-4,82
contact,39,42,-3,81
era,39,40,-1,79
argentina,39,39,0,78
alaska,38,37,1,75
east,38,42,-4,80
various,38,37,1,75
evidence,37,34,3,71
region,37,38,-1,75
different,37,37,0,74
called,37,37,0,74
york,37,45,-8,82
chilean,37,39,-2,76
official,37,36,1,73
colombia,37,38,-1,75
legal,37,36,1,73
writing,36,36,0,72
hispanidad,36,36,0,72
2004,36,36,0,72
areas,36,40,-4,76
non,36,35,1,71
period,36,37,-1,73
began,35,40,-5,75
religious,35,35,0,70
year,35,37,-2,72
celebrations,35,36,-1,71
largest,35,35,0,70
include,35,34,1,69
resistance,35,35,0,70
law,35,35,0,70
dna,34,34,0,68
settlement,34,38,-4,72
conquest,34,38,-4,72
modern,34,34,0,68
costa,34,34,0,68
di,34,34,0,68
guatemala,34,36,-2,70
2005,34,33,1,67
italy,34,33,1,67
based,34,35,-1,69
500,33,40,-7,73
13,33,33,0,66
el,33,35,-2,68
nation,33,35,-2,68
second,33,32,1,65
upright,33,67,-34,100
tribes,32,32,0,64
colony,32,36,-4,68
historical,32,31,1,63
women,32,32,0,64
officially,32,33,-1,65
inuit,32,32,0,64
west,31,34,-3,65
genetic,31,31,0,62
race,31,33,-2,64
governor,31,29,2,60
late,31,31,0,62
society,31,31,0,62
slave,31,34,-3,65
developed,31,32,-1,63
majority,31,33,-2,64
census,31,31,0,62
india,30,31,-1,61
development,30,29,1,59
rights,30,30,0,60
statue,30,30,0,60
20th,30,34,-4,64
san,30,31,-1,61
10,30,32,-2,62
power,30,30,0,60
opposition,30,31,-1,61
factbook,30,27,3,57
control,29,31,-2,60
greenland,29,29,0,58
ecuador,29,29,0,58
indies,29,30,-1,59
exchange,29,38,-9,67
imperialism,28,30,-2,58
pedro,28,27,1,55
spread,28,30,-2,58
spaniards,28,31,-3,59
live,28,28,0,56
southern,28,28,0,56
old,28,33,-5,61
communities,28,27,1,55
cia,28,25,3,53
came,28,27,1,55
lands,28,30,-2,58
independence,28,29,-1,57
empires,27,29,-2,56
following,27,27,0,54
crown,27,25,2,52
general,27,37,-10,64
holidays,27,27,0,54
2007,27,28,-1,55
territories,27,27,0,54
1992,27,27,0,54
settlers,27,27,0,54
maya,27,27,0,54
hispaniola,27,27,0,54
today,27,30,-3,57
fiesta,27,26,1,53
aboriginal,26,26,0,52
press,26,29,-3,55
conquered,26,27,-1,53
chile,26,27,-1,53
observed,26,26,0,52
19th,26,27,-1,53
catholic,26,27,-1,53
great,26,25,1,51
natives,26,36,-10,62
especially,26,25,1,51
scale,26,27,-1,53
origin,25,25,0,50
thought,25,26,-1,51
asian,25,25,0,50
2010,25,26,-1,51
traditional,25,25,0,50
movement,25,24,1,49
francisco,25,29,-4,54
activists,25,25,0,50
end,25,27,-2,52
salvador,25,24,1,49
50,25,25,0,50
puerto,25,27,-2,52
massachusetts,25,23,2,48
self,24,23,1,47
ago,24,24,0,48
aztec,24,28,-4,52
northern,24,27,-3,51
brought,24,23,1,47
council,24,23,1,47
norse,24,22,2,46
eastern,24,27,-3,51
recognize,24,23,1,47
wrote,24,23,1,47
colonists,24,28,-4,52
health,24,22,2,46
term,24,24,0,48
english,24,24,0,48
university,24,29,-5,53
federal,24,22,2,46
saint,24,27,-3,51
monday,23,23,0,46
age,23,24,-1,47
belize,23,23,0,46
rico,23,24,-1,47
mayan,23,23,0,46
total,23,23,0,46
myths,23,20,3,43
number,23,25,-2,48
casas,23,22,1,45
2012,23,24,-1,47
russian,23,25,-2,48
local,23,23,0,46
parts,23,23,0,46
explorer,23,24,-1,47
com,22,25,-3,47
military,22,25,-3,47
retrieved,22,19,3,41
rica,22,22,0,44
centuries,22,23,-1,45
slavery,22,22,0,44
los,22,22,0,44
small,22,21,1,43
voyages,22,23,-1,45
area,22,21,1,43
events,22,22,0,44
original,22,22,0,44
use,22,28,-6,50
german,22,27,-5,49
continents,21,21,0,42
major,21,23,-2,44
speaking,21,21,0,42
replaced,21,22,-1,43
post,21,22,-1,43
ancestry,21,22,-1,43
public,21,22,-1,43
regions,21,21,0,42
claimed,21,22,-1,43
2001,21,21,0,42
republic,21,26,-5,47
did,21,22,-1,43
giornata,21,21,0,42
11,21,21,0,42
nazionale,21,21,0,42
portugal,21,20,1,41
decree,21,20,1,41
powers,21,21,0,42
nacional,21,21,0,42
movements,21,21,0,42
imperial,20,21,-1,41
diversity,20,20,0,40
migration,20,20,0,40
april,20,19,1,39
quechua,20,20,0,40
institutions,20,21,-1,41
inhabitants,20,22,-2,42
laws,20,19,1,39
civilizations,20,26,-6,46
included,20,20,0,40
asia,20,19,1,39
servants,20,19,1,39
created,20,20,0,40
according,19,19,0,38
generally,19,20,-1,39
genocide,19,22,-3,41
took,19,23,-4,42
23,19,19,0,38
example,19,19,0,38
2000,19,18,1,37
cuba,19,24,-5,43
influence,19,20,-1,39
france,19,18,1,37
spoken,19,19,0,38
instead,19,18,1,37
governments,19,18,1,37
aymara,19,19,0,38
followed,19,18,1,37
actions,19,17,2,36
initial,19,19,0,38
species,19,19,0,38
anti,19,20,-1,39
easter,19,20,-1,39
david,19,18,1,37
settlements,18,16,2,34
england,18,18,0,36
ii,18,20,-2,38
men,18,19,-1,37
2002,18,19,-1,37
remains,18,19,-1,37
2006,18,18,0,36
1990,18,19,-1,37
systems,18,18,0,36
2003,18,20,-2,38
mtdna,18,17,1,35
studies,18,18,0,36
recognition,18,18,0,36
landing,18,18,0,36
eventually,18,17,1,35
children,18,22,-4,40
nicaragua,18,19,-1,37
30,18,15,3,33
killed,18,20,-2,38
civilization,18,19,-1,37
aztecs,18,19,-1,37
labor,18,19,-1,37
route,18,19,-1,37
died,18,25,-7,43
documents,18,18,0,36
amerindian,18,18,0,36
list,18,16,2,34
solomon,17,17,0,34
rise,17,17,0,34
study,17,19,-2,36
1500,17,16,1,33
charles,17,16,1,33
march,17,17,0,34
hawaii,17,16,1,33
antarctic,17,18,-1,35
agriculture,17,18,-1,35
commemorate,17,14,3,31
work,17,18,-1,35
myth,17,17,0,34
recent,17,18,-1,35
voyage,17,17,0,34
seen,17,17,0,34
founded,17,18,-1,35
map,17,18,-1,35
considered,17,17,0,34
colonized,17,20,-3,37
long,17,16,1,33
observances,17,16,1,33
related,17,16,1,33
16th,17,19,-2,36
beringia,16,16,0,32
dakota,16,16,0,32
contemporary,16,17,-1,33
place,16,20,-4,36
miskito,16,20,-4,36
measles,16,17,-1,33
agricultural,16,16,0,32
book,16,17,-1,33
identify,16,16,0,32
title,16,16,0,32
close,16,17,-1,33
descendants,16,18,-2,34
ancient,16,16,0,32
terms,16,16,0,32
significant,16,16,0,32
important,16,17,-1,33
kingdom,16,20,-4,36
roman,16,18,-2,34
expansion,16,17,-1,33
white,16,18,-2,34
pp,16,16,0,32
food,16,19,-3,35
set,16,15,1,31
heritage,16,16,0,32
life,16,17,-1,33
colonizers,16,19,-3,35
free,16,16,0,32
natural,16,15,1,31
far,16,20,-4,36
occurred,16,16,0,32
uruguay,16,16,0,32
epidemic,16,15,1,31
numbers,16,17,-1,33
half,16,16,0,32
discovered,16,19,-3,35
times,16,15,1,31
2011,16,16,0,32
pipil,16,16,0,32
home,16,15,1,31
originated,16,17,-1,33
1998,16,16,0,32
largely,15,17,-2,32
community,15,15,0,30
florida,15,20,-5,35
brazilian,15,15,0,30
recognized,15,15,0,30
changes,15,16,-1,31
art,15,17,-2,32
caracas,15,15,0,30
virginia,15,16,-1,31
feast,15,15,0,30
rule,15,18,-3,33
1921,15,15,0,30
process,15,17,-2,32
18th,15,16,-1,31
vol,15,19,-4,34
mother,15,15,0,30
tribal,15,15,0,30
primarily,15,15,0,30
treaty,15,15,0,30
includes,15,15,0,30
societies,15,15,0,30
practices,15,16,-1,31
2017,15,14,1,29
site,15,15,0,30
nevada,15,15,0,30
indentured,15,15,0,30
killing,15,15,0,30
20,15,15,0,30
river,15,13,2,28
open,15,13,2,28
said,15,15,0,30
exploitation,15,17,-2,32
pan,15,15,0,30
tribe,15,14,1,29
atlantic,15,18,-3,33
denver,15,15,0,30
annual,15,15,0,30
short,15,16,-1,31
chávez,15,14,1,29
department,14,14,0,28
organizations,14,15,-1,29
proposed,14,12,2,26
argentine,14,16,-2,30
14,14,15,-1,29
arrived,14,15,-1,29
parade,14,14,0,28
usually,14,13,1,27
colorado,14,13,1,27
mexican,14,15,-1,29
21,14,14,0,28
little,14,15,-1,29
genoa,14,13,1,27
pillar,14,13,1,27
mapuche,14,14,0,28
estimated,14,15,-1,29
mestizos,14,14,0,28
2009,14,12,2,26
incas,14,14,0,28
oregon,14,13,1,27
primary,14,14,0,28
result,14,16,-2,30
growth,14,13,1,27
enslavement,14,14,0,28
approximately,14,15,-1,29
zapotec,14,14,0,28
oldest,14,16,-2,30
act,14,17,-3,31
woman,14,16,-2,30
change,14,12,2,26
particularly,14,15,-1,29
lady,14,13,1,27
introduced,14,16,-2,30
proclamation,14,14,0,28
22,13,14,-1,27
encounter,13,14,-1,27
washington,13,15,-2,28
congress,13,13,0,26
order,13,14,-1,27
eurasian,13,14,-1,27
complex,13,13,0,26
relationship,13,13,0,26
businesses,13,14,-1,27
pacific,13,13,0,26
originally,13,13,0,26
siberia,13,13,0,26
25,13,14,-1,27
70,13,13,0,26
boundaries,13,13,0,26
foreign,13,15,-2,28
held,13,13,0,26
removed,13,14,-1,27
constitution,13,13,0,26
bahamas,13,13,0,26
july,13,12,1,25
respect,13,13,0,26
lived,13,12,1,25
information,13,13,0,26
near,13,13,0,26
declared,13,13,0,26
inca,13,15,-2,28
named,13,15,-2,28
december,13,17,-4,30
caused,13,15,-2,28
ocean,13,15,-2,28
animals,13,17,-4,30
forced,13,13,0,26
distinct,13,14,-1,27
volume,13,13,0,26
james,13,13,0,26
served,13,12,1,25
virgin,13,15,-2,28
texas,13,16,-3,29
article,13,14,-1,27
pilar,13,13,0,26
et,13,14,-1,27
concept,13,15,-2,28
naming,13,12,1,25
victory,13,12,1,25
arts,13,10,3,23
ohio,13,15,-2,28
dated,13,13,0,26
racial,13,13,0,26
2016,12,10,2,22
rican,12,12,0,24
elected,12,12,0,24
percent,12,12,0,24
pro,12,13,-1,25
quito,12,12,0,24
taken,12,13,-1,25
24,12,13,-1,25
bartolomé,12,13,-1,25
scholars,12,15,-3,27
extinct,12,12,0,24
africans,12,13,-1,25
politically,12,12,0,24
netherlands,12,13,-1,25
exploration,12,11,1,23
17,12,13,-1,25
38,12,12,0,24
form,12,13,-1,25
services,12,12,0,24
continent,12,11,1,23
final,12,12,0,24
thousand,12,12,0,24
2008,12,13,-1,25
convention,12,12,0,24
1885,12,12,0,24
beginning,12,11,1,23
fixed,12,10,2,22
online,12,12,0,24
beans,12,12,0,24
fought,12,14,-2,26
prior,12,15,-3,27
migrated,12,12,0,24
certain,12,12,0,24
reported,12,13,-1,25
speak,12,12,0,24
mixed,12,12,0,24
explorers,12,11,1,23
ideas,12,14,-2,26
immigrants,12,12,0,24
minority,12,13,-1,25
indígena,12,12,0,24
ethnicity,12,12,0,24
john,12,13,-1,25
music,12,12,0,24
emperor,12,12,0,24
16,12,13,-1,25
al,12,12,0,24
capital,12,14,-2,26
morales,12,12,0,24
1913,12,12,0,24
bureau,12,12,0,24
ed,12,14,-2,26
having,12,13,-1,25
90,12,12,0,24
millions,12,12,0,24
taínos,11,10,1,21
cabral,11,11,0,22
way,11,13,-2,24
religion,11,11,0,22
protectorates,11,14,-3,25
santa,11,16,-5,27
write,11,11,0,22
1892,11,11,0,22
observe,11,12,-1,23
actual,11,11,0,22
status,11,11,0,22
center,11,12,-1,23
saw,11,9,2,20
reached,11,11,0,22
single,11,11,0,22
sea,11,14,-3,25
representatives,11,11,0,22
organized,11,11,0,22
knights,11,11,0,22
95,11,12,-1,23
pueblos,11,10,1,21
permanent,11,12,-1,23
tenochtitlan,11,14,-3,25
geography,11,13,-2,24
wanted,11,11,0,22
quotes,11,11,0,22
500th,11,11,0,22
40,11,11,0,22
impact,11,12,-1,23
oklahoma,11,16,-5,27
rituals,11,11,0,22
parades,11,11,0,22
ongoing,11,11,0,22
shared,11,12,-1,23
discoverers,11,11,0,22
origins,11,10,1,21
practice,11,11,0,22
rodríguez,11,10,1,21
historians,11,11,0,22
80,11,11,0,22
15th,11,13,-2,24
amerindians,11,11,0,22
newfoundland,11,10,1,21
cities,11,14,-3,25
settled,11,10,1,21
1832,11,13,-2,24
policy,11,12,-1,23
journal,11,12,-1,23
fleet,11,11,0,22
montana,11,10,1,21
valley,11,12,-1,23
canadian,11,10,1,21
support,11,12,-1,23
belong,11,11,0,22
angeles,11,11,0,22
lake,11,8,3,19
using,11,12,-1,23
previously,11,13,-2,24
celebrating,11,10,1,21
vast,11,12,-1,23
resistencia,11,11,0,22
plains,11,10,1,21
entire,11,12,-1,23
española,11,10,1,21
regarding,11,10,1,21
contrast,11,12,-1,23
archaeological,11,11,0,22
given,11,13,-2,24
black,11,12,-1,23
earliest,11,11,0,22
observation,11,11,0,22
15,11,15,-4,26
offices,11,9,2,20
passed,10,10,0,20
klan,10,10,0,20
navy,10,10,0,20
opportunity,10,9,1,19
monument,10,10,0,20
resources,10,10,0,20
meadows,10,10,0,20
bry,10,10,0,20
links,10,10,0,20
coastal,10,10,0,20
started,10,11,-1,21
guiana,10,12,-2,22
expedition,10,14,-4,24
neighboring,10,11,-1,21
aux,10,10,0,20
just,10,10,0,20
architecture,10,11,-1,21
porn,10,10,0,20
specifically,10,9,1,19
toppled,10,10,0,20
iowa,10,10,0,20
panama,10,12,-2,22
169,10,9,1,19
battle,10,13,-3,23
members,10,10,0,20
george,10,8,2,18
widely,10,13,-3,23
come,10,10,0,20
mainly,10,10,0,20
criticism,10,10,0,20
236,10,10,0,20
codices,10,10,0,20
text,10,10,0,20
greater,10,8,2,18
anse,10,10,0,20
instruments,10,10,0,20
produced,10,10,0,20
1914,10,8,2,18
paleo,10,10,0,20
gold,10,11,-1,21
sense,10,10,0,20
forum,10,10,0,20
conflict,10,10,0,20
juan,10,11,-1,21
claims,10,10,0,20
account,10,12,-2,22
ku,10,10,0,20
venezuelan,10,10,0,20
nahuatl,10,11,-1,21
yorktown,10,10,0,20
argüelles,10,9,1,19
instituted,10,11,-1,21
living,10,10,0,20
existing,10,10,0,20
thousands,10,11,-1,21
96,10,10,0,20
library,10,9,1,19
colonizer,10,7,3,17
know,10,10,0,20
adopted,10,11,-1,21
600,10,10,0,20
26,10,10,0,20
2013,10,10,0,20
oct,10,12,-2,22
honduras,10,10,0,20
ba,10,10,0,20
churches,10,9,1,19
1996,10,10,0,20
hemisphere,10,12,-2,22
bce,10,10,0,20
ice,10,10,0,20
farming,10,11,-1,21
proclaimed,10,10,0,20
august,10,11,-1,21
descent,10,10,0,20
2018,10,13,-3,23
lobbying,10,11,-1,21
1997,10,10,0,20
fell,10,12,-2,22
klux,10,10,0,20
border,10,10,0,20
summer,10,10,0,20
violence,10,12,-2,22
1987,10,10,0,20
greek,10,10,0,20
st,10,12,-2,22
1994,10,9,1,19
met,10,11,-1,21
saddam,10,10,0,20
carib,10,11,-1,21
places,10,10,0,20
wars,10,10,0,20
1957,10,10,0,20
identified,10,10,0,20
regime,10,10,0,20
mix,9,9,0,18
hernán,9,10,-1,19
secular,9,8,1,17
continue,9,12,-3,21
identity,9,9,0,18
percentage,9,9,0,18
ravaged,9,9,0,18
loss,9,9,0,18
conflicts,9,8,1,17
market,9,9,0,18
focuses,9,9,0,18
ancestors,9,9,0,18
meeting,9,10,-1,19
viceroyalty,9,16,-7,25
arawak,9,9,0,18
berkeley,9,9,0,18
taking,9,8,1,17
díaz,9,8,1,17
specific,9,9,0,18
eds,9,11,-2,20
hunting,9,9,0,18
advanced,9,10,-1,19
smaller,9,8,1,17
employer,9,9,0,18
page,9,11,-2,20
refers,9,9,0,18
faustino,9,8,1,17
amazon,9,9,0,18
king,9,7,2,16
variety,9,9,0,18
cases,9,9,0,18
falkland,9,11,-2,20
mestizo,9,9,0,18
issued,9,8,1,17
oxford,9,13,-4,22
paraguay,9,9,0,18
migrants,9,9,0,18
introduction,9,11,-2,20
attempted,9,11,-2,20
mainland,9,10,-1,19
capitalism,9,9,0,18
argued,9,11,-2,20
ca,9,9,0,18
autonomy,9,9,0,18
nature,9,10,-1,19
level,9,10,-1,19
resulted,9,10,-1,19
uncontacted,9,9,0,18
arizona,9,10,-1,19
generation,9,9,0,18
epidemics,9,10,-1,19
citizenship,9,9,0,18
gene,9,9,0,18
argue,9,9,0,18
labour,9,6,3,15
speakers,9,9,0,18
controversial,9,9,0,18
resulting,9,11,-2,20
britain,9,8,1,17
hand,9,8,1,17
geographical,9,10,-1,19
global,9,10,-1,19
working,9,9,0,18
man,9,11,-2,20
independent,9,10,-1,19
education,9,9,0,18
source,9,9,0,18
respective,9,8,1,17
anglo,9,10,-1,19
schools,9,8,1,17
expanded,9,9,0,18
commonly,9,9,0,18
cortés,9,10,-1,19
350,9,9,0,18
currently,9,8,1,17
fact,9,10,-1,19
culturally,9,9,0,18
basin,9,9,0,18
ottoman,9,10,-1,19
association,9,10,-1,19
crops,9,9,0,18
danish,9,11,-2,20
territorial,9,9,0,18
gender,8,7,1,15
monterey,8,8,0,16
determination,8,8,0,16
leif,8,8,0,16
commission,8,8,0,16
death,8,9,-1,17
relatively,8,8,0,16
são,8,8,0,16
peat,8,7,1,15
dictionary,8,9,-1,17
notably,8,9,-1,17
unique,8,8,0,16
dec,8,7,1,15
revolutionary,8,8,0,16
decline,8,9,-1,17
external,8,8,0,16
demographic,8,9,-1,17
sex,8,8,0,16
describes,8,8,0,16
35,8,10,-2,18
remembrance,8,8,0,16
sint,8,8,0,16
yucatán,8,10,-2,18
lives,8,8,0,16
characterized,8,8,0,16
london,8,10,-2,18
famous,8,8,0,16
diversidad,8,8,0,16
gain,8,8,0,16
provide,8,8,0,16
60,8,7,1,15
commercial,8,9,-1,17
tradition,8,9,-1,17
américas,8,8,0,16
royal,8,9,-1,17
olmec,8,8,0,16
mark,8,7,1,15
lenca,8,8,0,16
stock,8,8,0,16
solidarity,8,8,0,16
clovis,8,8,0,16
respeto,8,8,0,16
routes,8,6,2,14
politics,8,9,-1,17
previous,8,8,0,16
afro,8,8,0,16
ended,8,8,0,16
main,8,7,1,15
diego,8,8,0,16
nova,8,8,0,16
glacial,8,8,0,16
legend,8,9,-1,17
highlands,8,8,0,16
formed,8,7,1,15
88,8,10,-2,18
vaccination,8,8,0,16
gathering,8,8,0,16
virgen,8,8,0,16
cape,8,9,-1,17
data,8,8,0,16
similar,8,8,0,16
paleolithic,8,8,0,16
immunity,8,10,-2,18
dane,8,7,1,15
russians,8,8,0,16
child,8,8,0,16
sixteenth,8,6,2,14
guaraní,8,8,0,16
giving,8,8,0,16
2014,8,8,0,16
colonizing,8,12,-4,20
army,8,6,2,14
haplogroups,8,8,0,16
theories,8,7,1,15
xinca,8,8,0,16
festivity,8,8,0,16
remain,8,8,0,16
rural,8,8,0,16
treatment,8,7,1,15
1982,8,10,-2,18
plants,8,11,-3,19
systematic,8,9,-1,17
constitute,8,8,0,16
2nd,8,8,0,16
founding,8,8,0,16
enslaved,8,8,0,16
response,8,8,0,16
infected,8,9,-1,17
incan,8,8,0,16
zealand,8,8,0,16
residents,8,8,0,16
jews,8,7,1,15
syllabic,8,8,0,16
family,8,9,-1,17
isolation,8,8,0,16
algeria,8,8,0,16
cambridge,8,8,0,16
skeleton,8,8,0,16
erikson,8,8,0,16
ireland,8,8,0,16
diverse,8,8,0,16
thanksgiving,8,8,0,16
recorded,8,9,-1,17
japanese,8,8,0,16
defined,8,6,2,14
ce,8,8,0,16
historian,8,11,-3,19
1730,8,8,0,16
cut,8,8,0,16
june,8,8,0,16
refer,8,9,-1,17
case,8,7,1,15
leader,8,7,1,15
plant,8,8,0,16
sponsored,8,8,0,16
estimate,8,8,0,16
69,8,8,0,16
festa,8,8,0,16
boston,8,7,1,15
wealth,8,9,-1,17
tehuelche,8,8,0,16
dominican,8,15,-7,23
hold,8,8,0,16
stringed,8,8,0,16
conquests,8,7,1,15
19,8,10,-2,18
written,8,9,-1,17
view,8,8,0,16
current,8,8,0,16
italys,8,8,0,16
achievement,8,7,1,15
chinese,8,7,1,15
existence,8,8,0,16
apache,8,8,0,16
vermont,8,7,1,15
divided,8,8,0,16
programs,8,8,0,16
races,8,8,0,16
cepal,8,8,0,16
indígenas,8,8,0,16
recognizes,8,9,-1,17
1815,8,8,0,16
located,8,8,0,16
question,7,7,0,14
rest,7,7,0,14
survived,7,7,0,14
larger,7,6,1,13
mary,7,8,-1,15
authority,7,7,0,14
immigration,7,7,0,14
landed,7,8,-1,15
gave,7,9,-2,16
immigrant,7,8,-1,15
represented,7,6,1,13
young,7,8,-1,15
wisconsin,7,9,-2,16
derived,7,7,0,14
dates,7,8,-1,15
january,7,7,0,14
censo,7,7,0,14
christian,7,6,1,13
customs,7,7,0,14
ties,7,6,1,13
paid,7,7,0,14
research,7,7,0,14
400th,7,7,0,14
distribution,7,7,0,14
tobago,7,7,0,14
provides,7,7,0,14
returned,7,6,1,13
html,7,5,2,12
peopling,7,7,0,14
rate,7,7,0,14
monumental,7,8,-1,15
exact,7,7,0,14
extended,7,8,-1,15
genetically,7,7,0,14
cholera,7,8,-1,15
popular,7,7,0,14
discoverer,7,5,2,12
amazonia,7,7,0,14
collective,7,7,0,14
decolonization,7,7,0,14
1763,7,7,0,14
howard,7,6,1,13
initially,7,7,0,14
achieved,7,7,0,14
ancestral,7,7,0,14
agree,7,8,-1,15
encyclopedia,7,10,-3,17
workers,7,7,0,14
yellow,7,8,-1,15
internal,7,8,-1,15
codified,7,6,1,13
widespread,7,7,0,14
depicted,7,7,0,14
female,7,7,0,14
high,7,9,-2,16
communal,7,7,0,14
horse,7,7,0,14
despite,7,7,0,14
bringing,7,5,2,12
metropole,7,8,-1,15
notable,7,7,0,14
conditions,7,8,-1,15
instrument,7,7,0,14
macmillan,7,7,0,14
45,7,6,1,13
owed,7,8,-1,15
greatest,7,8,-1,15
municipalities,7,7,0,14
chapter,7,7,0,14
portion,7,8,-1,15
policies,7,8,-1,15
multi,7,7,0,14
taíno,7,8,-1,15
emphasize,7,7,0,14
designate,7,7,0,14
sold,7,7,0,14
horses,7,7,0,14
upper,7,7,0,14
losses,7,8,-1,15
faced,7,8,-1,15
varies,7,8,-1,15
leading,7,7,0,14
ruled,7,7,0,14
transatlantic,7,6,1,13
methods,7,8,-1,15
2015,7,8,-1,15
varied,7,7,0,14
festivities,7,7,0,14
pope,7,7,0,14
65,7,8,-1,15
northwest,7,7,0,14
1917,7,7,0,14
scotland,7,6,1,13
sale,7,8,-1,15
descendents,7,5,2,12
poster,7,7,0,14
150,7,7,0,14
nahua,7,7,0,14
thumbnail,7,7,0,14
minorities,7,7,0,14
eighty,7,7,0,14
illustration,7,7,0,14
altai,7,7,0,14
dependencies,7,7,0,14
populated,7,9,-2,16
cause,7,6,1,13
male,7,7,0,14
theory,7,8,-1,15
surveys,7,7,0,14
maintain,7,7,0,14
multiple,7,6,1,13
china,7,10,-3,17
siege,7,8,-1,15
school,7,9,-2,16
want,7,7,0,14
85,7,6,1,13
grew,7,7,0,14
67,7,7,0,14
establishing,7,7,0,14
expressed,7,6,1,13
1775,7,7,0,14
polynesian,7,6,1,13
violent,7,7,0,14
belief,7,7,0,14
hunter,7,7,0,14
real,7,7,0,14
benjamin,7,8,-1,15
suriname,7,7,0,14
swedish,7,11,-4,18
300,7,10,-3,17
brazilians,7,7,0,14
granted,7,7,0,14
decades,7,9,-2,16
beings,7,7,0,14
inhabited,7,8,-1,15
mid,7,6,1,13
suggests,7,7,0,14
200,7,8,-1,15
creation,7,7,0,14
surrounding,7,7,0,14
numerous,7,7,0,14
instance,7,7,0,14
institute,7,6,1,13
sought,7,7,0,14
plan,7,7,0,14
1971,7,7,0,14
catholics,7,7,0,14
contributions,7,8,-1,15
technology,7,6,1,13
periods,7,7,0,14
image,7,7,0,14
álvares,7,7,0,14
1810,7,7,0,14
gathered,7,7,0,14
making,7,7,0,14
1540,7,8,-1,15
archeological,7,7,0,14
guinea,7,9,-2,16
17th,7,7,0,14
minnesota,7,11,-4,18
names,7,8,-1,15
1922,7,7,0,14
1513,7,8,-1,15
leaders,7,7,0,14
works,7,7,0,14
opposed,7,7,0,14
mainstream,7,7,0,14
continuously,7,9,-2,16
eliminate,7,7,0,14
1814,7,7,0,14
september,7,7,0,14
siberian,7,7,0,14
peace,7,7,0,14
ships,7,9,-2,16
maize,7,7,0,14
holy,6,6,0,12
section,6,6,0,12
adopt,6,6,0,12
1878,6,7,-1,13
1947,6,6,0,12
records,6,6,0,12
oceanic,6,6,0,12
partir,6,6,0,12
encounters,6,6,0,12
1636,6,6,0,12
definitively,6,6,0,12
palgrave,6,7,-1,13
casa,6,6,0,12
published,6,6,0,12
categories,6,6,0,12
1607,6,6,0,12
priest,6,6,0,12
300th,6,6,0,12
1934,6,6,0,12
veterans,6,7,-1,13
accepted,6,6,0,12
1905,6,5,1,11
castilian,6,7,-1,13
middle,6,6,0,12
zinn,6,5,1,11
andes,6,6,0,12
indicates,6,6,0,12
overseas,6,6,0,12
nicaraguan,6,6,0,12
seven,6,6,0,12
cruz,6,5,1,11
banks,6,6,0,12
showed,6,6,0,12
remained,6,5,1,11
resolution,6,7,-1,13
11th,6,4,2,10
sociodemográfico,6,6,0,12
subjugate,6,7,-1,13
1520,6,6,0,12
forest,6,6,0,12
class,6,7,-1,13
diagnóstico,6,6,0,12
andean,6,7,-1,13
sacred,6,6,0,12
trading,6,8,-2,14
encouraged,6,5,1,11
bridge,6,6,0,12
ages,6,6,0,12
squash,6,6,0,12
raudzens,6,4,2,10
smithsonian,6,7,-1,13
described,6,7,-1,13
normal,6,6,0,12
follow,6,7,-1,13
domestication,6,6,0,12
company,6,6,0,12
references,6,7,-1,13
hugo,6,6,0,12
plague,6,8,-2,14
alhambra,6,5,1,11
mutations,6,6,0,12
customarily,6,6,0,12
selknam,6,6,0,12
hierarchies,6,6,0,12
democratic,6,6,0,12
dominica,6,6,0,12
trans,6,6,0,12
aspects,6,7,-1,13
requested,6,6,0,12
peppers,6,6,0,12
likely,6,7,-1,13
body,6,5,1,11
consists,6,6,0,12
file,6,6,0,12
confederation,6,6,0,12
characteristic,6,6,0,12
350px,6,0,6,6
dismissal,6,5,1,11
1907,6,6,0,12
cincinnati,6,8,-2,14
played,6,7,-1,13
australia,6,6,0,12
conducted,6,6,0,12
blades,6,6,0,12
distributions,6,6,0,12
domesticated,6,7,-1,13
ilo,6,6,0,12
davis,6,6,0,12
heroes,6,6,0,12
attempts,6,8,-2,14
westward,6,5,1,11
1933,6,6,0,12
conquer,6,6,0,12
mineral,6,7,-1,13
ending,6,7,-1,13
increased,6,6,0,12
trinidad,6,8,-2,14
idea,6,6,0,12
complete,6,6,0,12
histories,6,6,0,12
superiority,6,6,0,12
mixtec,6,6,0,12
service,6,6,0,12
depicting,6,6,0,12
attempt,6,5,1,11
protestant,6,6,0,12
shall,6,6,0,12
1792,6,6,0,12
democracy,6,6,0,12
counter,6,6,0,12
efforts,6,8,-2,14
syphilis,6,4,2,10
gained,6,8,-2,14
fight,6,6,0,12
issue,6,6,0,12
trial,6,6,0,12
good,6,7,-1,13
pdf,6,4,2,10
glyphs,6,6,0,12
32,6,6,0,12
event,6,6,0,12
addition,6,7,-1,13
position,6,7,-1,13
1521,6,7,-1,13
yupik,6,6,0,12
altaians,6,6,0,12
deadly,6,6,0,12
administrators,6,6,0,12
citizenry,6,7,-1,13
codex,6,6,0,12
creating,6,5,1,11
description,6,7,-1,13
bank,6,7,-1,13
c4c,6,6,0,12
pow,6,6,0,12
progress,6,6,0,12
nonetheless,6,6,0,12
economy,6,6,0,12
liberty,6,7,-1,13
madrid,6,7,-1,13
flutes,6,6,0,12
darien,6,6,0,12
earth,6,5,1,11
influenza,6,7,-1,13
means,6,5,1,11
maternal,6,6,0,12
foundation,6,6,0,12
statues,6,6,0,12
1650,6,6,0,12
1954,6,6,0,12
wow,6,6,0,12
bolivian,6,6,0,12
visual,6,6,0,12
union,6,5,1,11
earlier,6,8,-2,14
1968,6,6,0,12
russia,6,6,0,12
artists,6,6,0,12
successfully,6,6,0,12
baghdad,6,6,0,12
entirely,6,6,0,12
towns,6,6,0,12
practiced,6,6,0,12
entered,6,6,0,12
discussing,6,6,0,12
says,6,7,-1,13
went,6,7,-1,13
renaissance,6,6,0,12
context,6,6,0,12
honor,6,8,-2,14
guatemalan,6,6,0,12
counted,6,6,0,12
1558,6,6,0,12
test,6,6,0,12
science,6,7,-1,13
evo,6,6,0,12
differences,6,6,0,12
business,6,6,0,12
1552,6,6,0,12
lineages,6,6,0,12
protracted,6,6,0,12
ranging,6,6,0,12
supported,6,7,-1,13
fort,6,6,0,12
corn,6,6,0,12
waves,6,6,0,12
cultivated,6,6,0,12
degrees,6,6,0,12
blooded,6,6,0,12
republics,6,6,0,12
line,6,7,-1,13
1960s,6,6,0,12
72,6,6,0,12
mitochondrial,6,6,0,12
character,6,6,0,12
guyana,6,6,0,12
pay,6,8,-2,14
eltis,6,6,0,12
mcdonald,6,7,-1,13
18,6,7,-1,13
perspective,6,5,1,11
reflect,6,6,0,12
lineage,6,6,0,12
relations,6,6,0,12
significantly,6,6,0,12
christians,6,6,0,12
shores,6,5,1,11
simply,6,7,-1,13
project,6,5,1,11
suggest,6,6,0,12
paul,6,8,-2,14
occasions,6,6,0,12
austin,6,6,0,12
zanzibar,6,7,-1,13
engraving,6,5,1,11
seattle,6,6,0,12
unknown,6,6,0,12
continued,6,8,-2,14
frequently,6,5,1,11
exploited,6,7,-1,13
types,6,7,-1,13
patagonia,6,8,-2,14
sources,6,6,0,12
michael,6,5,1,11
subclades,6,6,0,12
aimed,6,6,0,12
foster,6,6,0,12
dean,6,6,0,12
jack,6,6,0,12
able,6,7,-1,13
peruvian,6,7,-1,13
timothy,6,6,0,12
traditions,6,6,0,12
mass,6,7,-1,13
hemispheres,6,7,-1,13
imported,6,6,0,12
paulo,6,6,0,12
métis,6,6,0,12
search,6,8,-2,14
endowment,6,6,0,12
castile,6,6,0,12
muisca,6,6,0,12
books,6,8,-2,14
kazakhstan,6,6,0,12
connection,6,6,0,12
arctic,6,6,0,12
richard,6,6,0,12
experienced,6,6,0,12
heard,6,7,-1,13
chief,6,6,0,12
voted,6,6,0,12
identification,6,6,0,12
traders,6,6,0,12
atdna,6,6,0,12
star,6,5,1,11
postal,6,6,0,12
county,6,7,-1,13
tools,6,6,0,12
visited,6,6,0,12
does,6,5,1,11
subsistence,6,6,0,12
yucatec,6,6,0,12
armed,6,6,0,12
wild,6,6,0,12
memory,5,5,0,10
tyrant,5,5,0,10
crowd,5,5,0,10
agencies,5,5,0,10
graphic,5,5,0,10
patterns,5,5,0,10
compendium,5,5,0,10
evolved,5,5,0,10
centennial,5,5,0,10
regata,5,5,0,10
rapid,5,5,0,10
fiestas,5,5,0,10
participatory,5,5,0,10
meant,5,6,-1,11
enacted,5,5,0,10
325,5,5,0,10
louisiana,5,9,-4,14
vicente,5,5,0,10
marked,5,5,0,10
azurduy,5,5,0,10
nativists,5,5,0,10
franklin,5,5,0,10
granada,5,5,0,10
peninsula,5,6,-1,11
estimates,5,5,0,10
oaxaca,5,4,1,9
paradise,5,5,0,10
belgian,5,6,-1,11
appointed,5,5,0,10
attributed,5,6,-1,11
anthropologists,5,5,0,10
conquistador,5,6,-1,11
encuentro,5,5,0,10
count,5,5,0,10
adamski,5,5,0,10
bond,5,5,0,10
articles,5,6,-1,11
ordered,5,6,-1,11
injustices,5,5,0,10
purposes,5,5,0,10
gómez,5,5,0,10
toppling,5,5,0,10
germs,5,4,1,9
farmers,5,5,0,10
nieto,5,5,0,10
pedestal,5,5,0,10
arms,5,6,-1,11
preventing,5,5,0,10
protests,5,5,0,10
ss,5,5,0,10
strained,5,5,0,10
easier,5,4,1,9
highly,5,5,0,10
plata,5,7,-2,12
vikings,5,4,1,9
preachers,5,5,0,10
hussein,5,5,0,10
yrigoyen,5,5,0,10
explorations,5,6,-1,11
personally,5,5,0,10
favor,5,5,0,10
care,5,6,-1,11
eustatius,5,5,0,10
blackfoot,5,5,0,10
nineteen,5,5,0,10
travel,5,6,-1,11
institution,5,5,0,10
norman,5,5,0,10
hispanicity,5,5,0,10
curaçao,5,5,0,10
decrying,5,5,0,10
canadians,5,5,0,10
analysis,5,4,1,9
imperador,5,5,0,10
surrounded,5,5,0,10
allies,5,5,0,10
emphasizing,5,5,0,10
horseback,5,5,0,10
complementary,5,5,0,10
saying,5,5,0,10
evolution,5,5,0,10
mobilize,5,5,0,10
franco,5,5,0,10
intended,5,3,2,8
walk,5,5,0,10
stylized,5,5,0,10
similarly,5,4,1,9
nicola,5,5,0,10
mesoamerican,5,5,0,10
tuesday,5,5,0,10
friday,5,5,0,10
thirteen,5,5,0,10
reflects,5,5,0,10
sword,5,5,0,10
critic,5,6,-1,11
900,5,5,0,10
citizen,5,5,0,10
believed,5,4,1,9
observing,5,5,0,10
1916,5,5,0,10
isthmus,5,5,0,10
variations,5,5,0,10
1928,5,5,0,10
salem,5,5,0,10
gatherers,5,5,0,10
hipólito,5,5,0,10
cruelty,5,5,0,10
torturing,5,5,0,10
tammany,5,5,0,10
allowing,5,5,0,10
honors,5,6,-1,11
occupation,5,5,0,10
importance,5,5,0,10
failed,5,6,-1,11
parties,5,5,0,10
associated,5,5,0,10
critical,5,4,1,9
insatiable,5,5,0,10
kirkpatrick,5,5,0,10
noted,5,6,-1,11
deaths,5,6,-1,11
analyzed,5,5,0,10
robin,5,5,0,10
genoese,5,4,1,9
contributing,5,5,0,10
sharing,5,5,0,10
creole,5,5,0,10
marches,5,5,0,10
propaganda,5,5,0,10
soto,5,8,-3,13
carried,5,4,1,9
generoso,5,5,0,10
coincide,5,6,-1,11
journey,5,6,-1,11
definitions,5,4,1,9
coincidentally,5,5,0,10
conceived,5,5,0,10
journalist,5,5,0,10
adjoins,5,5,0,10
crosby,5,7,-2,12
controlled,5,6,-1,11
evidenced,5,5,0,10
indias,5,5,0,10
societal,5,5,0,10
maintaining,5,5,0,10
patriotism,5,5,0,10
359,5,5,0,10
graffiti,5,5,0,10
investors,5,5,0,10
weatherford,5,5,0,10
twenties,5,5,0,10
varying,5,5,0,10
program,5,5,0,10
usa,5,5,0,10
combination,5,5,0,10
enthusiastically,5,5,0,10
logbook,5,5,0,10
expected,5,5,0,10
vincent,5,5,0,10
protect,5,5,0,10
cutting,5,5,0,10
periodic,5,5,0,10
determinant,5,5,0,10
richness,5,5,0,10
involves,5,5,0,10
lenin,5,5,0,10
massive,5,5,0,10
patriotic,5,5,0,10
conservatives,5,5,0,10
politicians,5,5,0,10
1535,5,5,0,10
monuments,5,5,0,10
christ,5,5,0,10
1948,5,5,0,10
establish,5,4,1,9
compromise,5,5,0,10
slices,5,5,0,10
commemorates,5,5,0,10
urgency,5,5,0,10
litigation,5,5,0,10
juana,5,5,0,10
plantations,5,5,0,10
cristina,5,6,-1,11
burgeoning,5,5,0,10
definitive,5,5,0,10
daring,5,5,0,10
faithful,5,5,0,10
netherland,5,5,0,10
marine,5,5,0,10
moved,5,5,0,10
conference,5,5,0,10
sierra,5,5,0,10
knifing,5,5,0,10
college,5,6,-1,11
candidate,5,5,0,10
bulletin,5,5,0,10
universe,5,5,0,10
1981,5,5,0,10
possessions,5,4,1,9
surplus,5,6,-1,11
perspectives,5,6,-1,11
afflicting,5,5,0,10
bear,5,6,-1,11
medieval,5,5,0,10
fever,5,6,-1,11
schwarcz,5,5,0,10
fraternal,5,5,0,10
conquistadors,5,8,-3,13
allusive,5,5,0,10
folklore,5,5,0,10
capitalist,5,8,-3,13
friendship,5,5,0,10
lega,5,5,0,10
mountains,5,6,-1,11
biological,5,6,-1,11
nos,5,5,0,10
handful,5,6,-1,11
separation,5,5,0,10
britannica,5,5,0,10
terrorizing,5,5,0,10
accomplishments,5,4,1,9
reason,5,4,1,9
grenadines,5,5,0,10
corps,5,5,0,10
environmental,5,4,1,9
marchers,5,5,0,10
acquired,5,8,-3,13
influenced,5,5,0,10
84,5,6,-1,11
destrucción,5,5,0,10
barbas,5,5,0,10
36,5,5,0,10
34,5,5,0,10
survival,5,5,0,10
strains,5,4,1,9
lilia,5,5,0,10
justice,5,5,0,10
uniform,5,5,0,10
viewers,5,5,0,10
antilles,5,4,1,9
statutory,5,5,0,10
autochthonous,5,5,0,10
wing,5,5,0,10
water,5,4,1,9
civil,5,5,0,10
intercontinental,5,5,0,10
roosevelt,5,6,-1,11
barthélemy,5,6,-1,11
eyes,5,5,0,10
protectorate,5,6,-1,11
underdeveloped,5,4,1,9
jamaica,5,6,-1,11
postponed,5,5,0,10
trópicos,5,5,0,10
girl,5,4,1,9
rio,5,3,2,8
monarchy,5,5,0,10
proclaim,5,5,0,10
fine,5,5,0,10
exposed,5,6,-1,11
nothings,5,5,0,10
thursday,5,5,0,10
sharpness,5,5,0,10
latino,5,5,0,10
destroyed,5,5,0,10
mutilation,5,5,0,10
maps,5,5,0,10
active,5,4,1,9
attacks,5,5,0,10
jesse,5,5,0,10
93,5,5,0,10
whites,5,5,0,10
believe,5,3,2,8
direct,5,5,0,10
anthropologist,5,5,0,10
future,5,4,1,9
strain,5,5,0,10
1969,5,5,0,10
statute,5,5,0,10
angelo,5,5,0,10
defense,5,6,-1,11
traction,5,5,0,10
paragraph,5,5,0,10
hour,5,5,0,10
nunavut,5,5,0,10
factors,5,5,0,10
governors,5,5,0,10
monarca,5,5,0,10
fake,5,3,2,8
vinland,5,5,0,10
1532,5,5,0,10
sending,5,4,1,9
taught,5,7,-2,12
benefits,5,5,0,10
operate,5,5,0,10
scientific,5,6,-1,11
honolulu,5,5,0,10
italiana,5,5,0,10
larco,5,5,0,10
ideals,5,5,0,10
big,5,4,1,9
muslim,5,4,1,9
descobrimento,5,5,0,10
demand,5,5,0,10
sprayed,5,5,0,10
arrest,5,5,0,10
newly,5,6,-1,11
mobilization,5,5,0,10
peasants,5,5,0,10
worldwide,5,5,0,10
edge,5,5,0,10
managed,5,4,1,9
court,5,5,0,10
localities,5,4,1,9
accordance,5,5,0,10
quin,5,5,0,10
italians,5,5,0,10
districts,5,5,0,10
physics,5,6,-1,11
moritz,5,5,0,10
extensive,5,6,-1,11
aporrea,5,5,0,10
ghana,5,6,-1,11
025,5,5,0,10
bid,5,5,0,10
cartographers,5,5,0,10
commemorating,5,6,-1,11
brevísima,5,5,0,10
finding,5,5,0,10
exchanges,5,5,0,10
navale,5,5,0,10
civilian,5,5,0,10
accompanying,5,5,0,10
pizarro,5,6,-1,11
typhus,5,6,-1,11
william,5,5,0,10
animal,5,5,0,10
haiti,5,6,-1,11
culturas,5,5,0,10
learning,5,6,-1,11
310,5,5,0,10
proving,5,5,0,10
consequences,5,6,-1,11
kubal,5,5,0,10
adults,5,5,0,10
1818,5,5,0,10
loyalty,5,5,0,10
documentary,5,5,0,10
masked,5,5,0,10
68,5,6,-1,11
necessity,5,5,0,10
companhia,5,5,0,10
news,5,7,-2,12
overshadowed,5,5,0,10
sent,5,5,0,10
smith,5,6,-1,11
brasil,5,6,-1,11
themes,5,5,0,10
clash,5,5,0,10
probably,5,5,0,10
das,5,5,0,10
district,5,5,0,10
statewide,5,5,0,10
museum,5,5,0,10
relative,5,5,0,10
pageant,5,5,0,10
tremble,5,5,0,10
rewriting,5,5,0,10
choose,5,5,0,10
acts,5,5,0,10
planned,5,5,0,10
1450,5,6,-1,11
labelling,5,5,0,10
fe,5,6,-1,11
abstain,5,5,0,10
335,5,5,0,10
theodor,5,5,0,10
asiatic,5,5,0,10
89,5,5,0,10
fierce,5,5,0,10
kirchner,5,6,-1,11
repay,5,5,0,10
liner,5,5,0,10
poets,5,5,0,10
nowadays,5,5,0,10
weiser,5,5,0,10
nationalism,5,5,0,10
rallying,5,5,0,10
influences,5,5,0,10
heirs,5,5,0,10
problematic,5,4,1,9
think,5,5,0,10
1866,5,5,0,10
individual,5,5,0,10
harrison,5,5,0,10
claiming,5,3,2,8
pox,5,2,3,7
boasts,5,5,0,10
freedom,5,4,1,9
rosada,5,5,0,10
strangest,5,5,0,10
range,5,5,0,10
1584,5,5,0,10
selection,5,5,0,10
enshrined,5,5,0,10
ignorance,5,5,0,10
driven,5,5,0,10
um,5,5,0,10
knocked,5,5,0,10
exactly,5,5,0,10
dying,5,4,1,9
relación,5,5,0,10
landscape,5,5,0,10
rarely,5,5,0,10
true,5,7,-2,12
story,5,5,0,10
revised,5,5,0,10
media,5,5,0,10
armour,5,6,-1,11
worlds,5,6,-1,11
alliance,5,5,0,10
chosen,5,6,-1,11
1868,5,5,0,10
authorized,5,5,0,10
tens,5,5,0,10
diphtheria,5,6,-1,11
point,5,6,-1,11
fertile,5,5,0,10
belonging,5,5,0,10
notes,5,3,2,8
details,5,5,0,10
imposed,5,6,-1,11
interrelated,5,5,0,10
addressed,5,5,0,10
clear,5,5,0,10
brown,5,4,1,9
breeding,5,6,-1,11
letras,5,5,0,10
forces,5,5,0,10
wednesday,5,5,0,10
republicans,5,5,0,10
teach,5,5,0,10
speroni,5,5,0,10
noce,5,5,0,10
activity,5,5,0,10
insults,5,5,0,10
rich,5,5,0,10
courland,5,7,-2,12
independently,5,6,-1,11
centre,5,5,0,10
strands,5,5,0,10
leaving,5,5,0,10
delano,5,5,0,10
stanford,5,5,0,10
rapidly,5,6,-1,11
teachers,5,5,0,10
greed,5,5,0,10
1794,4,4,0,8
involved,4,4,0,8
geographers,4,4,0,8
establishment,4,4,0,8
82,4,4,0,8
1495,4,2,2,6
advantage,4,4,0,8
slavs,4,4,0,8
turned,4,4,0,8
urban,4,4,0,8
haudenosaunee,4,4,0,8
collection,4,5,-1,9
region4,4,4,0,8
batho,4,4,0,8
barbados,4,4,0,8
equus,4,4,0,8
recognizing,4,4,0,8
saraguro,4,4,0,8
script,4,4,0,8
finland,4,4,0,8
agreement,4,4,0,8
león,4,5,-1,9
review,4,5,-1,9
summary,4,4,0,8
panchimalco,4,4,0,8
expand,4,4,0,8
terminology,4,4,0,8
allowed,4,3,1,7
sweden,4,5,-1,9
nahuas,4,4,0,8
ethnically,4,4,0,8
norway,4,5,-1,9
1880,4,5,-1,9
derogatory,4,4,0,8
joined,4,3,1,7
projects,4,4,0,8
helping,4,4,0,8
families,4,4,0,8
núñez,4,5,-1,9
accounts,4,4,0,8
richardson,4,3,1,7
ik,4,4,0,8
hawaiian,4,4,0,8
nomadic,4,4,0,8
possible,4,4,0,8
built,4,4,0,8
phoenix,4,3,1,7
da,4,6,-2,10
kmaq,4,4,0,8
1619,4,4,0,8
combined,4,4,0,8
enriquillo,4,4,0,8
tordesillas,4,4,0,8
scheduling,4,4,0,8
chromosome,4,4,0,8
traits,4,5,-1,9
histoire,4,4,0,8
hypothesis,4,4,0,8
artifacts,4,4,0,8
1530s,4,5,-1,9
reinforced,4,4,0,8
densely,4,5,-1,9
cf,4,4,0,8
benefit,4,4,0,8
habitation,4,5,-1,9
soon,4,7,-3,11
desierto,4,4,0,8
represent,4,4,0,8
lima,4,6,-2,10
x2a,4,4,0,8
thanks,4,4,0,8
professor,4,4,0,8
poor,4,6,-2,10
suffered,4,5,-1,9
majorities,4,4,0,8
building,4,5,-1,9
62,4,4,0,8
reform,4,4,0,8
pervasive,4,4,0,8
cotton,4,4,0,8
charrúa,4,4,0,8
schematic,4,4,0,8
1995,4,4,0,8
japan,4,3,1,7
cochabamba,4,4,0,8
chance,4,3,1,7
longer,4,4,0,8
conaie,4,4,0,8
flow,4,4,0,8
wood,4,4,0,8
garifuna,4,4,0,8
tsuu,4,4,0,8
adult,4,4,0,8
shaped,4,4,0,8
modernize,4,3,1,7
obtained,4,4,0,8
activist,4,3,1,7
comparison,4,6,-2,10
warring,4,4,0,8
constitutional,4,4,0,8
1800,4,5,-1,9
crow,4,4,0,8
sound,4,4,0,8
valladolid,4,4,0,8
somalia,4,5,-1,9
conquista,4,4,0,8
alt,4,4,0,8
captured,4,4,0,8
josé,4,4,0,8
mean,4,4,0,8
transform,4,4,0,8
subjects,4,4,0,8
quickly,4,4,0,8
amazonian,4,4,0,8
1760,4,4,0,8
tuberosum,4,4,0,8
academic,4,4,0,8
autosomal,4,4,0,8
increase,4,4,0,8
isolated,4,4,0,8
disputed,4,4,0,8
postcolonial,4,3,1,7
31,4,5,-1,9
1634,4,4,0,8
seville,4,4,0,8
approx,4,4,0,8
views,4,3,1,7
1953,4,4,0,8
caras,4,4,0,8
eskimo,4,4,0,8
oriente,4,4,0,8
1970s,4,4,0,8
tended,4,4,0,8
haida,4,4,0,8
expanding,4,4,0,8
ina,4,4,0,8
1618,4,4,0,8
haplogroup,4,4,0,8
kichwa,4,4,0,8
giovanni,4,5,-1,9
governorate,4,7,-3,11
pottery,4,4,0,8
criteria,4,4,0,8
diaguita,4,4,0,8
martin,4,5,-1,9
february,4,4,0,8
1665,4,4,0,8
exhibition,4,4,0,8
tsimshian,4,4,0,8
tariff,4,4,0,8
1978,4,4,0,8
anzick,4,4,0,8
weekday,4,4,0,8
miskitos,4,5,-1,9
background,4,4,0,8
lasted,4,4,0,8
survey,4,5,-1,9
fiddle,4,4,0,8
thomas,4,6,-2,10
neighbouring,4,3,1,7
wiped,4,5,-1,9
overwhelmingly,4,4,0,8
falling,4,4,0,8
competition,4,3,1,7
formosa,4,7,-3,11
stated,4,5,-1,9
genetics,4,4,0,8
secondary,4,5,-1,9
shown,4,4,0,8
notion,4,4,0,8
1498,4,4,0,8
birthplace,4,4,0,8
1518,4,4,0,8
run,4,4,0,8
outside,4,3,1,7
salvadoran,4,4,0,8
knowledge,4,5,-1,9
protest,4,3,1,7
pictorial,4,4,0,8
difficult,4,4,0,8
75,4,7,-3,11
typical,4,4,0,8
closely,4,4,0,8
chiapas,4,5,-1,9
nth,4,4,0,8
considering,4,4,0,8
frontpagemag,4,4,0,8
cassava,4,4,0,8
cold,4,3,1,7
medical,4,4,0,8
joão,4,4,0,8
cultivation,4,4,0,8
consist,4,4,0,8
mam,4,4,0,8
322,4,4,0,8
reservations,4,4,0,8
red,4,5,-1,9
cristopher,4,3,1,7
lost,4,5,-1,9
demography,4,5,-1,9
step,4,4,0,8
cuzcatlan,4,4,0,8
derecha,4,4,0,8
exclude,4,3,1,7
settle,4,4,0,8
bison,4,4,0,8
exposition,4,4,0,8
guns,4,3,1,7
1512,4,4,0,8
varieties,4,4,0,8
legacy,4,5,-1,9
1651,4,4,0,8
focused,4,4,0,8
breed,4,5,-1,9
sheets,4,4,0,8
potatoes,4,4,0,8
reversal,4,5,-1,9
drums,4,4,0,8
norwegian,4,4,0,8
declined,4,6,-2,10
survive,4,4,0,8
easily,4,4,0,8
governing,4,3,1,7
figure,4,5,-1,9
effects,4,6,-2,10
occupy,4,4,0,8
struggle,4,4,0,8
mestizaje,4,4,0,8
tropical,4,6,-2,10
solanum,4,4,0,8
departments,4,4,0,8
split,4,4,0,8
le,4,5,-1,9
iñupiat,4,4,0,8
1519,4,5,-1,9
exceptions,4,5,-1,9
conquistadores,4,4,0,8
antarctica,4,6,-2,10
archaeologists,4,4,0,8
veracruz,4,4,0,8
03,4,3,1,7
infants,4,4,0,8
valleys,4,4,0,8
hill,4,5,-1,9
translate,4,4,0,8
figures,4,4,0,8
raven,4,4,0,8
ref4,4,4,0,8
scribes,4,4,0,8
colonize,4,6,-2,10
limited,4,4,0,8
mabila,4,6,-2,10
servitude,4,5,-1,9
alabama,4,6,-2,10
covered,4,4,0,8
existed,4,4,0,8
linked,4,4,0,8
gov,4,3,1,7
dating,4,4,0,8
brill,4,3,1,7
shows,4,5,-1,9
oof,4,4,0,8
tlingit,4,4,0,8
cabot,4,7,-3,11
style,4,5,-1,9
archaic,4,4,0,8
digital,4,4,0,8
closed,4,5,-1,9
hong,4,4,0,8
classified,4,5,-1,9
1783,4,4,0,8
jpg,4,4,0,8
dramatically,4,4,0,8
regard,4,5,-1,9
signature,4,4,0,8
araucanía,4,4,0,8
baikal,4,4,0,8
distinctive,4,4,0,8
subsets,4,4,0,8
highland,4,4,0,8
infobox,4,4,0,8
apart,4,4,0,8
stone,4,4,0,8
additional,4,3,1,7
1999,4,4,0,8
lawrence,4,4,0,8
special,4,4,0,8
worked,4,4,0,8
ad,4,4,0,8
classic,4,4,0,8
shops,4,5,-1,9
salt,4,2,2,6
indicate,4,4,0,8
pages,4,4,0,8
chickenpox,4,5,-1,9
id,4,5,-1,9
citizens,4,4,0,8
kings,4,4,0,8
catastrophe,4,4,0,8
osterhammel,4,4,0,8
size,4,4,0,8
son,4,5,-1,9
gods,4,4,0,8
peaceful,4,4,0,8
phonetic,4,4,0,8
wide,4,4,0,8
tierra,4,5,-1,9
1529,4,4,0,8
complexity,4,4,0,8
pluri,4,4,0,8
regardless,4,4,0,8
bay,4,4,0,8
admixture,4,4,0,8
452,4,5,-1,9
devastation,4,5,-1,9
malta,4,4,0,8
1989,4,4,0,8
sign,4,4,0,8
retained,4,3,1,7
explained,4,4,0,8
ref3,4,4,0,8
kenya,4,4,0,8
skin,4,4,0,8
communicable,4,4,0,8
tenochtitlán,4,4,0,8
fairly,4,4,0,8
bar,4,5,-1,9
increasing,4,4,0,8
enrolled,4,4,0,8
egypt,4,4,0,8
1898,4,4,0,8
proportions,4,4,0,8
cañari,4,4,0,8
timoto,4,4,0,8
base,4,4,0,8
defend,4,4,0,8
domination,4,5,-1,9
finally,4,5,-1,9
jamestown,4,4,0,8
entry,4,4,0,8
churchill,4,3,1,7
boy,4,4,0,8
linguistic,4,4,0,8
miniaturadeimagen,4,4,0,8
nearly,4,4,0,8
word,4,4,0,8
celade,4,4,0,8
force,4,4,0,8
sub,4,4,0,8
musical,4,4,0,8
philippines,4,5,-1,9
cent,4,4,0,8
120,4,4,0,8
florentine,4,4,0,8
month,4,4,0,8
100,4,5,-1,9
civic,4,4,0,8
200px,4,0,4,4
cost,4,4,0,8
referred,4,5,-1,9
subset,4,4,0,8
separate,4,6,-2,10
28,4,3,1,7
anishinaabe,4,4,0,8
geographically,4,4,0,8
blood,4,4,0,8
regional,4,4,0,8
resistances,4,4,0,8
scheme,4,4,0,8
autumn,4,2,2,6
trees,4,4,0,8
fall,4,4,0,8
cofán,4,4,0,8
hope,4,3,1,7
unrelated,4,3,1,7
subsequent,4,4,0,8
differ,4,4,0,8
tunisia,4,5,-1,9
athabaskan,4,4,0,8
laurentide,4,4,0,8
mississippi,4,5,-1,9
megafauna,4,4,0,8
membership,4,4,0,8
burning,4,4,0,8
alternative,4,3,1,7
chorotega,4,4,0,8
fuego,4,5,-1,9
1630,4,4,0,8
controversy,4,4,0,8
academy,4,4,0,8
ethiopia,4,4,0,8
interactions,4,4,0,8
strong,4,3,1,7
inter,4,4,0,8
giacomo,4,4,0,8
greenlandic,4,4,0,8
span,4,5,-1,9
pop4,4,4,0,8
levels,4,4,0,8
rama,4,4,0,8
retain,4,4,0,8
virtually,4,5,-1,9
literature,4,5,-1,9
comprise,4,4,0,8
unforeseeable,4,4,0,8
1667,4,4,0,8
marambio,4,4,0,8
technologies,4,5,-1,9
takes,4,4,0,8
alexander,4,4,0,8
dozens,4,5,-1,9
peoplehood,4,4,0,8
49,4,5,-1,9
warao,4,4,0,8
chaco,4,4,0,8
encomienda,4,3,1,7
hidden,4,4,0,8
thirty,4,4,0,8
burial,4,4,0,8
1520s,4,4,0,8
mi,4,6,-2,10
cuicas,4,4,0,8
powerful,4,3,1,7
fur,4,3,1,7
trinity,4,3,1,7
street,4,5,-1,9
mixtecs,4,4,0,8
tribute,4,4,0,8
average,4,4,0,8
behalf,3,3,0,6
asserted,3,2,1,5
hebrides,3,3,0,6
recovering,3,3,0,6
paper,3,3,0,6
treaties,3,3,0,6
mysticism,3,2,1,5
dynasty,3,5,-2,8
philip,3,4,-1,7
190,3,2,1,5
symcox,3,2,1,5
qatar,3,4,-1,7
grenada,3,3,0,6
rome,3,4,-1,7
ref10,3,3,0,6
lucia,3,3,0,6
commonwealth,3,4,-1,7
mit,3,3,0,6
weaponry,3,2,1,5
basis,3,2,1,5
algonquian,3,3,0,6
villages,3,3,0,6
heavily,3,3,0,6
lasting,3,1,2,4
55,3,2,1,5
glorification,3,2,1,5
oppression,3,2,1,5
northampton,3,2,1,5
needs,3,3,0,6
behavior,3,3,0,6
1654,3,3,0,6
committee,3,3,0,6
gainesville,3,3,0,6
42,3,3,0,6
greeks,3,4,-1,7
grant,3,3,0,6
equivalent,3,3,0,6
applies,3,2,1,5
prefer,3,3,0,6
concession,3,3,0,6
light,3,3,0,6
formation,3,3,0,6
hispanist,3,2,1,5
argument,3,2,1,5
zones,3,3,0,6
sides,3,3,0,6
preceded,3,2,1,5
inaccurate,3,3,0,6
path,3,2,1,5
series,3,4,-1,7
dependent,3,3,0,6
companies,3,4,-1,7
frances,3,3,0,6
gibraltar,3,3,0,6
spaces,3,3,0,6
samuel,3,3,0,6
low,3,3,0,6
santiago,3,3,0,6
particular,3,4,-1,7
aruba,3,3,0,6
socio,3,3,0,6
rand,3,2,1,5
link,3,3,0,6
flora,3,3,0,6
subaltern,3,3,0,6
1614,3,3,0,6
admiral,3,3,0,6
transported,3,3,0,6
saba,3,3,0,6
liberal,3,3,0,6
govern,3,4,-1,7
composition,3,3,0,6
relationships,3,3,0,6
shumlin,3,2,1,5
migrant,3,3,0,6
region8,3,3,0,6
balboa,3,3,0,6
results,3,3,0,6
region3,3,3,0,6
cosmology,3,3,0,6
advocates,3,3,0,6
launched,3,3,0,6
biggest,3,4,-1,7
planning,3,3,0,6
elements,3,3,0,6
koryak,3,3,0,6
mankato,3,5,-2,8
universalism,3,3,0,6
traditionally,3,3,0,6
goal,3,3,0,6
burned,3,3,0,6
150px,3,0,3,3
benedict,3,2,1,5
commemoration,3,2,1,5
encountered,3,4,-1,7
attempting,3,2,1,5
potato,3,3,0,6
1803,3,3,0,6
cover,3,3,0,6
douglas,3,3,0,6
individualism,3,2,1,5
pop1,3,3,0,6
editor,3,2,1,5
ref11,3,3,0,6
1689,3,3,0,6
tropics,3,4,-1,7
worship,3,4,-1,7
gay,3,3,0,6
counting,3,3,0,6
reliance,3,2,1,5
champion,3,4,-1,7
performance,3,3,0,6
lack,3,2,1,5
portland,3,4,-1,7
actively,3,4,-1,7
reading,3,4,-1,7
52,3,3,0,6
1962,3,3,0,6
bull,3,3,0,6
possibly,3,4,-1,7
visiting,3,3,0,6
gulf,3,2,1,5
occasion,3,2,1,5
cook,3,4,-1,7
espagnols,3,3,0,6
note,3,3,0,6
correct,3,2,1,5
fundamental,3,3,0,6
twice,3,3,0,6
sled,3,3,0,6
1504,3,3,0,6
sovereignty,3,3,0,6
suffering,3,4,-1,7
mainz,3,3,0,6
scottish,3,3,0,6
navajo,3,3,0,6
prohibiting,3,3,0,6
utah,3,2,1,5
inspired,3,4,-1,7
rebellion,3,3,0,6
goods,3,3,0,6
writers,3,3,0,6
bubonic,3,4,-1,7
1952,3,3,0,6
foreigners,3,4,-1,7
newness,3,2,1,5
follows,3,3,0,6
37,3,3,0,6
ref7,3,3,0,6
caption,3,3,0,6
struggles,3,2,1,5
helped,3,3,0,6
1680,3,3,0,6
fatal,3,3,0,6
prisoners,3,3,0,6
antonio,3,3,0,6
kitts,3,3,0,6
spelman,3,4,-1,7
indirectly,3,4,-1,7
victoria,3,3,0,6
johnson,3,3,0,6
renato,3,3,0,6
cartography,3,3,0,6
collected,3,3,0,6
captaincy,3,12,-9,15
domains,3,3,0,6
production,3,3,0,6
proven,3,3,0,6
terra,3,3,0,6
role,3,5,-2,8
examples,3,4,-1,7
ecuadorian,3,3,0,6
taiwan,3,5,-2,8
passage,3,5,-2,8
ref8,3,3,0,6
partial,3,3,0,6
region5,3,3,0,6
hundreds,3,3,0,6
brilliant,3,4,-1,7
acemoglu,3,3,0,6
penn,3,3,0,6
1950,3,3,0,6
birth,3,3,0,6
nationalist,3,4,-1,7
collectivism,3,2,1,5
morocco,3,4,-1,7
possessed,3,3,0,6
dont,3,3,0,6
populist,3,2,1,5
invaded,3,3,0,6
pop11,3,3,0,6
dispute,3,3,0,6
unity,3,3,0,6
region2,3,3,0,6
greenwood,3,4,-1,7
best,3,3,0,6
populationcountryindigenousref,3,3,0,6
exist,3,2,1,5
medicine,3,5,-2,8
124,3,3,0,6
tianjin,3,4,-1,7
andenes,3,2,1,5
minor,3,4,-1,7
lacked,3,3,0,6
plate,3,3,0,6
table,3,3,0,6
1000,3,3,0,6
offered,3,3,0,6
infectious,3,4,-1,7
officers,3,3,0,6
completely,3,3,0,6
tacoma,3,5,-2,8
combine,3,2,1,5
region11,3,3,0,6
mind,3,3,0,6
extent,3,5,-2,8
mercantilism,3,3,0,6
pop5,3,3,0,6
kind,3,3,0,6
acceptable,3,3,0,6
1820,3,4,-1,7
ambition,3,2,1,5
ecumenical,3,2,1,5
received,3,2,1,5
version,3,3,0,6
bred,3,3,0,6
1824,3,3,0,6
degradation,3,3,0,6
1609,3,3,0,6
socotra,3,4,-1,7
kong,3,3,0,6
395,3,3,0,6
avoid,3,2,1,5
collapsed,3,4,-1,7
dog,3,3,0,6
818,3,3,0,6
producing,3,3,0,6
accessed,3,2,1,5
headed,3,3,0,6
peruvians,3,3,0,6
philosophy,3,3,0,6
humans,3,3,0,6
1st,3,3,0,6
moore,3,3,0,6
1865,3,3,0,6
material,3,3,0,6
sebastopol,3,2,1,5
somaliland,3,3,0,6
region10,3,3,0,6
compiled,3,3,0,6
saïd,3,4,-1,7
refrain,3,2,1,5
church,3,4,-1,7
missoula,3,2,1,5
discrimination,3,3,0,6
raw,3,3,0,6
sistema,3,3,0,6
1975,3,3,0,6
nueva,3,3,0,6
eighteenth,3,2,1,5
goals,3,3,0,6
enforcing,3,3,0,6
running,3,2,1,5
drawing,3,3,0,6
lead,3,3,0,6
1542,3,3,0,6
ayn,3,2,1,5
better,3,3,0,6
omani,3,4,-1,7
kyrgyzstan,3,3,0,6
hi,3,3,0,6
emerged,3,3,0,6
eat,3,3,0,6
geoffrey,3,2,1,5
renamed,3,2,1,5
coronado,3,4,-1,7
ya,3,3,0,6
1700,3,3,0,6
warriors,3,3,0,6
borders,3,3,0,6
oberlin,3,3,0,6
andahuaylillas,3,3,0,6
123,3,2,1,5
originate,3,3,0,6
thornton,3,3,0,6
ref9,3,3,0,6
substantial,3,3,0,6
matters,3,4,-1,7
produce,3,3,0,6
die,3,3,0,6
ivory,3,3,0,6
calendar,3,7,-4,10
ponce,3,4,-1,7
ratified,3,3,0,6
embraced,3,3,0,6
quakers,3,2,1,5
persistent,3,3,0,6
sporadically,3,3,0,6
productive,3,2,1,5
raised,3,3,0,6
unm,3,2,1,5
prompting,3,3,0,6
rhodesia,3,3,0,6
163,3,4,-1,7
sponsor,3,3,0,6
upf,3,3,0,6
boer,3,3,0,6
ref2,3,3,0,6
environment,3,3,0,6
xii,3,3,0,6
christmas,3,4,-1,7
pop7,3,3,0,6
1991,3,3,0,6
queen,3,4,-1,7
region1,3,3,0,6
defending,3,3,0,6
traveling,3,3,0,6
66,3,3,0,6
comparative,3,3,0,6
meaning,3,3,0,6
250px,3,0,3,3
chili,3,3,0,6
pointed,3,2,1,5
region7,3,3,0,6
patrilineal,3,3,0,6
orange,3,3,0,6
locations,3,4,-1,7
points,3,3,0,6
indo,3,3,0,6
arawaks,3,2,1,5
legitimize,3,2,1,5
build,3,3,0,6
mythologizing,3,2,1,5
higher,3,3,0,6
contending,3,2,1,5
indiens,3,3,0,6
centers,3,3,0,6
effort,3,3,0,6
1546,3,3,0,6
viewed,3,4,-1,7
interests,3,4,-1,7
reduced,3,3,0,6
depended,3,3,0,6
replace,3,3,0,6
invasions,3,3,0,6
burgos,3,3,0,6
values,3,3,0,6
1713,3,3,0,6
findings,3,3,0,6
incorporate,3,3,0,6
expense,3,2,1,5
bilingual,3,3,0,6
primitivism,3,2,1,5
daron,3,3,0,6
77,3,3,0,6
quite,3,4,-1,7
colombian,3,4,-1,7
geographic,3,3,0,6
congo,3,3,0,6
meso,3,4,-1,7
handbook,3,4,-1,7
eurasians,3,3,0,6
determinism,3,2,1,5
bahrain,3,4,-1,7
starting,3,2,1,5
malaria,3,4,-1,7
let,3,2,1,5
enjoyed,3,3,0,6
immigrated,3,3,0,6
simon,3,3,0,6
maarten,3,3,0,6
47,3,3,0,6
guard,3,3,0,6
russell,3,4,-1,7
outbreaks,3,3,0,6
quincentennial,3,2,1,5
classification,3,3,0,6
reappraising,3,2,1,5
commenting,3,2,1,5
pop6,3,3,0,6
1493,3,5,-2,8
955,3,3,0,6
dual,3,3,0,6
renewed,3,3,0,6
sitting,3,2,1,5
presence,3,3,0,6
destruction,3,5,-2,8
opened,3,3,0,6
turkey,3,3,0,6
treat,3,2,1,5
tobacco,3,3,0,6
crop,3,3,0,6
essays,3,3,0,6
denmark,3,3,0,6
preservation,3,3,0,6
yearly,3,2,1,5
germans,3,3,0,6
allen,3,4,-1,7
chronological,3,3,0,6
10th,3,3,0,6
adapted,3,4,-1,7
urarina,3,3,0,6
traveled,3,3,0,6
chiefdoms,3,3,0,6
legislature,3,2,1,5
appears,3,3,0,6
secondarily,3,2,1,5
sparsely,3,2,1,5
latest,3,2,1,5
capture,3,3,0,6
aground,3,3,0,6
1837,3,3,0,6
christianization,3,3,0,6
broad,3,3,0,6
acquire,3,3,0,6
cater,3,3,0,6
aquaculture,3,3,0,6
sugar,3,3,0,6
foot,3,3,0,6
responsibility,3,2,1,5
scotia,3,3,0,6
swahili,3,4,-1,7
cultivating,3,4,-1,7
troops,3,3,0,6
settler,3,4,-1,7
principle,3,3,0,6
nuevo,3,3,0,6
mariner,3,4,-1,7
seychelles,3,3,0,6
focus,3,3,0,6
stronger,3,3,0,6
achieve,3,3,0,6
equal,3,3,0,6
confirmed,3,3,0,6
mortality,3,3,0,6
58,3,3,0,6
developing,3,2,1,5
prevent,3,3,0,6
monopoly,3,3,0,6
generations,3,2,1,5
famine,3,3,0,6
unused,3,2,1,5
barbaric,3,3,0,6
nationalities,3,2,1,5
bartholomew,3,3,0,6
subject,3,3,0,6
deal,3,2,1,5
profound,3,3,0,6
mission,3,3,0,6
vocal,3,3,0,6
polynesia,3,3,0,6
equality,3,3,0,6
dorset,3,3,0,6
georgia,3,5,-2,8
sheet,3,3,0,6
profit,3,4,-1,7
posts,3,3,0,6
revisionists,3,2,1,5
canary,3,4,-1,7
classical,3,3,0,6
ref5,3,3,0,6
aim,3,3,0,6
243,3,3,0,6
australians,3,3,0,6
supposed,3,3,0,6
markets,3,4,-1,7
testament,3,3,0,6
debate,3,3,0,6
lockhart,3,3,0,6
region6,3,3,0,6
robinson,3,3,0,6
ban,3,4,-1,7
tajikistan,3,3,0,6
naval,3,4,-1,7
reside,3,3,0,6
peter,3,3,0,6
holes,3,3,0,6
diminish,3,2,1,5
instigated,3,2,1,5
choc,3,3,0,6
ainu,3,3,0,6
impose,3,3,0,6
p16,3,3,0,6
ability,3,3,0,6
quebec,3,3,0,6
subspecies,3,3,0,6
corte,3,3,0,6
distant,3,3,0,6
forms,3,3,0,6
voided,3,3,0,6
explain,3,3,0,6
couronian,3,4,-1,7
commerce,3,3,0,6
caetera,3,3,0,6
investigations,3,3,0,6
inferiority,3,3,0,6
dominant,3,3,0,6
primitive,3,4,-1,7
criticisms,3,2,1,5
conversely,3,3,0,6
56,3,4,-1,7
poverty,3,3,0,6
available,3,3,0,6
climates,3,3,0,6
administration,3,3,0,6
pop8,3,3,0,6
qamutik,3,3,0,6
apparent,3,3,0,6
guadeloupe,3,4,-1,7
overwhelming,3,3,0,6
campaign,3,4,-1,7
scientifically,3,3,0,6
pop9,3,3,0,6
initiated,3,2,1,5
teacher,3,3,0,6
reshaping,3,3,0,6
abuses,3,3,0,6
bering,3,3,0,6
revolution,3,5,-2,8
bonaire,3,3,0,6
río,3,6,-3,9
pop2,3,3,0,6
preoccupied,3,3,0,6
journeys,3,3,0,6
comes,3,3,0,6
silver,3,3,0,6
jstor,3,3,0,6
audience,3,3,0,6
coincided,3,3,0,6
slowly,3,4,-1,7
town,3,8,-5,11
dependency,3,4,-1,7
berliner,3,2,1,5
eschew,3,4,-1,7
beliefs,3,4,-1,7
extend,3,3,0,6
des,3,3,0,6
erupted,3,3,0,6
sailed,3,2,1,5
droughts,3,2,1,5
differently,3,3,0,6
1860,3,3,0,6
immense,3,3,0,6
contexts,3,3,0,6
1589,3,3,0,6
1616,3,3,0,6
totaled,3,3,0,6
sizable,3,3,0,6
researchers,3,3,0,6
required,3,4,-1,7
encyclopædia,3,3,0,6
goa,3,3,0,6
expulsion,3,2,1,5
27,3,4,-1,7
riches,3,3,0,6
drastic,3,3,0,6
overall,3,3,0,6
kate,3,2,1,5
29,3,4,-1,7
pop3,3,3,0,6
quechuan,3,3,0,6
senegal,3,3,0,6
astronomy,3,6,-3,9
51,3,3,0,6
enabled,3,3,0,6
father,3,3,0,6
literacy,3,3,0,6
overlap,3,3,0,6
coasts,3,3,0,6
develop,3,3,0,6
implies,3,3,0,6
inherent,3,3,0,6
asserts,3,2,1,5
02,3,3,0,6
1945,3,3,0,6
97,3,3,0,6
enemies,3,3,0,6
fortune,3,4,-1,7
mobile,3,3,0,6
aiding,3,3,0,6
amherst,3,2,1,5
1585,3,3,0,6
reconstructing,3,2,1,5
ward,3,2,1,5
farm,3,3,0,6
executive,3,2,1,5
translated,3,3,0,6
1960,3,3,0,6
cite,3,6,-3,9
webster,3,4,-1,7
remember,3,2,1,5
elizabeth,3,3,0,6
indigenousref,3,3,0,6
ref6,3,3,0,6
clappersticks,3,2,1,5
ultimately,3,3,0,6
1985,3,3,0,6
units,3,3,0,6
legislation,3,3,0,6
identifying,3,3,0,6
bangladesh,3,3,0,6
repealed,3,3,0,6
gill,3,2,1,5
calling,3,4,-1,7
condominium,3,3,0,6
norte,3,2,1,5
neocolonialism,3,3,0,6
proved,3,3,0,6
boise,3,5,-2,8
specified,3,2,1,5
redefine,3,2,1,5
pop10,3,3,0,6
civilisations,3,3,0,6
tried,3,3,0,6
region9,3,3,0,6
relates,3,3,0,6
debt,3,3,0,6
hudson,3,3,0,6
chocolate,3,3,0,6
pressured,3,3,0,6
yucatan,3,2,1,5
culturess,3,3,0,6
start,3,3,0,6
protested,3,3,0,6
rosaldo,3,3,0,6
pop,3,3,0,6
decided,3,3,0,6
success,3,3,0,6
kumeyaay,2,2,0,4
poison,2,4,-2,6
campesinos,2,2,0,4
batla,2,2,0,4
verano,2,3,-1,5
diplomats,2,2,0,4
pollan,2,2,0,4
concentration,2,2,0,4
01,2,2,0,4
parinacota,2,2,0,4
sikh,2,2,0,4
chimu,2,2,0,4
yenisei,2,2,0,4
chorote,2,2,0,4
sanders,2,1,1,3
xiu,2,2,0,4
cocoa,2,2,0,4
determine,2,2,0,4
collapse,2,2,0,4
collier,2,2,0,4
enforce,2,2,0,4
quitu,2,2,0,4
mutation,2,2,0,4
colonia,2,2,0,4
filipa,2,2,0,4
cordillera,2,2,0,4
nymph,2,2,0,4
revolt,2,2,0,4
zucchini,2,2,0,4
location,2,3,-1,5
stephen,2,2,0,4
drought,2,2,0,4
posit,2,2,0,4
1919,2,2,0,4
englishmen,2,2,0,4
carbon,2,2,0,4
coca,2,2,0,4
casual,2,3,-1,5
michoacán,2,2,0,4
course,2,1,1,3
return,2,2,0,4
1817,2,2,0,4
mozambique,2,2,0,4
subsequently,2,3,-1,5
xr1a,2,2,0,4
semirechye,2,2,0,4
scientist,2,2,0,4
elaborate,2,2,0,4
southeast,2,2,0,4
sitio,2,2,0,4
plots,2,2,0,4
maltreatment,2,2,0,4
slang,2,2,0,4
cabécar,2,2,0,4
adopting,2,3,-1,5
siona,2,2,0,4
philadelphia,2,2,0,4
elect,2,2,0,4
birch,2,2,0,4
relaxing,2,2,0,4
inscriptions,2,2,0,4
leone,2,2,0,4
resting_place,2,2,0,4
globe,2,3,-1,5
borneo,2,3,-1,5
sustainable,2,2,0,4
korean,2,3,-1,5
austro,2,2,0,4
elite,2,2,0,4
crowther,2,3,-1,5
1350,2,2,0,4
tepary,2,2,0,4
gradually,2,2,0,4
pop22,2,2,0,4
cayambe,2,2,0,4
ambassador,2,2,0,4
lingüísticos,2,2,0,4
preface,2,2,0,4
obsolete,2,2,0,4
ministerio,2,2,0,4
ferdinand,2,2,0,4
citation,2,2,0,4
otomi,2,2,0,4
presenting,2,2,0,4
1627,2,2,0,4
1454,2,2,0,4
74,2,1,1,3
turkestan,2,1,1,3
cacaopera,2,2,0,4
sciences,2,3,-1,5
formalidad,2,2,0,4
ontario,2,2,0,4
speech,2,3,-1,5
medin,2,2,0,4
region17,2,2,0,4
metropolitan,2,2,0,4
method,2,2,0,4
cafe,2,2,0,4
marshall,2,3,-1,5
teenage,2,2,0,4
defining,2,2,0,4
recognises,2,2,0,4
viz,2,2,0,4
weaker,2,2,0,4
depicts,2,2,0,4
mines,2,1,1,3
balmis,2,2,0,4
labrador,2,2,0,4
hybrid,2,2,0,4
kalinago,2,2,0,4
studied,2,2,0,4
glyptodont,2,2,0,4
cdi,2,2,0,4
dissent,2,2,0,4
errors,2,2,0,4
ideology,2,2,0,4
represents,2,3,-1,5
homelands,2,2,0,4
nazarova,2,2,0,4
essequibo,2,2,0,4
ulap,2,2,0,4
consistent,2,2,0,4
rapistss,2,2,0,4
ftc,2,2,0,4
paris,2,3,-1,5
product,2,3,-1,5
narváez,2,2,0,4
escritura,2,2,0,4
serampore,2,2,0,4
christianity,2,2,0,4
reference,2,2,0,4
valuable,2,3,-1,5
diálogos,2,2,0,4
lebanon,2,3,-1,5
acorn,2,2,0,4
pemon,2,2,0,4
situations,2,2,0,4
1880s,2,2,0,4
phenotypic,2,2,0,4
documentation,2,3,-1,5
reflected,2,2,0,4
experience,2,2,0,4
economically,2,2,0,4
jewels,2,2,0,4
mediterranean,2,5,-3,7
radiocarbon,2,2,0,4
needed,2,3,-1,5
teosinte,2,2,0,4
socialist,2,2,0,4
region22,2,2,0,4
looking,2,2,0,4
cultivars,2,2,0,4
posing,2,2,0,4
economies,2,2,0,4
coastline,2,2,0,4
alphabetic,2,2,0,4
issues,2,2,0,4
329,2,2,0,4
jamil,2,2,0,4
uneven,2,2,0,4
depopulation,2,2,0,4
ref19,2,2,0,4
autonomous,2,2,0,4
region12,2,2,0,4
supplement,2,2,0,4
empowered,2,2,0,4
invasion,2,2,0,4
married,2,3,-1,5
pool,2,2,0,4
participated,2,2,0,4
bishop,2,2,0,4
application,2,2,0,4
rejected,2,2,0,4
immunities,2,2,0,4
correspond,2,2,0,4
dynasties,2,2,0,4
identifies,2,2,0,4
verde,2,2,0,4
maxima,2,2,0,4
malay,2,2,0,4
drumming,2,2,0,4
industry,2,3,-1,5
logographic,2,2,0,4
flute,2,2,0,4
treated,2,2,0,4
itza,2,2,0,4
1658,2,2,0,4
mendoza,2,2,0,4
eclac,2,2,0,4
matrilineal,2,2,0,4
tenure,2,2,0,4
bartholomewsister,2,2,0,4
confined,2,2,0,4
fruit,2,2,0,4
report,2,2,0,4
domingo,2,4,-2,6
virus,2,2,0,4
tip,2,2,0,4
logograms,2,2,0,4
bone,2,2,0,4
sort,2,2,0,4
initiating,2,3,-1,5
populous,2,2,0,4
reputation,2,2,0,4
geometrical,2,2,0,4
chicle,2,2,0,4
herbs,2,2,0,4
puritans,2,2,0,4
colour,2,2,0,4
vietnam,2,3,-1,5
817,2,2,0,4
mixture,2,2,0,4
prerogative,2,2,0,4
forbade,2,2,0,4
kegore,2,2,0,4
bribri,2,2,0,4
grouping,2,2,0,4
1974,2,2,0,4
tla,2,2,0,4
isa,2,2,0,4
leadership,2,2,0,4
tristan,2,3,-1,5
region18,2,2,0,4
persecuted,2,1,1,3
lencas,2,2,0,4
parents,2,2,0,4
guambía,2,2,0,4
hippopotamus,2,2,0,4
pumpkins,2,2,0,4
cachet,2,2,0,4
1524,2,2,0,4
kashani,2,2,0,4
duke,2,2,0,4
fiji,2,2,0,4
pineapples,2,2,0,4
pilagá,2,2,0,4
buffalo,2,2,0,4
trumpet,2,2,0,4
asians,2,2,0,4
caledonia,2,2,0,4
wool,2,2,0,4
oceans,2,2,0,4
yup,2,2,0,4
green,2,2,0,4
weathered,2,2,0,4
sculpture,2,3,-1,5
autónoma,2,2,0,4
skills,2,2,0,4
draw,2,2,0,4
ref18,2,2,0,4
1050,2,2,0,4
governance,2,3,-1,5
mathematics,2,3,-1,5
bloodlines,2,2,0,4
silan,2,2,0,4
pop17,2,2,0,4
micro,2,2,0,4
115,2,2,0,4
gunpowder,2,2,0,4
99,2,2,0,4
mistreatment,2,3,-1,5
edición,2,2,0,4
mennonites,2,2,0,4
quarters,2,2,0,4
decision,2,2,0,4
actun,2,2,0,4
militancy,2,2,0,4
phys,2,1,1,3
broke,2,2,0,4
baltic,2,3,-1,5
mobilized,2,2,0,4
cakchiquel,2,2,0,4
promises,2,2,0,4
hearing,2,2,0,4
wiigwaasabak,2,2,0,4
solely,2,2,0,4
91,2,3,-1,5
eqchi,2,2,0,4
sacrifice,2,2,0,4
omnivore,2,2,0,4
1790,2,3,-1,5
gran,2,2,0,4
layover,2,2,0,4
missouri,2,4,-2,6
alfred,2,1,1,3
milton,2,2,0,4
establishes,2,2,0,4
percussive,2,2,0,4
melting,2,2,0,4
wayuu,2,2,0,4
exploitable,2,1,1,3
jaguar,2,2,0,4
inconsistently,2,2,0,4
chileans,2,2,0,4
appropriation,2,2,0,4
sac,2,2,0,4
moctezuma,2,3,-1,5
quitirrisí,2,2,0,4
frequency,2,2,0,4
onwards,2,2,0,4
freely,2,2,0,4
emergence,2,2,0,4
minas,2,2,0,4
precious,2,2,0,4
bushnell,2,2,0,4
brazilwood,2,2,0,4
intermarried,2,2,0,4
fungi,2,3,-1,5
378,2,2,0,4
diverged,2,2,0,4
simple,2,4,-2,6
kaqchikel,2,2,0,4
essential,2,2,0,4
tomatoes,2,2,0,4
180px,2,2,0,4
smallholder,2,2,0,4
player,2,2,0,4
shors,2,2,0,4
argentinian,2,2,0,4
traces,2,2,0,4
cayenne,2,2,0,4
unintentionally,2,2,0,4
otavalos,2,2,0,4
172,2,2,0,4
barrionuevo,2,2,0,4
réunion,2,2,0,4
decoded,2,2,0,4
0177,2,2,0,4
blanket,2,2,0,4
stampede,2,2,0,4
perpetuating,2,2,0,4
vote,2,2,0,4
entre,2,2,0,4
awá,2,2,0,4
punishment,2,3,-1,5
hypotheses,2,2,0,4
apply,2,2,0,4
verrazzano,2,3,-1,5
westport,2,1,1,3
formal,2,3,-1,5
pushing,2,2,0,4
1858,2,2,0,4
pop12,2,2,0,4
clothing,2,2,0,4
rightfully,2,2,0,4
azores,2,2,0,4
mopan,2,2,0,4
1754,2,2,0,4
chachi,2,2,0,4
importation,2,2,0,4
282,2,3,-1,5
quitus,2,2,0,4
quantum,2,2,0,4
space,2,2,0,4
selkup,2,2,0,4
lorenzo,2,2,0,4
suggested,2,2,0,4
sixth,2,2,0,4
dancing,2,2,0,4
urcid,2,2,0,4
ethnocentrism,2,2,0,4
butternut,2,2,0,4
forcing,2,3,-1,5
colours,2,2,0,4
1677,2,2,0,4
brunei,2,3,-1,5
office,2,2,0,4
orientalism,2,2,0,4
asserting,2,2,0,4
bogotá,2,3,-1,5
craniology,2,2,0,4
interior,2,2,0,4
autonómica,2,2,0,4
greece,2,2,0,4
naia,2,2,0,4
facilitated,2,2,0,4
ssp,2,2,0,4
hieroglyphics,2,2,0,4
landowners,2,2,0,4
grennes,2,3,-1,5
preserve,2,2,0,4
250,2,2,0,4
caranqui,2,2,0,4
ngos,2,2,0,4
libya,2,4,-2,6
fields,2,2,0,4
chad,2,2,0,4
loa,2,2,0,4
reforms,2,2,0,4
92,2,2,0,4
originarios,2,2,0,4
primacy,2,2,0,4
dominated,2,2,0,4
wixarika,2,2,0,4
pandemic,2,2,0,4
authoritarian,2,2,0,4
buying,2,2,0,4
motivated,2,2,0,4
svg,2,2,0,4
survivors,2,2,0,4
kulusuk,2,2,0,4
palenque,2,2,0,4
bermuda,2,2,0,4
hum,2,2,0,4
insisted,2,2,0,4
jungle,2,2,0,4
1894,2,2,0,4
typically,2,2,0,4
growl,2,2,0,4
agro,2,2,0,4
1871,2,3,-1,5
naturalists,2,2,0,4
jeffrey,2,2,0,4
compass,2,2,0,4
cliffs,2,2,0,4
broken,2,2,0,4
huayna,2,2,0,4
qullasuyu,2,2,0,4
elimination,2,2,0,4
tahitian,2,2,0,4
racist,2,6,-4,8
textile,2,2,0,4
1633,2,2,0,4
990,2,2,0,4
eric,2,2,0,4
jumping,2,2,0,4
portions,2,2,0,4
mosquito,2,2,0,4
ortiz,2,2,0,4
determinants,2,2,0,4
sail,2,3,-1,5
consultation,2,2,0,4
yaqui,2,2,0,4
ref17,2,2,0,4
lexicons,2,2,0,4
regulations,2,2,0,4
1628,2,2,0,4
carry,2,2,0,4
spanning,2,2,0,4
sayan,2,2,0,4
purpose,2,3,-1,5
han,2,3,-1,5
atlacatl,2,2,0,4
undergo,2,2,0,4
legitimizing,2,2,0,4
mariana,2,4,-2,6
commonalities,2,2,0,4
participation,2,2,0,4
unmixed,2,2,0,4
practises,2,2,0,4
skeletons,2,2,0,4
academia,2,2,0,4
talamanca,2,2,0,4
158,2,2,0,4
choctaw,2,2,0,4
gabriel,2,2,0,4
prove,2,2,0,4
hondurans,2,2,0,4
spouse,2,2,0,4
mimics,2,2,0,4
intentional,2,2,0,4
canelo,2,2,0,4
dr,2,2,0,4
suicidal,2,2,0,4
observational,2,2,0,4
perpetrated,2,3,-1,5
germany,2,2,0,4
roger,2,2,0,4
features,2,3,-1,5
myriad,2,2,0,4
thereof,2,2,0,4
142,2,2,0,4
lenape,2,2,0,4
conjectured,2,2,0,4
region14,2,2,0,4
especial,2,2,0,4
upwards,2,2,0,4
nigeria,2,3,-1,5
tolupan,2,2,0,4
terena,2,2,0,4
capac,2,2,0,4
240px,2,0,2,2
sunflower,2,2,0,4
tiempos,2,2,0,4
invasive,2,2,0,4
524,2,2,0,4
hieroglyphs,2,2,0,4
seeking,2,2,0,4
writes,2,0,2,2
contiguous,2,2,0,4
noun,2,2,0,4
objective,2,2,0,4
domesticating,2,2,0,4
grants,2,2,0,4
livescience,2,1,1,3
westernmost,2,2,0,4
province,2,2,0,4
federally,2,2,0,4
cabeza,2,3,-1,5
newsarticle,2,2,0,4
words,2,1,1,3
derechos,2,2,0,4
1707,2,2,0,4
lesser,2,2,0,4
responded,2,2,0,4
1965,2,2,0,4
coinciding,2,0,2,2
collectively,2,2,0,4
maladies,2,2,0,4
benito,2,2,0,4
consult,2,2,0,4
1887,2,2,0,4
religions,2,2,0,4
pectoral,2,2,0,4
chané,2,2,0,4
wichi,2,2,0,4
57,2,2,0,4
preferred,2,2,0,4
upward,2,2,0,4
ref16,2,2,0,4
fuller,2,3,-1,5
sway,2,2,0,4
pop16,2,2,0,4
shapes,2,2,0,4
residency,2,2,0,4
avocados,2,2,0,4
pop15,2,2,0,4
ref15,2,2,0,4
earle,2,3,-1,5
panzaleo,2,2,0,4
cocopa,2,2,0,4
berinigia,2,2,0,4
diminished,2,2,0,4
logosyllabic,2,2,0,4
concurrently,2,2,0,4
couple,2,2,0,4
parallel,2,2,0,4
leprosy,2,3,-1,5
region15,2,2,0,4
1523,2,3,-1,5
cash,2,2,0,4
secluded,2,2,0,4
amur,2,2,0,4
bean,2,2,0,4
cope,2,4,-2,6
leslie,2,2,0,4
1750,2,2,0,4
grasses,2,2,0,4
pop14,2,2,0,4
beatriz,2,2,0,4
680,2,2,0,4
municipal,2,2,0,4
hernando,2,3,-1,5
capsicum,2,2,0,4
moscow,2,2,0,4
occurs,2,2,0,4
diccionario,2,2,0,4
damage,2,2,0,4
practically,2,2,0,4
millennial,2,2,0,4
balladelli,2,2,0,4
protection,2,3,-1,5
chicago,2,4,-2,6
moreno,2,2,0,4
þing,2,2,0,4
redirects,2,2,0,4
landless,2,2,0,4
miguel,2,2,0,4
mazahua,2,2,0,4
contain,2,2,0,4
homes,2,1,1,3
toba,2,2,0,4
181,2,2,0,4
viewpoints,2,3,-1,5
richer,2,2,0,4
landowning,2,2,0,4
favored,2,2,0,4
nevis,2,2,0,4
505,2,2,0,4
465,2,2,0,4
isbn,2,3,-1,5
1653,2,2,0,4
indonesia,2,2,0,4
victims,2,2,0,4
microbes,2,2,0,4
endonyms,2,2,0,4
finger,2,2,0,4
karttunen,2,2,0,4
news2,2,2,0,4
vaca,2,3,-1,5
rubber,2,2,0,4
wounded,2,4,-2,6
discouraged,2,2,0,4
canoe,2,3,-1,5
pinto,2,2,0,4
negotiate,2,2,0,4
arising,2,2,0,4
achuar,2,2,0,4
oral,2,2,0,4
tientsin,2,2,0,4
stucco,2,2,0,4
revealed,2,2,0,4
picture,2,2,0,4
613,2,2,0,4
radio,2,3,-1,5
thunderbird,2,2,0,4
artist,2,2,0,4
plantation,2,2,0,4
ref20,2,2,0,4
compared,2,2,0,4
maintained,2,2,0,4
documented,2,3,-1,5
tlaxcalas,2,2,0,4
aleut,2,2,0,4
enríquez,2,2,0,4
fabrics,2,2,0,4
spoke,2,5,-3,7
mexica,2,2,0,4
atypical,2,2,0,4
helena,2,2,0,4
ayllus,2,2,0,4
assimilate,2,2,0,4
scotti,2,2,0,4
adding,2,2,0,4
populationfrench,2,2,0,4
referendums,2,2,0,4
respected,2,2,0,4
molecular,2,2,0,4
campbell,2,2,0,4
nationality,2,2,0,4
klein,2,3,-1,5
alphabet,2,2,0,4
zacatecas,2,2,0,4
rivera,2,2,0,4
colonialist,2,2,0,4
encyclopedic,2,2,0,4
cow,2,2,0,4
dominate,2,2,0,4
tablet,2,2,0,4
away,2,2,0,4
populace,2,2,0,4
management,2,2,0,4
need,2,2,0,4
hardly,2,2,0,4
hungry,2,1,1,3
arviat,2,2,0,4
truly,2,2,0,4
egyptian,2,3,-1,5
occasionally,2,2,0,4
753,2,2,0,4
forward,2,2,0,4
pop18,2,2,0,4
souls,2,2,0,4
izalco,2,2,0,4
matambú,2,2,0,4
hegel,2,2,0,4
1502,2,4,-2,6
validity,2,2,0,4
cave,2,2,0,4
profits,2,2,0,4
catholicism,2,2,0,4
036,2,2,0,4
tugua,2,2,0,4
harvard,2,2,0,4
occurring,2,2,0,4
length,2,2,0,4
presumably,2,2,0,4
1491,2,2,0,4
assemblies,2,2,0,4
historically,2,2,0,4
siberians,2,2,0,4
recently,2,3,-1,5
9210,2,2,0,4
atran,2,2,0,4
cathedral,2,2,0,4
belgium,2,2,0,4
aboriginals,2,2,0,4
jalapeños,2,2,0,4
struggled,2,2,0,4
nui,2,2,0,4
arrows,2,3,-1,5
junio,2,2,0,4
regarded,2,3,-1,5
holocaust,2,2,0,4
panara,2,2,0,4
shaman,2,2,0,4
entitled,2,2,0,4
globally,2,2,0,4
sultan,2,2,0,4
tell,2,2,0,4
ref14,2,2,0,4
camp,2,3,-1,5
job,2,2,0,4
crafts,2,2,0,4
density,2,2,0,4
crescent,2,2,0,4
1811,2,2,0,4
mal,2,2,0,4
rules,2,2,0,4
southeastern,2,3,-1,5
300px,2,1,1,3
indos,2,2,0,4
shuar,2,2,0,4
norms,2,2,0,4
transferring,2,2,0,4
syllabics,2,2,0,4
phylogeographic,2,1,1,3
months,2,3,-1,5
huaorani,2,2,0,4
pirates,2,2,0,4
paula,2,2,0,4
sample,2,2,0,4
agency,2,2,0,4
tuning,2,2,0,4
supposedly,2,2,0,4
contracting,2,2,0,4
región,2,2,0,4
garðar,2,2,0,4
java,2,4,-2,6
zygosity,2,2,0,4
arose,2,2,0,4
regulation,2,2,0,4
48,2,2,0,4
preserving,2,2,0,4
person,2,2,0,4
prohibited,2,2,0,4
feathers,2,2,0,4
ethnonym,2,2,0,4
groves,2,2,0,4
mythologies,2,2,0,4
flag,2,2,0,4
offspring,2,2,0,4
eater,2,2,0,4
1200,2,2,0,4
interval,2,2,0,4
cree,2,2,0,4
c1a,2,2,0,4
algerian,2,2,0,4
khakas,2,2,0,4
cup,2,2,0,4
palms,2,2,0,4
pictograms,2,2,0,4
gatherer,2,2,0,4
tehuantepec,2,2,0,4
är,2,2,0,4
remaining,2,2,0,4
invaders,2,3,-1,5
southwestern,2,2,0,4
marginalized,2,2,0,4
exacerbated,2,2,0,4
boivin,2,3,-1,5
blackfeet,2,2,0,4
ojibwa,2,2,0,4
publ,2,2,0,4
966,2,2,0,4
quicker,2,2,0,4
scenario,2,2,0,4
pop20,2,2,0,4
341,2,3,-1,5
burma,2,1,1,3
dignity,2,2,0,4
guarani,2,2,0,4
expel,2,2,0,4
campesina,2,2,0,4
abugidas,2,2,0,4
olmecs,2,2,0,4
improve,2,2,0,4
interaction,2,2,0,4
qian,2,3,-1,5
eliot,2,2,0,4
exposure,2,2,0,4
toltec,2,2,0,4
refugees,2,2,0,4
timing,2,2,0,4
statutes,2,2,0,4
standstill,2,2,0,4
seed,2,2,0,4
nawat,2,2,0,4
broader,2,2,0,4
1770,2,2,0,4
capacity,2,2,0,4
quechuas,2,2,0,4
alutiiq,2,2,0,4
glaciation,2,2,0,4
aleuts,2,2,0,4
approximate,2,2,0,4
travelled,2,3,-1,5
displayed,2,2,0,4
jurisdictions,2,2,0,4
presently,2,2,0,4
doomed,2,2,0,4
increasingly,2,2,0,4
singular,2,2,0,4
spivak,2,2,0,4
phase,2,2,0,4
snoop,2,2,0,4
pantheon,2,2,0,4
wage,2,2,0,4
dirisiwe,2,2,0,4
guianas,2,2,0,4
rivals,2,1,1,3
height,2,1,1,3
physical,2,2,0,4
share,2,2,0,4
deeply,2,2,0,4
iliffe,2,1,1,3
capitol,2,2,0,4
landholdings,2,2,0,4
yo,2,2,0,4
carvings,2,2,0,4
assumptions,2,2,0,4
encompassing,2,2,0,4
reveals,2,2,0,4
captives,2,2,0,4
brings,2,2,0,4
hunt,2,3,-1,5
plantains,2,2,0,4
tarijeño,2,2,0,4
1638,2,1,1,3
ingesting,2,2,0,4
eyak,2,2,0,4
extant,2,2,0,4
suck,2,2,0,4
westwards,2,2,0,4
islander,2,2,0,4
ceramics,2,2,0,4
kills,2,2,0,4
infant,2,2,0,4
instrumental,2,2,0,4
embroidery,2,2,0,4
conscription,2,2,0,4
edward,2,3,-1,5
geological,2,2,0,4
1511,2,2,0,4
advances,2,2,0,4
satellite,2,2,0,4
kant,2,2,0,4
m45,2,2,0,4
designations,2,2,0,4
revolting,2,2,0,4
snowfall,2,2,0,4
376,2,2,0,4
fund,2,2,0,4
morison,2,2,0,4
manageable,2,2,0,4
aircrafts,2,2,0,4
abstract,2,2,0,4
collections,2,2,0,4
swaziland,2,2,0,4
na,2,2,0,4
gae,2,2,0,4
reach,2,2,0,4
pier,2,2,0,4
scrapers,2,2,0,4
ownership,2,2,0,4
referring,2,2,0,4
baoruco,2,2,0,4
unrepresented,2,2,0,4
mimic,2,2,0,4
dogg,2,2,0,4
cachi,2,2,0,4
1911,2,5,-3,7
dissolution,2,2,0,4
construction,2,2,0,4
brutal,2,4,-2,6
pigmentation,2,2,0,4
innovations,2,2,0,4
sublette,2,4,-2,6
444,2,2,0,4
soils,2,2,0,4
intermingling,2,2,0,4
copper,2,2,0,4
plenty,2,2,0,4
region21,2,2,0,4
cohen,2,3,-1,5
lineal,2,2,0,4
phylogeny,2,2,0,4
se,2,2,0,4
flannery,2,2,0,4
huron,2,2,0,4
oceania,2,3,-1,5
norfolk,2,3,-1,5
explore,2,2,0,4
sacacoyo,2,2,0,4
pattern,2,2,0,4
sexes,2,2,0,4
alfonso,2,2,0,4
authors,2,2,0,4
woods,2,2,0,4
occur,2,2,0,4
vegetation,2,2,0,4
walcheren,2,2,0,4
famines,2,2,0,4
extremes,2,2,0,4
request,2,2,0,4
1776,2,2,0,4
homogeneous,2,2,0,4
pomeroon,2,2,0,4
denial,2,2,0,4
floss,2,2,0,4
markers,2,2,0,4
jefferson,2,2,0,4
captain,2,2,0,4
hunters,2,2,0,4
export,2,2,0,4
angola,2,2,0,4
consisting,2,2,0,4
funai,2,2,0,4
1899,2,2,0,4
imposing,2,2,0,4
historic,2,2,0,4
childhood,2,2,0,4
subdivisions,2,2,0,4
reports,2,2,0,4
chunkey,2,2,0,4
tariffs,2,2,0,4
fanon,2,2,0,4
distinguish,2,2,0,4
hammerton,2,2,0,4
ref22,2,2,0,4
bo,2,2,0,4
enormous,2,2,0,4
supply,2,2,0,4
uses,2,2,0,4
850,2,2,0,4
semi,2,2,0,4
adwa,2,2,0,4
inst,2,3,-1,5
proprietors,2,2,0,4
quiche,2,2,0,4
traced,2,2,0,4
switched,2,1,1,3
lowlands,2,2,0,4
classify,2,2,0,4
polish,2,5,-3,7
790,2,2,0,4
pact,2,2,0,4
agreements,2,3,-1,5
qing,2,5,-3,7
obscured,2,2,0,4
athabascan,2,2,0,4
hailed,2,2,0,4
camarón,2,2,0,4
representing,2,2,0,4
tunumiit,2,2,0,4
sounding,2,2,0,4
positions,2,2,0,4
meters,2,2,0,4
numbered,2,3,-1,5
udmurtia,2,2,0,4
reunited,2,2,0,4
zapoteca,2,2,0,4
stjo,2,2,0,4
contrasted,2,2,0,4
lawsuits,2,2,0,4
encouraging,2,3,-1,5
varese,2,2,0,4
marxists,2,2,0,4
ga,2,2,0,4
hamilton,2,2,0,4
837,2,2,0,4
marcus,2,2,0,4
lingual,2,2,0,4
39,2,2,0,4
nunn,2,3,-1,5
aymaras,2,2,0,4
ultimate,2,2,0,4
presidency,2,2,0,4
ancash,2,2,0,4
ceylon,2,2,0,4
fox,2,2,0,4
mom,2,2,0,4
facto,2,2,0,4
reid,2,2,0,4
44,2,3,-1,5
assimilated,2,2,0,4
460,2,2,0,4
originating,2,2,0,4
defines,2,2,0,4
inuk,2,2,0,4
depletion,2,2,0,4
santo,2,4,-2,6
laborers,2,2,0,4
boats,2,2,0,4
outright,2,2,0,4
danger,2,2,0,4
kill,2,2,0,4
techniques,2,2,0,4
acted,2,2,0,4
financed,2,2,0,4
julia,2,2,0,4
1604,2,2,0,4
herds,2,2,0,4
a2a,2,2,0,4
huarpe,2,2,0,4
uncovered,2,2,0,4
productivity,2,2,0,4
cruzado,2,1,1,3
chico,2,2,0,4
herbert,2,2,0,4
corridors,2,2,0,4
slow,2,2,0,4
philippine,2,2,0,4
millennium,2,2,0,4
secession,2,2,0,4
calchaquí,2,2,0,4
exploiting,2,1,1,3
region13,2,2,0,4
seriousness,2,2,0,4
pentatonic,2,2,0,4
590,2,2,0,4
363,2,2,0,4
betray,2,2,0,4
discussion,2,2,0,4
jewellery,2,2,0,4
brattahlíð,2,2,0,4
practicing,2,2,0,4
cacán,2,2,0,4
applauded,2,2,0,4
menominee,2,2,0,4
unified,2,2,0,4
geneflow,2,2,0,4
leftist,2,2,0,4
cunha,2,3,-1,5
listed,2,2,0,4
dorado,2,2,0,4
practise,2,1,1,3
chia,2,2,0,4
populationbrazil,2,2,0,4
mountain,2,2,0,4
haplotypes,2,2,0,4
revolts,2,2,0,4
theoretical,2,2,0,4
goseyun,2,2,0,4
goodman,2,3,-1,5
ref21,2,2,0,4
geos,2,1,1,3
realizing,2,2,0,4
mythical,2,2,0,4
photograph,2,2,0,4
lakotah,2,2,0,4
cascajal,2,2,0,4
126,2,2,0,4
reed,2,2,0,4
precise,2,2,0,4
block,2,2,0,4
bands,2,2,0,4
remnants,2,2,0,4
simultaneously,2,3,-1,5
978,2,2,0,4
chiquitano,2,2,0,4
aid,2,2,0,4
katarista,2,2,0,4
nicobar,2,3,-1,5
pop21,2,2,0,4
growing,2,2,0,4
innovation,2,2,0,4
amsterdam,2,2,0,4
wave,2,3,-1,5
shards,2,2,0,4
presidents,2,2,0,4
underwater,2,2,0,4
interference,2,2,0,4
zambo,2,2,0,4
iche,2,2,0,4
1946,2,2,0,4
ugandan,2,2,0,4
roles,2,2,0,4
abc,2,2,0,4
subtiaba,2,2,0,4
ngwanaka,2,2,0,4
mesoamerica,2,2,0,4
stage,2,2,0,4
12th,2,3,-1,5
ona,2,2,0,4
paleopathology,2,3,-1,5
intermixture,2,2,0,4
mike,2,2,0,4
outer,2,3,-1,5
6567,2,2,0,4
unangax,2,2,0,4
turkic,2,2,0,4
globalization,2,3,-1,5
exhibit,2,2,0,4
alajuela,2,2,0,4
originario,2,2,0,4
1750s,2,2,0,4
perestrelo,2,2,0,4
anthropol,2,1,1,3
flaked,2,2,0,4
rcbp,2,2,0,4
division,2,2,0,4
wages,2,2,0,4
arauco,2,2,0,4
delawares,2,2,0,4
archipelago,2,2,0,4
selective,2,2,0,4
glaciers,2,2,0,4
antu,2,2,0,4
region19,2,2,0,4
kelly,2,2,0,4
linguistically,2,2,0,4
pleistocene,2,2,0,4
reviewed,2,2,0,4
nna,2,2,0,4
pr,2,3,-1,5
discover,2,2,0,4
interpretation,2,2,0,4
176,2,3,-1,5
influential,2,2,0,4
hate,2,2,0,4
publishing,2,3,-1,5
cacique,2,2,0,4
structured,2,2,0,4
taino,2,2,0,4
shortages,2,2,0,4
1670,2,2,0,4
paleoindian,2,2,0,4
paolo,2,2,0,4
1777,2,2,0,4
confining,2,2,0,4
gould,2,2,0,4
artistic,2,2,0,4
armies,2,2,0,4
predominantly,2,2,0,4
autodeterminación,2,2,0,4
1830,2,3,-1,5
ditlhabololo,2,2,0,4
educational,2,2,0,4
weapons,2,3,-1,5
511,2,2,0,4
millennia,2,3,-1,5
1664,2,2,0,4
maleku,2,2,0,4
specifics,2,2,0,4
atonal,2,2,0,4
projectile,2,2,0,4
distributed,2,2,0,4
othering,2,2,0,4
guam,2,2,0,4
transliterate,2,2,0,4
socioambiental,2,2,0,4
movable,2,0,2,2
caroline,2,4,-2,6
election,2,2,0,4
crossings,2,2,0,4
authorities,2,2,0,4
indigene,2,2,0,4
appear,2,2,0,4
gardens,2,2,0,4
juárez,2,2,0,4
euters,2,2,0,4
1497,2,3,-1,5
showing,2,2,0,4
lay,2,2,0,4
ley,2,2,0,4
timeframe,2,2,0,4
reconquista,2,2,0,4
overwhelmed,2,2,0,4
parliament,2,2,0,4
feared,2,2,0,4
condemned,2,2,0,4
1608,2,2,0,4
emergency,2,2,0,4
overview,2,2,0,4
pulso,2,2,0,4
cordage,2,2,0,4
mayans,2,2,0,4
closer,2,2,0,4
instituto,2,2,0,4
letters,2,2,0,4
gives,2,2,0,4
barbary,2,2,0,4
ngäbe,2,2,0,4
chartered,2,2,0,4
sumu,2,2,0,4
inseparable,2,2,0,4
cidob,2,2,0,4
1567,2,2,0,4
tongue,2,2,0,4
fishing,2,2,0,4
165,2,1,1,3
fundação,2,2,0,4
papal,2,2,0,4
iberian,2,1,1,3
definition,2,2,0,4
400,2,3,-1,5
calculated,2,3,-1,5
mayangna,2,2,0,4
institutes,2,1,1,3
divergence,2,2,0,4
113,2,2,0,4
863,2,2,0,4
brothers,2,2,0,4
descended,2,2,0,4
publications,2,1,1,3
property,2,2,0,4
beadwork,2,2,0,4
scrolls,2,2,0,4
mauritius,2,2,0,4
21st,2,2,0,4
tarapacá,2,2,0,4
pure,2,2,0,4
mongolian,2,2,0,4
reasons,2,2,0,4
facing,2,2,0,4
militarily,2,2,0,4
1625,2,2,0,4
annually,2,2,0,4
nahuizalco,2,2,0,4
immediate,2,2,0,4
conamaq,2,2,0,4
mumps,2,3,-1,5
enrich,2,2,0,4
ancel,2,2,0,4
ceramic,2,2,0,4
1770s,2,2,0,4
chose,2,2,0,4
rain,2,2,0,4
grande,2,2,0,4
wane,2,2,0,4
past,2,3,-1,5
tonga,2,2,0,4
surrendered,2,2,0,4
bad,2,2,0,4
manioc,2,2,0,4
diegofernando,2,2,0,4
kuana,2,2,0,4
mendicants,2,2,0,4
namibia,2,2,0,4
democratically,2,2,0,4
questioned,2,2,0,4
185,2,2,0,4
reconsider,2,2,0,4
princess,2,2,0,4
syria,2,3,-1,5
cedar,2,2,0,4
palestine,2,3,-1,5
rooted,2,2,0,4
pascua,2,2,0,4
1910,2,2,0,4
procession,2,2,0,4
reclassifying,2,2,0,4
mocoví,2,2,0,4
heartland,2,2,0,4
berbice,2,2,0,4
7th,2,2,0,4
spreading,2,0,2,2
globalism,2,3,-1,5
sumos,2,2,0,4
1900,2,3,-1,5
deglaciation,2,2,0,4
aborigine,2,2,0,4
extract,2,2,0,4
zimbabwe,2,2,0,4
antiquity,2,2,0,4
promoted,2,2,0,4
beringian,2,2,0,4
rattles,2,2,0,4
measures,2,2,0,4
iceland,2,3,-1,5
ref12,2,2,0,4
guzmán,2,2,0,4
difference,2,2,0,4
unequal,2,2,0,4
nativesbuying,2,2,0,4
ref13,2,2,0,4
1679,2,2,0,4
454,2,2,0,4
affirm,2,2,0,4
sailing,2,1,1,3
eritrea,2,3,-1,5
waged,2,3,-1,5
paternal,2,2,0,4
633,2,2,0,4
presented,2,2,0,4
pied,2,2,0,4
artificial,2,3,-1,5
nearby,2,2,0,4
salascan,2,2,0,4
paintings,2,2,0,4
dyke,2,2,0,4
translations,2,2,0,4
equivalents,2,2,0,4
ethiopian,2,3,-1,5
accompanied,2,3,-1,5
forestry,2,2,0,4
snail,2,2,0,4
help,2,2,0,4
produces,2,2,0,4
conchucos,2,2,0,4
depopulated,2,2,0,4
pronounced,2,2,0,4
1930,2,2,0,4
1936,2,4,-2,6
gerais,2,2,0,4
compare,2,2,0,4
understood,2,2,0,4
flourished,2,2,0,4
martinique,2,2,0,4
javier,2,2,0,4
1543,2,2,0,4
frantz,2,2,0,4
episodes,2,2,0,4
economics,2,4,-2,6
ouster,2,2,0,4
ruler,2,2,0,4
prairie,2,2,0,4
bois,2,2,0,4
alexandria,2,0,2,2
bbc,2,2,0,4
shorter,2,2,0,4
alvarado,2,2,0,4
scientists,2,2,0,4
afforded,2,2,0,4
ilthumb,2,1,1,3
disappointed,2,2,0,4
array,2,2,0,4
latinized,2,2,0,4
ket,2,2,0,4
kickapoo,2,2,0,4
searching,2,3,-1,5
purépecha,2,2,0,4
publishers,2,2,0,4
roadside,2,2,0,4
mo,2,2,0,4
trickster,2,2,0,4
jürgen,2,2,0,4
older,2,2,0,4
rape,2,2,0,4
untreated,2,2,0,4
reinforce,2,2,0,4
paprika,2,2,0,4
similarities,2,2,0,4
trails,2,2,0,4
1300,2,2,0,4
constituting,2,2,0,4
understories,2,2,0,4
persecution,2,3,-1,5
attributes,2,2,0,4
457,2,2,0,4
introduce,2,2,0,4
tongues,2,2,0,4
anatomy,2,2,0,4
soyots,2,2,0,4
symbols,2,2,0,4
factor,2,2,0,4
ye,2,2,0,4
bonilla,2,2,0,4
1745,2,2,0,4
1500s,2,2,0,4
signed,2,2,0,4
dismisses,2,2,0,4
conversation,2,3,-1,5
declaration,2,3,-1,5
ford,2,2,0,4
incentivized,2,2,0,4
grassroots,2,2,0,4
cosmopolitan,2,2,0,4
dilemma,2,2,0,4
modelled,2,1,1,3
boca,2,2,0,4
884,2,2,0,4
mx,2,1,1,3
equity,2,2,0,4
strawberries,2,2,0,4
farther,2,3,-1,5
diaguitas,2,2,0,4
extracted,2,2,0,4
cuenca,2,2,0,4
bell,2,2,0,4
uruguayans,2,2,0,4
woopwoop,2,2,0,4
recombines,2,2,0,4
marrow,2,2,0,4
masks,2,2,0,4
domestically,2,2,0,4
frequent,2,2,0,4
atacama,2,2,0,4
1574,2,2,0,4
flu,2,2,0,4
87,2,2,0,4
necessary,2,2,0,4
behaviors,2,2,0,4
ketchi,2,2,0,4
abdalá,2,2,0,4
marcelo,2,2,0,4
daniel,2,2,0,4
sunga,2,2,0,4
textbook,2,2,0,4
blocking,2,2,0,4
rex,2,2,0,4
amerigo,2,2,0,4
unifying,2,2,0,4
partition,2,2,0,4
terraces,2,2,0,4
prescribed,2,2,0,4
overcoming,2,2,0,4
autonomía,2,2,0,4
huichol,2,2,0,4
descriptors,2,2,0,4
ta,2,2,0,4
bianchinetta,2,2,0,4
auxiliaries,2,2,0,4
cali,2,3,-1,5
comechingón,2,2,0,4
plans,2,2,0,4
woodhead,2,2,0,4
israel,2,3,-1,5
governorship,2,1,1,3
technically,2,2,0,4
jar,2,2,0,4
accused,2,1,1,3
739,2,2,0,4
democracia,2,2,0,4
hungarian,2,2,0,4
feather,2,2,0,4
aborigen,2,2,0,4
begin,2,2,0,4
adam,2,2,0,4
philology,2,2,0,4
panamá,2,2,0,4
settling,2,2,0,4
seeds,2,2,0,4
region20,2,2,0,4
elderly,2,2,0,4
peasant,2,2,0,4
chesley,2,2,0,4
mogote,2,2,0,4
vázquez,2,3,-1,5
painter,2,2,0,4
broadly,2,2,0,4
tongan,2,2,0,4
andrés,2,3,-1,5
korc,2,2,0,4
occurrence,2,2,0,4
proposing,2,2,0,4
arguing,2,2,0,4
unesco,2,2,0,4
faded,2,2,0,4
rapa,2,2,0,4
bark,2,2,0,4
sentence,2,2,0,4
foo,2,2,0,4
complicatus,2,2,0,4
washingtion,2,2,0,4
archaeology,2,3,-1,5
accession,2,2,0,4
costume,2,2,0,4
brevicaule,2,2,0,4
álvar,2,3,-1,5
decreasing,2,2,0,4
pluralities,2,2,0,4
kingdoms,2,2,0,4
vectors,2,2,0,4
structures,2,2,0,4
wilson,2,2,0,4
rivercane,2,2,0,4
contract,2,2,0,4
rhetoric,2,2,0,4
type,2,2,0,4
relatives,2,2,0,4
dress,2,2,0,4
gap,2,2,0,4
spiritual,2,2,0,4
283,2,2,0,4
reproduced,2,2,0,4
alaskan,2,2,0,4
easterly,2,2,0,4
publisher,2,3,-1,5
andthe,2,2,0,4
refugium,2,2,0,4
employee,2,2,0,4
trinitarizm,2,2,0,4
postconquest,2,2,0,4
stretched,2,2,0,4
hide,2,2,0,4
quichuas,2,2,0,4
austrian,2,4,-2,6
tubes,2,2,0,4
aborting,2,2,0,4
allocated,2,2,0,4
indubitably,2,2,0,4
weavings,2,2,0,4
transplanted,2,2,0,4
1508,2,0,2,2
soldiers,2,2,0,4
uk,2,2,0,4
secondly,2,2,0,4
colonisation,2,2,0,4
constance,2,3,-1,5
suspicious,2,2,0,4
timeline,2,2,0,4
guaymí,2,2,0,4
mahoney,2,2,0,4
cato,2,3,-1,5
markas,2,2,0,4
intact,2,2,0,4
kickstarting,2,3,-1,5
separated,2,2,0,4
transportation,2,1,1,3
carlos,2,2,0,4
kolla,2,2,0,4
pingushat,2,2,0,4
d2a,2,2,0,4
grand,2,3,-1,5
417,2,2,0,4
commodity,2,3,-1,5
explored,2,1,1,3
advance,2,2,0,4
scramble,2,2,0,4
implied,2,2,0,4
feasible,2,2,0,4
death_place,2,2,0,4
fundamentally,2,2,0,4
stages,2,2,0,4
ne,2,2,0,4
endorsed,2,2,0,4
fossil,2,2,0,4
superior,2,2,0,4
quijos,2,2,0,4
salasacan,2,2,0,4
narratives,2,2,0,4
cordilleran,2,2,0,4
continues,2,3,-1,5
totalref,2,2,0,4
cross,2,2,0,4
defeat,2,3,-1,5
índio,2,2,0,4
tsáchila,2,2,0,4
gambia,2,2,0,4
puruhá,2,2,0,4
moche,2,2,0,4
dené,2,2,0,4
martinez,2,1,1,3
pop13,2,2,0,4
autonomías,2,2,0,4
evolutionarily,2,2,0,4
pardo,2,2,0,4
caste,2,2,0,4
vanilla,2,2,0,4
raids,2,2,0,4
penobscot,2,2,0,4
products,2,2,0,4
turkmenistan,2,2,0,4
author,2,3,-1,5
pop19,2,2,0,4
enduring,2,2,0,4
pakistan,2,2,0,4
destabilize,2,2,0,4
mitimaes,2,2,0,4
depends,2,2,0,4
coexistence,2,2,0,4
genome,2,2,0,4
head,2,2,0,4
bucaram,2,2,0,4
caves,2,2,0,4
caciques,2,2,0,4
bring,2,1,1,3
sequenced,2,2,0,4
monophonic,2,2,0,4
restrictions,2,2,0,4
exonyms,2,2,0,4
provided,2,2,0,4
gesture,2,2,0,4
240,2,3,-1,5
buhl,2,2,0,4
1494,2,1,1,3
chimbuelo,2,2,0,4
audencia,2,2,0,4
americasas,2,2,0,4
148,2,3,-1,5
welcomed,2,2,0,4
7500,2,2,0,4
measure,2,2,0,4
demerara,2,2,0,4
mohawks,2,2,0,4
marshallese,2,2,0,4
robertson,2,2,0,4
sudan,2,2,0,4
consumer,2,2,0,4
collect,2,1,1,3
caucasoid,2,2,0,4
normative,2,2,0,4
arriving,2,1,1,3
suppress,2,2,0,4
aktalakota,2,2,0,4
soil,2,3,-1,5
critique,2,2,0,4
import,2,2,0,4
redatam,2,2,0,4
prehistory,2,2,0,4
decide,2,2,0,4
conquering,2,2,0,4
xq1a,2,2,0,4
indochina,2,2,0,4
nakota,2,2,0,4
estimation,2,2,0,4
rebels,2,2,0,4
shells,2,2,0,4
outbreak,2,2,0,4
massacres,2,2,0,4
servant,2,2,0,4
peer,2,2,0,4
berry,2,2,0,4
television,2,2,0,4
structure,2,1,1,3
scott,2,3,-1,5
arana,2,2,0,4
gilbert,2,2,0,4
basketry,2,2,0,4
symbolize,2,2,0,4
cognates,2,2,0,4
thinking,2,2,0,4
manchuria,2,3,-1,5
cracks,2,2,0,4
reaffirmed,2,2,0,4
impressive,2,2,0,4
element,2,2,0,4
kakawira,2,2,0,4
469,2,3,-1,5
latinobarómetro,2,2,0,4
520,2,2,0,4
boone,2,2,0,4
steps,2,2,0,4
ways,2,2,0,4
branches,2,2,0,4
1896,2,2,0,4
gaskins,2,2,0,4
billion,2,2,0,4
achievements,2,2,0,4
inadvertently,2,2,0,4
plenglish,2,2,0,4
crafted,2,2,0,4
1986,2,2,0,4
pennsylvania,2,3,-1,5
arguably,2,2,0,4
paleoindians,2,2,0,4
begun,2,4,-2,6
boruca,2,2,0,4
manner,2,2,0,4
chibcha,2,2,0,4
escaped,2,2,0,4
secoya,2,2,0,4
coloured,2,2,0,4
database,2,2,0,4
longstanding,2,2,0,4
hallmarks,2,2,0,4
legends,2,2,0,4
vespucci,2,2,0,4
1501,2,2,0,4
carolinas,2,3,-1,5
graf,2,2,0,4
arrivals,2,2,0,4
causing,2,2,0,4
debatable,2,2,0,4
cooperation,2,2,0,4
rite,2,2,0,4
mongoloid,2,2,0,4
800,2,2,0,4
manage,2,2,0,4
iroquois,2,2,0,4
coordinator,2,2,0,4
istanbul,2,2,0,4
matagalpa,2,2,0,4
118,2,2,0,4
dialects,2,2,0,4
teotihuacano,2,2,0,4
lowland,2,2,0,4
mythology,2,2,0,4
partner,2,2,0,4
pánfilo,2,2,0,4
buret,2,2,0,4
mafatsheng,2,2,0,4
promoting,2,2,0,4
pbs,2,2,0,4
integration,2,2,0,4
rabbit,2,2,0,4
frowned,2,3,-1,5
butt,2,2,0,4
requiring,2,2,0,4
méxico,2,2,0,4
testing,2,2,0,4
jennie,2,2,0,4
percussion,2,2,0,4
taríja,2,2,0,4
walled,2,3,-1,5
gc,2,2,0,4
region16,2,2,0,4
sun,2,2,0,4
1617,2,2,0,4
cañaris,2,2,0,4
disuse,2,2,0,4
appearance,2,2,0,4
vasco,2,2,0,4
game,2,2,0,4
battles,2,2,0,4
metal,2,1,1,3
kekchi,2,2,0,4
museo,2,2,0,4
maximum,2,2,0,4
tlisa,2,2,0,4
manifested,2,2,0,4
basal,2,2,0,4
mahuad,2,2,0,4
arica,2,3,-1,5
lithic,2,2,0,4
114,2,2,0,4
redskin,2,2,0,4
venezuelans,2,2,0,4
14446,2,2,0,4
look,2,1,1,3
purépechas,2,2,0,4
trappers,2,2,0,4
dos,2,2,0,4
acadia,2,3,-1,5
solutrean,2,2,0,4
moniz,2,2,0,4
felling,2,2,0,4
bloodiest,2,3,-1,5
pech,2,2,0,4
resist,2,2,0,4
atacameños,2,2,0,4
zapotecs,2,2,0,4
otavalo,2,2,0,4
elections,2,2,0,4
strabo,2,2,0,4
glimpses,2,2,0,4
rasps,2,2,0,4
catlin,2,2,0,4
expectancy,2,2,0,4
junctures,2,2,0,4
peanuts,2,2,0,4
mojeño,2,2,0,4
noticeably,2,2,0,4
sculptures,2,2,0,4
fires,2,2,0,4
coffee,2,2,0,4
disappeared,2,2,0,4
economists,2,2,0,4
meat,2,2,0,4
guanacaste,2,2,0,4
emerging,2,2,0,4
conversion,2,2,0,4
princes,2,2,0,4
nut,2,2,0,4
norm,2,2,0,4
valdivia,2,2,0,4
gen,2,2,0,4
erdoes,2,2,0,4
maghreb,2,2,0,4
swiftly,2,2,0,4
applying,2,2,0,4
samoan,2,2,0,4
party,2,2,0,4
lit,2,2,0,4
henry,2,2,0,4
chippewas,2,2,0,4
measured,2,2,0,4
wind,2,2,0,4
medicines,2,2,0,4
governmental,2,3,-1,5
1550,2,3,-1,5
sedentary,2,2,0,4
pellegrinogiacomo,2,2,0,4
offensive,2,2,0,4
chukchi,2,2,0,4
phaseolus,2,2,0,4
diet,2,2,0,4
implication,2,2,0,4
bases,2,3,-1,5
hoped,1,1,0,2
ottomans,1,2,-1,3
consistently,1,1,0,2
hei,1,1,0,2
gl,1,1,0,2
1557,1,1,0,2
harbour,1,2,-1,3
centres,1,1,0,2
civilising,1,1,0,2
tuscan,1,2,-1,3
martín,1,1,0,2
futuna,1,1,0,2
1821,1,2,-1,3
1801,1,1,0,2
awareness,1,1,0,2
kabardino,1,1,0,2
firearms,1,1,0,2
repression,1,1,0,2
pop23,1,1,0,2
ref25,1,1,0,2
quintessentially,1,1,0,2
exports,1,1,0,2
prohibition,1,1,0,2
label,1,1,0,2
somewhat,1,2,-1,3
farrington,1,1,0,2
icelandic,1,0,1,1
priests,1,1,0,2
magnolias,1,1,0,2
eccles,1,1,0,2
metropolis,1,1,0,2
steven,1,1,0,2
handbooks,1,1,0,2
rafael,1,2,-1,3
tolerance,1,1,0,2
bacteria,1,1,0,2
estland,1,1,0,2
cuban,1,4,-3,5
cornell,1,1,0,2
ajudá,1,1,0,2
icazbalceta,1,1,0,2
equinox,1,1,0,2
constructed,1,1,0,2
schimmer,1,1,0,2
critics,1,1,0,2
rendering,1,1,0,2
fnational,1,1,0,2
boahen,1,1,0,2
invincible,1,1,0,2
karelia,1,1,0,2
resented,1,1,0,2
choquette,1,1,0,2
subvert,1,1,0,2
legitimized,1,1,0,2
goats,1,1,0,2
anybody,1,1,0,2
resided,1,1,0,2
560,1,1,0,2
contribution,1,1,0,2
vi,1,1,0,2
egalitarian,1,1,0,2
longest,1,1,0,2
horaof,1,1,0,2
shanghai,1,1,0,2
gt,1,1,0,2
ur,1,1,0,2
expansionism,1,1,0,2
environments,1,2,-1,3
spiridione,1,2,-1,3
labuan,1,1,0,2
endowments,1,1,0,2
kwantung,1,1,0,2
modes,1,1,0,2
knopf,1,1,0,2
hk,1,1,0,2
1902,1,1,0,2
sage,1,2,-1,3
fiona,1,1,0,2
665,1,1,0,2
sailors,1,0,1,1
revived,1,1,0,2
sameer,1,1,0,2
deemed,1,1,0,2
driver,1,1,0,2
dynamic,1,1,0,2
marx,1,1,0,2
briefly,1,0,1,1
heaven,1,2,-1,3
demythologizing,1,1,0,2
cortes,1,1,0,2
neocolonial,1,1,0,2
salter,1,1,0,2
basico,1,1,0,2
hopes,1,0,1,1
emulate,1,0,1,1
jacques,1,1,0,2
20175,1,1,0,2
1537,1,1,0,2
household,1,1,0,2
rescued,1,1,0,2
shields,1,1,0,2
jean,1,1,0,2
channel,1,1,0,2
inevitably,1,1,0,2
counterparts,1,1,0,2
brandenburg,1,2,-1,3
objects,1,1,0,2
strongly,1,0,1,1
proportion,1,1,0,2
contended,1,1,0,2
tannu,1,1,0,2
explains,1,2,-1,3
bibliography,1,1,0,2
gcristoforo,1,1,0,2
migrations,1,1,0,2
rhetorical,1,1,0,2
consent,1,1,0,2
putting,1,1,0,2
año,1,1,0,2
québec,1,1,0,2
translator,1,1,0,2
shell,1,2,-1,3
lana,1,1,0,2
taft,1,1,0,2
looked,1,1,0,2
continuous,1,2,-1,3
populationkyrgyzstan,1,1,0,2
proud,1,2,-1,3
ukraine,1,1,0,2
phalanx,1,1,0,2
1499,1,1,0,2
regards,1,2,-1,3
appearances,1,1,0,2
abolition,1,1,0,2
principality,1,1,0,2
liberation,1,1,0,2
pingas,1,1,0,2
flagstaff,1,2,-1,3
surrogate,1,2,-1,3
ihsan,1,1,0,2
naya,1,1,0,2
wan,1,1,0,2
togoland,1,1,0,2
annobón,1,1,0,2
singapore,1,1,0,2
distinctions,1,1,0,2
unlikely,1,1,0,2
1600,1,1,0,2
legalize,1,1,0,2
effect,1,1,0,2
potent,1,1,0,2
reprint,1,1,0,2
tightly,1,1,0,2
bonin,1,1,0,2
coatlicue,1,1,0,2
purify,1,1,0,2
dowry,1,1,0,2
passionately,1,1,0,2
equalized,1,1,0,2
peoplez,1,1,0,2
nj,1,1,0,2
intelligence,1,1,0,2
taxing,1,1,0,2
gk,1,1,0,2
félix,1,1,0,2
hhhhjjthe,1,1,0,2
soviets,1,1,0,2
grxgxrfhjgjyvjhcghgcccccvvvvvvvvvvvvvvvvvvvvvvvvvvvvvvvvvvvvvvvvvvvvvvvvvvvvvvvvvvvvvvvvvvvvvvfff,1,1,0,2
shining,1,0,1,1
caught,1,1,0,2
karachay,1,1,0,2
widened,1,1,0,2
eyewitness,1,0,1,1
streets,1,1,0,2
trashhhhhhhhhhh,1,1,0,2
propagandized,1,1,0,2
manaya,1,1,0,2
icon,1,2,-1,3
risks,1,1,0,2
isabella,1,1,0,2
tlalli,1,1,0,2
campos,1,2,-1,3
seceding,1,1,0,2
hogares,1,1,0,2
hinderaker,1,1,0,2
banking,1,1,0,2
montserrat,1,1,0,2
brazza,1,1,0,2
genocide9780230615762https,1,1,0,2
charges,1,1,0,2
accurate,1,2,-1,3
poq,1,1,0,2
thanak,1,1,0,2
invading,1,2,-1,3
noirs,1,1,0,2
397,1,1,0,2
ashanti,1,1,0,2
reproductive,1,1,0,2
alliances,1,1,0,2
google,1,2,-1,3
harrasment,1,1,0,2
313,1,1,0,2
outran,1,1,0,2
financial,1,1,0,2
160px,1,0,1,1
residual,1,1,0,2
nowleagethe,1,0,1,1
computers,1,1,0,2
swiss,1,1,0,2
censo_2012,1,1,0,2
korea,1,1,0,2
statcan,1,1,0,2
print,1,1,0,2
sleeping,1,1,0,2
immigrate,1,1,0,2
eleventh,1,1,0,2
armstrong,1,1,0,2
td,1,1,0,2
spur,1,1,0,2
roughly,1,1,0,2
bargaining,1,1,0,2
emirate,1,1,0,2
amounted,1,1,0,2
resigned,1,1,0,2
constructing,1,1,0,2
hostility,1,1,0,2
risk,1,1,0,2
memes,1,1,0,2
nineteenth,1,1,0,2
1799,1,1,0,2
expatriation,1,1,0,2
frederick,1,1,0,2
nurse,1,1,0,2
grandmaison,1,1,0,2
overlapping,1,1,0,2
securing,1,0,1,1
museums,1,1,0,2
algarves,1,1,0,2
harley,1,1,0,2
magnetic,1,5,-4,6
highways,1,1,0,2
chuvashia,1,1,0,2
patriarchal,1,1,0,2
twentieth,1,1,0,2
graham,1,1,0,2
trinidadian,1,1,0,2
chari,1,1,0,2
genitalia,1,1,0,2
adjoining,1,1,0,2
contrarily,1,1,0,2
1931,1,1,0,2
procedure,1,2,-1,3
assembly,1,1,0,2
príncipe,1,1,0,2
symbolic,1,1,0,2
vasyl,1,1,0,2
1886,1,1,0,2
patricia,1,2,-1,3
editors,1,2,-1,3
quotas,1,1,0,2
recount,1,1,0,2
populationresultado,1,1,0,2
commodities,1,1,0,2
quarter,1,1,0,2
lindo,1,1,0,2
house,1,3,-2,4
oubangui,1,1,0,2
1972thumb,1,0,1,1
mayotte,1,1,0,2
arrangements,1,1,0,2
fray,1,1,0,2
asks,1,1,0,2
enriching,1,1,0,2
stuarts,1,1,0,2
ifni,1,1,0,2
141,1,1,0,2
mees,1,1,0,2
ross,1,3,-2,4
tonality,1,1,0,2
monkeys,1,1,0,2
senegalsenegal,1,1,0,2
loads,1,1,0,2
populationthumb,1,1,0,2
horn,1,1,0,2
herzegovina,1,1,0,2
cobden,1,1,0,2
negative,1,2,-1,3
missing,1,1,0,2
sartre,1,1,0,2
socioculturales,1,0,1,1
fordfoundation,1,0,1,1
yeager,1,1,0,2
clung,1,1,0,2
shot,1,1,0,2
stranger,1,1,0,2
orders,1,1,0,2
1782,1,1,0,2
credit,1,1,0,2
protestants,1,1,0,2
handled,1,1,0,2
doges,1,1,0,2
fiction,1,2,-1,3
forcefully,1,1,0,2
britannia,1,1,0,2
ageofex,1,1,0,2
1804,1,1,0,2
francophone,1,1,0,2
nevisthumb,1,1,0,2
viewpoint,1,1,0,2
exists,1,1,0,2
northwestern,1,1,0,2
gum,1,1,0,2
pd,1,1,0,2
circa,1,0,1,1
sublimis,1,1,0,2
empress,1,1,0,2
returning,1,1,0,2
censuses,1,2,-1,3
nyasaland,1,1,0,2
vaz,1,1,0,2
census2017,1,1,0,2
internationalism,1,1,0,2
grp,1,1,0,2
iuytfyghfkuytfgjhcvgbgjvfctghvfmjyhcg,1,1,0,2
pierre,1,2,-1,3
profitable,1,1,0,2
ports,1,1,0,2
glory,1,1,0,2
showall,1,1,0,2
sunflowers,1,1,0,2
gaulle,1,1,0,2
1823,1,1,0,2
infantry,1,1,0,2
punctuated,1,1,0,2
kingston,1,2,-1,3
1686,1,1,0,2
uzoigwe,1,1,0,2
1472,1,1,0,2
renegades,1,1,0,2
guardian,1,1,0,2
phonecians,1,1,0,2
63,1,1,0,2
233,1,1,0,2
alleged,1,1,0,2
explicit,1,1,0,2
montgomery,1,1,0,2
say,1,2,-1,3
lmao,1,1,0,2
prid,1,1,0,2
rodney,1,1,0,2
1840,1,1,0,2
papua,1,1,0,2
effectively,1,1,0,2
rulez,1,1,0,2
francis,1,1,0,2
idc,1,1,0,2
finished,1,1,0,2
vilayet,1,1,0,2
botswanabotswana,1,1,0,2
declareted,1,1,0,2
sheep,1,1,0,2
saguia,1,1,0,2
diu,1,1,0,2
welcome,1,2,-1,3
interesting,1,1,0,2
adu,1,1,0,2
lose,1,1,0,2
raising,1,1,0,2
countering,1,1,0,2
demands,1,1,0,2
wall,1,1,0,2
love,1,1,0,2
reads,1,1,0,2
militarized,1,1,0,2
tezenlo,1,1,0,2
santervás,1,1,0,2
barbarian,1,1,0,2
arthur,1,1,0,2
dhekelia,1,1,0,2
wilderness,1,1,0,2
miscegenation,1,1,0,2
waldemar,1,1,0,2
pulling,1,1,0,2
spencer,1,1,0,2
hamra,1,1,0,2
anthropological,1,1,0,2
romana,1,1,0,2
conrad,1,1,0,2
populationpuerto,1,1,0,2
doted,1,1,0,2
guerrillas,1,0,1,1
idea_b_742708,1,1,0,2
375,1,1,0,2
aided,1,1,0,2
exiting,1,1,0,2
letter,1,1,0,2
duverger,1,1,0,2
timor,1,1,0,2
surveillance,1,1,0,2
1655,1,1,0,2
karikal,1,1,0,2
wfergerq0ig,1,1,0,2
cincinnatti,1,1,0,2
transport,1,1,0,2
nederlanders,1,1,0,2
axel,1,1,0,2
anthropology,1,1,0,2
1838,1,1,0,2
acquittal,1,1,0,2
fox13now,1,0,1,1
1822,1,1,0,2
vulnerability,1,0,1,1
navigation,1,2,-1,3
tunisians,1,1,0,2
vols,1,1,0,2
volcano,1,1,0,2
raben,1,1,0,2
sects,1,1,0,2
moya,1,1,0,2
immanuel,1,2,-1,3
coloniality,1,0,1,1
cabrera,1,1,0,2
continually,1,1,0,2
banned,1,1,0,2
partly,1,0,1,1
belgrade,1,1,0,2
ical,1,1,0,2
disadvantageous,1,1,0,2
rudyard,1,1,0,2
perished,1,0,1,1
sarawak,1,1,0,2
journeyed,1,3,-2,4
populationperu,1,1,0,2
bunau,1,1,0,2
anglicans,1,1,0,2
exterminate,1,1,0,2
stricter,1,1,0,2
deus,1,1,0,2
åland,1,1,0,2
miquelon,1,1,0,2
interchangeable,1,1,0,2
driving,1,1,0,2
erroneously,1,0,1,1
cemented,1,1,0,2
lhjjjjvdescribes,1,1,0,2
cova,1,1,0,2
tonantzin,1,1,0,2
hashhindi,1,1,0,2
ciamexico,1,1,0,2
thrived,1,1,0,2
ine,1,1,0,2
cabinda,1,1,0,2
kieran,1,1,0,2
maryland,1,1,0,2
unavailable,1,1,0,2
île,1,1,0,2
enlightened,1,1,0,2
1940,1,3,-2,4
1611,1,1,0,2
destination,1,2,-1,3
touted,1,1,0,2
population8,1,1,0,2
sophistication,1,2,-1,3
rethinking,1,2,-1,3
windward,1,1,0,2
employers,1,1,0,2
navigators,1,1,0,2
carefully,1,1,0,2
penguin,1,1,0,2
bassett,1,1,0,2
durbar,1,1,0,2
godlewska,1,1,0,2
combat,1,2,-1,3
alcántara,1,1,0,2
nytimes,1,0,1,1
nonvenereal,1,1,0,2
relocated,1,1,0,2
improved,1,2,-1,3
philosopher,1,1,0,2
wife,1,2,-1,3
mann,1,2,-1,3
vagina,1,1,0,2
poland,1,1,0,2
1867,1,2,-1,3
index,1,1,0,2
mes,1,1,0,2
coloniser,1,1,0,2
curb,1,1,0,2
defence,1,0,1,1
spiridone,1,0,1,1
189,1,1,0,2
neg9eqb,1,1,0,2
1966,1,1,0,2
perceived,1,1,0,2
cholo,1,1,0,2
reformation,1,1,0,2
vistas,1,1,0,2
farmland,1,1,0,2
getting,1,1,0,2
portraits,1,1,0,2
portraying,1,1,0,2
kokaisl,1,1,0,2
mr,1,1,0,2
581pp,1,2,-1,3
believer,1,0,1,1
landmasters,1,1,0,2
livland,1,1,0,2
boycotted,1,1,0,2
daysometimes,1,1,0,2
rhodes,1,0,1,1
turn,1,1,0,2
feel,1,1,0,2
1698,1,1,0,2
hay,1,1,0,2
november,1,3,-2,4
pang,1,1,0,2
1941,1,2,-1,3
directing,1,1,0,2
antigua,1,1,0,2
confederate,1,1,0,2
kalmykia,1,1,0,2
māori,1,1,0,2
companion,1,1,0,2
proyectos,1,1,0,2
resolved,1,1,0,2
aids,1,1,0,2
prospects,1,1,0,2
axes,1,1,0,2
pdfhttps,1,0,1,1
crul,1,1,0,2
centralized,1,1,0,2
constantinople,1,2,-1,3
cuvier,1,1,0,2
tan,1,1,0,2
peru_revisado,1,0,1,1
royale,1,1,0,2
institut,1,1,0,2
quoted,1,2,-1,3
organisms,1,1,0,2
bridging,1,1,0,2
niue,1,1,0,2
feed,1,1,0,2
sahara,1,3,-2,4
asking,1,1,0,2
privileged,1,1,0,2
toothless,1,1,0,2
1888,1,1,0,2
syene,1,0,1,1
fernando,1,1,0,2
1836,1,1,0,2
sverdrup,1,1,0,2
extraction,1,1,0,2
distinguishing,1,1,0,2
fathers,1,1,0,2
toabgo,1,1,0,2
rp,1,1,0,2
922pp,1,1,0,2
mapping,1,1,0,2
juby,1,1,0,2
undiscovered,1,1,0,2
resembled,1,1,0,2
oky,1,1,0,2
bechuanaland,1,1,0,2
networks,1,1,0,2
aboard,1,1,0,2
sagas,1,0,1,1
ab,1,1,0,2
1937,1,2,-1,3
reconnaissance,1,1,0,2
materials,1,1,0,2
advocated,1,1,0,2
diporninjnijninhredzfjzuktfdjrhgwfeqdfnvhgrge4r3dfvew3sdx,1,1,0,2
generous,1,1,0,2
ewart,1,1,0,2
holmes,1,1,0,2
bert,1,1,0,2
heinemann,1,1,0,2
inferring,1,1,0,2
undoubtedly,1,1,0,2
absence,1,1,0,2
rolfe,1,1,0,2
league,1,1,0,2
dream,1,1,0,2
po,1,2,-1,3
malayathumb,1,1,0,2
yemen,1,1,0,2
370,1,1,0,2
characteristics,1,2,-1,3
tolerant,1,1,0,2
fit,1,1,0,2
atrocities,1,1,0,2
lb,1,1,0,2
lagstaff,1,1,0,2
1736,1,1,0,2
guanches,1,1,0,2
push,1,1,0,2
sped,1,1,0,2
latifundias,1,1,0,2
zone,1,1,0,2
flawed,1,1,0,2
1870,1,1,0,2
tone,1,1,0,2
inexpensive,1,0,1,1
exhibitions,1,1,0,2
granting,1,1,0,2
cagiano,1,1,0,2
nstead,1,1,0,2
disaster,1,1,0,2
egyptians,1,1,0,2
muni,1,1,0,2
hypothesized,1,1,0,2
continental,1,2,-1,3
armenia,1,1,0,2
akrotiri,1,1,0,2
jerk,1,1,0,2
koreans,1,1,0,2
repatriated,1,1,0,2
oceanin,1,1,0,2
vizcaya,1,1,0,2
relinquish,1,1,0,2
soviet,1,1,0,2
burdensome,1,1,0,2
xinjiang,1,2,-1,3
pop26,1,1,0,2
lies,1,0,1,1
predominant,1,1,0,2
misconception,1,1,0,2
biologists,1,1,0,2
relieving,1,1,0,2
columbia,1,1,0,2
heartlands,1,2,-1,3
legislative,1,1,0,2
abyssinian,1,0,1,1
fdadavbdw32321qttr76frgfgfszdxvhcfjggdfdsxvbv,1,1,0,2
whilst,1,1,0,2
direction,1,1,0,2
acquisition,1,2,-1,3
petringa,1,1,0,2
quantifiable,1,1,0,2
399,1,1,0,2
beautiful,1,1,0,2
castrated,1,1,0,2
suppression,1,1,0,2
lane,1,1,0,2
mutated,1,1,0,2
brutes,1,1,0,2
southwest,1,1,0,2
plays,1,1,0,2
antibodies,1,1,0,2
pace,1,1,0,2
efficiency,1,1,0,2
polity,1,2,-1,3
erik,1,2,-1,3
eastward,1,1,0,2
entering,1,1,0,2
exertions,1,0,1,1
nanyo,1,2,-1,3
capitalists,1,1,0,2
crossed,1,1,0,2
1920,1,1,0,2
retelling,1,1,0,2
oro,1,1,0,2
450,1,1,0,2
evangelization,1,1,0,2
send,1,1,0,2
azevedo,1,1,0,2
murder,1,1,0,2
cul,1,1,0,2
innocent,1,1,0,2
vivienda,1,1,0,2
joaquín,1,1,0,2
persons,1,1,0,2
gravity,1,1,0,2
pintatook,1,1,0,2
phrenology,1,1,0,2
cooper,1,1,0,2
quinientos,1,1,0,2
drugs,1,1,0,2
destinations,1,1,0,2
pethwick,1,1,0,2
khakassia,1,1,0,2
edits,1,1,0,2
tonkin,1,1,0,2
tharangambadi,1,0,1,1
significance,1,0,1,1
beneficial,1,1,0,2
repartimientos,1,1,0,2
thrives,1,1,0,2
fuxufifydihjdtsufkchxufkbkcj,1,1,0,2
bookrethinking,1,1,0,2
komithumb,1,1,0,2
bandeirantes,1,1,0,2
diurnal,1,0,1,1
allotted,1,1,0,2
balkans,1,1,0,2
edition,1,1,0,2
1629,1,1,0,2
1833,1,2,-1,3
caballeros,1,1,0,2
merciless,1,1,0,2
plummeted,1,1,0,2
fail,1,0,1,1
weak,1,1,0,2
bosma,1,1,0,2
surface,1,1,0,2
postcolonialism,1,1,0,2
pax,1,1,0,2
payment,1,1,0,2
hungary,1,2,-1,3
notting,1,1,0,2
images,1,1,0,2
wifes,1,1,0,2
madeira,1,1,0,2
volta,1,1,0,2
emphasized,1,1,0,2
quinto,1,1,0,2
tactical,1,0,1,1
doubts,1,1,0,2
inconsistent,1,1,0,2
bourne,1,2,-1,3
keen,1,1,0,2
nuestro,1,1,0,2
dynastic,1,1,0,2
ko,1,1,0,2
nejd,1,1,0,2
townsend,1,2,-1,3
pseudo,1,1,0,2
italo,1,3,-2,4
incapable,1,1,0,2
ease,1,1,0,2
polis,1,1,0,2
scam,1,0,1,1
janavari,1,1,0,2
champlain,1,1,0,2
kipling,1,1,0,2
1717,1,1,0,2
manipulated,1,1,0,2
essentially,1,1,0,2
tatarstan,1,1,0,2
1923,1,1,0,2
spring,1,1,0,2
1791,1,1,0,2
dealers,1,1,0,2
dagestan,1,1,0,2
ryukyufrom,1,1,0,2
trhis,1,1,0,2
rites,1,1,0,2
oppressed,1,1,0,2
bessarabia,1,1,0,2
dunm,1,1,0,2
tétouan,1,1,0,2
accounted,1,1,0,2
romans,1,2,-1,3
varilla,1,1,0,2
engaged,1,2,-1,3
serve,1,1,0,2
baboons,1,1,0,2
noviembre,1,1,0,2
ordenanzas,1,1,0,2
blank,1,1,0,2
1890s,1,1,0,2
hit,1,1,0,2
addressing,1,1,0,2
lure,1,1,0,2
clips,1,1,0,2
roma,1,1,0,2
federated,1,1,0,2
imperio,1,1,0,2
theorists,1,1,0,2
equipping,1,1,0,2
canal,1,1,0,2
fantasy,1,1,0,2
buryatiathumb,1,1,0,2
stuchtey,1,1,0,2
bolsters,1,1,0,2
paria,1,0,1,1
intensification,1,1,0,2
unquestionably,1,1,0,2
designed,1,0,1,1
richmond,1,2,-1,3
tricontinental,1,1,0,2
naga,1,1,0,2
nearing,1,1,0,2
invited,1,0,1,1
capitalizing,1,1,0,2
outperforming,1,1,0,2
image_size,1,1,0,2
adapt,1,1,0,2
miller,1,1,0,2
cervantes,1,1,0,2
tactics,1,2,-1,3
1541,1,1,0,2
1696,1,1,0,2
garcía,1,1,0,2
lecour,1,1,0,2
burden,1,1,0,2
dem,1,1,0,2
flynn,1,1,0,2
1699,1,1,0,2
sacrificial,1,1,0,2
lord,1,3,-2,4
rebecca,1,1,0,2
backwards,1,1,0,2
populationcolombia,1,1,0,2
formats,1,1,0,2
cumaná,1,2,-1,3
simplification,1,1,0,2
excavations,1,1,0,2
ryukyu,1,2,-1,3
aggressively,1,1,0,2
franciscans,1,1,0,2
dp,1,1,0,2
448,1,1,0,2
senkaku,1,0,1,1
986,1,1,0,2
1972,1,2,-1,3
derided,1,1,0,2
attract,1,1,0,2
caution,1,1,0,2
accountancy,1,1,0,2
1927,1,2,-1,3
1912,1,3,-2,4
aliyah,1,1,0,2
bloody,1,1,0,2
promotes,1,1,0,2
occupying,1,1,0,2
història,1,1,0,2
concessions,1,1,0,2
uploads,1,1,0,2
exceeded,1,2,-1,3
taxation,1,1,0,2
wives,1,1,0,2
gennaro,1,1,0,2
boys,1,2,-1,3
tchéou,1,1,0,2
discovering,1,0,1,1
regimes,1,1,0,2
aegean,1,1,0,2
ellsworth,1,1,0,2
crew,1,4,-3,5
implicated,1,1,0,2
populationjudenlandindigenousref,1,1,0,2
delhi,1,1,0,2
barthélemyfact,1,1,0,2
cochinchina,1,1,0,2
sepúlveda,1,1,0,2
ned,1,2,-1,3
involving,1,1,0,2
842,1,1,0,2
biblical,1,1,0,2
plank,1,1,0,2
remarked,1,0,1,1
cuarenta,1,1,0,2
ginger,1,1,0,2
niger,1,1,0,2
1632,1,1,0,2
racially,1,1,0,2
populationdominican,1,1,0,2
positing,1,1,0,2
presbyterians,1,1,0,2
confused,1,1,0,2
vaccine,1,1,0,2
substitute,1,1,0,2
indăgenas,1,0,1,1
1988,1,1,0,2
9s2uzr47m,1,1,0,2
distinction,1,1,0,2
cunter,1,1,0,2
dialectical,1,1,0,2
wretched,1,1,0,2
gallery,1,1,0,2
wanna,1,1,0,2
refereed,1,1,0,2
practitioners,1,1,0,2
1942,1,1,0,2
offering,1,2,-1,3
coerced,1,1,0,2
spaniard,1,1,0,2
discourse,1,2,-1,3
05,1,1,0,2
clipperton,1,2,-1,3
faroe,1,1,0,2
transnistrian,1,1,0,2
googlebookgouda,1,1,0,2
symbolization,1,1,0,2
raped,1,1,0,2
walter,1,1,0,2
forefront,1,0,1,1
strategic,1,1,0,2
ranges,1,1,0,2
convenient,1,1,0,2
encuestas,1,1,0,2
viking,1,0,1,1
outlook,1,1,0,2
collecting,1,2,-1,3
singaporean,1,1,0,2
hejaz,1,1,0,2
sebastian,1,1,0,2
bashkortostan,1,1,0,2
lessening,1,1,0,2
extending,1,1,0,2
subcontinent,1,1,0,2
manufactures,1,1,0,2
anabaptists,1,1,0,2
emphatic,1,1,0,2
repatriate,1,1,0,2
salvation,1,1,0,2
funneling,1,1,0,2
ares,1,1,0,2
religiously,1,1,0,2
ernst,1,2,-1,3
theme,1,1,0,2
populationbolivia,1,1,0,2
bernard,1,2,-1,3
pizzaro,1,1,0,2
lang,1,1,0,2
outgrowths,1,1,0,2
kristinsson2010,1,1,0,2
kokaislova,1,1,0,2
spite,1,1,0,2
cisplatina,1,3,-2,4
liberalism,1,1,0,2
años,1,1,0,2
adjunct,1,1,0,2
frenchmen,1,1,0,2
arises,1,1,0,2
jr,1,1,0,2
subordinate,1,1,0,2
privileges,1,1,0,2
maria,1,3,-2,4
chilies,1,1,0,2
elites,1,1,0,2
kasum,1,1,0,2
fashion,1,1,0,2
transformations,1,1,0,2
statesbut,1,1,0,2
marking,1,2,-1,3
castellanos,1,1,0,2
moment,1,1,0,2
859,1,1,0,2
synthesize,1,1,0,2
castas,1,1,0,2
historiography,1,1,0,2
1793,1,1,0,2
geschiedenis,1,1,0,2
pagan,1,1,0,2
traded,1,1,0,2
threaten,1,1,0,2
fated,1,1,0,2
flags,1,1,0,2
brain,1,1,0,2
rudimentary,1,0,1,1
dnieper,1,1,0,2
1875,1,1,0,2
mention,1,0,1,1
trevor,1,1,0,2
dim,1,1,0,2
morel,1,1,0,2
gic,1,1,0,2
pole,1,1,0,2
cyprus,1,1,0,2
lynn,1,2,-1,3
baptists,1,1,0,2
marià,1,1,0,2
_indigenous_peoples_day_,1,1,0,2
1525,1,1,0,2
ancestryethnic,1,1,0,2
novel,1,0,1,1
prosperity,1,1,0,2
kouang,1,1,0,2
evelyn,1,2,-1,3
1780,1,1,0,2
zak,1,2,-1,3
vhs,1,1,0,2
cfm,1,1,0,2
ukrainian,1,1,0,2
macedon,1,1,0,2
exaggerated,1,1,0,2
vice,1,1,0,2
factfinder,1,1,0,2
excesses,1,1,0,2
capturing,1,1,0,2
categorize,1,1,0,2
ossetia,1,1,0,2
saharan,1,1,0,2
grapple,1,1,0,2
instances,1,1,0,2
cartier,1,1,0,2
changing,1,1,0,2
archiveurl,1,1,0,2
accredited,1,1,0,2
italianexplorer,1,1,0,2
cocos,1,2,-1,3
moravians,1,1,0,2
liked,1,1,0,2
whooping,1,1,0,2
radically,1,1,0,2
devastating,1,1,0,2
engineering,1,3,-2,4
sarajevo,1,1,0,2
structural,1,1,0,2
microbiologist,1,1,0,2
shelter,1,1,0,2
lutherans,1,1,0,2
archetypal,1,2,-1,3
classes,1,1,0,2
edirne,1,1,0,2
ref23,1,1,0,2
etat,1,1,0,2
explorersection,1,1,0,2
orkneys,1,0,1,1
determined,1,2,-1,3
skirmishes,1,1,0,2
concerning,1,1,0,2
contours,1,1,0,2
carolina,1,3,-2,4
8084917906,1,1,0,2
días,1,1,0,2
security,1,1,0,2
mining,1,2,-1,3
mountstuart,1,1,0,2
egerton,1,1,0,2
46,1,1,0,2
despair,1,1,0,2
sweg,1,1,0,2
practical,1,1,0,2
investment,1,1,0,2
day_286,1,1,0,2
provinces,1,1,0,2
zaragoza,1,1,0,2
uzbekistan,1,1,0,2
leased,1,1,0,2
virulent,1,1,0,2
succeeded,1,1,0,2
austria,1,1,0,2
khiva,1,1,0,2
vnamef,1,1,0,2
trucial,1,1,0,2
contenidos,1,1,0,2
baartman,1,1,0,2
regardeded,1,1,0,2
imperialists,1,1,0,2
alcáçovas,1,1,0,2
vnamee,1,1,0,2
galapagos,1,1,0,2
pid,1,1,0,2
forged,1,0,1,1
accomplished,1,1,0,2
command,1,1,0,2
deadlier,1,1,0,2
nfld,1,1,0,2
oppressor,1,1,0,2
entity,1,1,0,2
constantine,1,1,0,2
ceuta,1,2,-1,3
operated,1,1,0,2
spheres,1,1,0,2
fostered,1,1,0,2
uriankhai,1,1,0,2
dedicated,1,1,0,2
potential,1,1,0,2
ebneqngebrwitaly,1,1,0,2
conquerors,1,1,0,2
discusses,1,1,0,2
stop,1,1,0,2
indie,1,1,0,2
debts,1,1,0,2
lifestyle,1,1,0,2
triggering,1,0,1,1
coercive,1,1,0,2
failure,1,1,0,2
bailyn,1,1,0,2
merchants,1,1,0,2
taxes,1,1,0,2
region23,1,1,0,2
dano,1,1,0,2
1622,1,1,0,2
petr,1,1,0,2
alien,1,1,0,2
1701,1,1,0,2
pomerania,1,2,-1,3
benedictine,1,1,0,2
población,1,1,0,2
mainlands,1,1,0,2
stick,1,1,0,2
melvin,1,2,-1,3
epistemological,1,1,0,2
haffkine,1,1,0,2
putatively,1,1,0,2
successful,1,1,0,2
fowl,1,1,0,2
bakker,1,1,0,2
arisona,1,1,0,2
tlaxcala,1,1,0,2
mulatta,1,1,0,2
pire,1,1,0,2
santander,1,1,0,2
brocklehurst,1,1,0,2
perception,1,1,0,2
1935,1,1,0,2
convince,1,1,0,2
chromosomes,1,1,0,2
bannon,1,1,0,2
axtell,1,1,0,2
imposition,1,1,0,2
positiveref,1,1,0,2
expansions,1,1,0,2
strengthen,1,1,0,2
judicial,1,1,0,2
debates,1,1,0,2
rum,1,1,0,2
bright,1,1,0,2
contributed,1,1,0,2
contentious,1,1,0,2
calvinists,1,1,0,2
merriam,1,1,0,2
absorbed,1,1,0,2
holdings,1,1,0,2
uittocht,1,1,0,2
22native,1,0,1,1
nonconformists,1,1,0,2
baudelaire,1,1,0,2
bonomi,1,2,-1,3
amendment,1,1,0,2
caucasus,1,1,0,2
kuril,1,1,0,2
hainan,1,2,-1,3
diorama,1,1,0,2
matt,1,1,0,2
incorrectly,1,2,-1,3
civilized,1,1,0,2
consisted,1,2,-1,3
lectures,1,1,0,2
industrial,1,2,-1,3
jesucristo,1,1,0,2
ol,1,1,0,2
lautréamont,1,1,0,2
shetlands,1,0,1,1
1400,1,1,0,2
merriman,1,1,0,2
pineapple,1,1,0,2
291,1,1,0,2
lighter,1,1,0,2
dissenters,1,0,1,1
predecessors,1,0,1,1
virtual,1,1,0,2
preserved,1,2,-1,3
decimated,1,1,0,2
kock,1,2,-1,3
compete,1,1,0,2
cheaply,1,1,0,2
385,1,1,0,2
taiwán,1,0,1,1
venture,1,1,0,2
declination,1,4,-3,5
christopher_columbus,1,1,0,2
repetition,1,1,0,2
fewer,1,1,0,2
basra,1,1,0,2
branch,1,1,0,2
decisions,1,1,0,2
chandernagor,1,1,0,2
boundary,1,1,0,2
discriminate,1,1,0,2
cbc,1,1,0,2
influx,1,1,0,2
respects,1,1,0,2
wendt,1,1,0,2
aden,1,1,0,2
round,1,1,0,2
neil,1,1,0,2
dahomey,1,1,0,2
filipino,1,1,0,2
vfnbchgc,1,1,0,2
5j9hg4jhj9,1,1,0,2
pikes,1,0,1,1
thessalonians,1,1,0,2
monks,1,2,-1,3
mickelson,1,2,-1,3
fayard,1,1,0,2
ashes,1,0,1,1
sounded,1,1,0,2
huge,1,1,0,2
bankrupt,1,1,0,2
codification,1,1,0,2
dada,1,1,0,2
shortage,1,1,0,2
wuz,1,1,0,2
developments,1,1,0,2
adygea,1,1,0,2
waylon,1,1,0,2
persian,1,1,0,2
declinationshen,1,1,0,2
678,1,1,0,2
occupied,1,2,-1,3
foothold,1,1,0,2
koplow,1,1,0,2
overwork,1,0,1,1
trek,1,1,0,2
ill,1,1,0,2
perfectly,1,0,1,1
jure,1,1,0,2
cme,1,1,0,2
benedikt,1,1,0,2
australian,1,2,-1,3
codfish,1,1,0,2
internet,1,1,0,2
promote,1,1,0,2
civilize,1,1,0,2
impulses,1,1,0,2
landfall,1,2,-1,3
croix,1,2,-1,3
frontier,1,1,0,2
galiev,1,1,0,2
ghjgjhjghjgj,1,1,0,2
lows,1,1,0,2
teams,1,1,0,2
1918,1,1,0,2
painted,1,2,-1,3
connected,1,1,0,2
caldoche,1,1,0,2
gid,1,1,0,2
drives,1,1,0,2
ceremonial,1,1,0,2
surviving,1,1,0,2
ethnologists,1,1,0,2
inequality,1,1,0,2
accessible,1,1,0,2
puritan,1,1,0,2
pray,1,1,0,2
pueblosindigenaspcn,1,0,1,1
reino,1,1,0,2
domain,1,1,0,2
ecosystem,1,1,0,2
interacted,1,1,0,2
gorée,1,1,0,2
impersonator,1,1,0,2
ct,1,1,0,2
mengrelia,1,0,1,1
drastically,1,1,0,2
police,1,1,0,2
colección,1,1,0,2
deep,1,1,0,2
designated,1,0,1,1
planet,1,1,0,2
μητρόπολις,1,1,0,2
hid,1,1,0,2
needing,1,1,0,2
disappearance,1,0,1,1
rong,1,1,0,2
listen,1,0,1,1
domingue,1,1,0,2
phenomenology,1,1,0,2
riflemen,1,1,0,2
det,1,1,0,2
bulged,1,0,1,1
deadurl,1,1,0,2
housing,1,1,0,2
exterminer,1,1,0,2
mixing,1,1,0,2
maldives,1,1,0,2
thenewstribune,1,1,0,2
sida,1,1,0,2
missions,1,1,0,2
yougov,1,2,-1,3
lin,1,1,0,2
equinoctial,1,1,0,2
ostensibly,1,2,-1,3
ciudad,1,1,0,2
von,1,2,-1,3
dutchmen,1,1,0,2
region25,1,1,0,2
nam,1,1,0,2
comprising,1,1,0,2
abolitionists,1,1,0,2
il,1,3,-2,4
vickers,1,1,0,2
disambiguation,1,1,0,2
roads,1,1,0,2
namesake,1,1,0,2
skewed,1,1,0,2
ref26,1,1,0,2
regiments,1,1,0,2
augustus,1,1,0,2
insurgent,1,0,1,1
action,1,1,0,2
abandoning,1,0,1,1
numbering,1,1,0,2
mordovia,1,1,0,2
births,1,1,0,2
evident,1,1,0,2
populationsouth,1,1,0,2
documentos,1,1,0,2
cox,1,1,0,2
populationbahamas,1,1,0,2
08,1,1,0,2
rudolf,1,2,-1,3
straits,1,1,0,2
populationbermuda,1,1,0,2
76,1,1,0,2
omission,1,1,0,2
referendum,1,1,0,2
unganda,1,1,0,2
watch,1,1,0,2
princeton,1,1,0,2
rose,1,1,0,2
79,1,1,0,2
raymond,1,1,0,2
nigers,1,1,0,2
oman,1,1,0,2
approach,1,1,0,2
genovese,1,2,-1,3
mandrills,1,1,0,2
encomenderos,1,1,0,2
manhattan,1,1,0,2
josephine,1,1,0,2
negotiating,1,1,0,2
speed,1,1,0,2
ascension,1,1,0,2
buttt,1,1,0,2
populationcanadian,1,1,0,2
carp,1,1,0,2
format,1,1,0,2
doter,1,1,0,2
equatorial,1,1,0,2
fighting,1,2,-1,3
causes,1,0,1,1
explanations,1,1,0,2
illness,1,1,0,2
degree,1,1,0,2
impede,1,1,0,2
macanese,1,1,0,2
inaugurating,1,0,1,1
pontifex,1,1,0,2
resettled,1,1,0,2
tangier,1,1,0,2
1809,1,1,0,2
prosperous,1,1,0,2
landscapes,1,1,0,2
hominoids,1,1,0,2
mahé,1,1,0,2
manyeuisieeii,1,1,0,2
lac,1,0,1,1
somalis,1,1,0,2
behrendt,1,1,0,2
southward,1,1,0,2
nus,1,1,0,2
rotation,1,0,1,1
discrete,1,1,0,2
xiv,1,2,-1,3
choice,1,0,1,1
gendered,1,1,0,2
thong,1,1,0,2
1642,1,1,0,2
slightly,1,1,0,2
discussions,1,1,0,2
1600s,1,1,0,2
l5pnhmxzxy5ffwmk9nhcrk9x7e5qqvvy,1,1,0,2
differentiating,1,1,0,2
frame,1,1,0,2
confusing,1,1,0,2
nuzzo,1,1,0,2
pleading,1,1,0,2
khanate,1,1,0,2
1510,1,2,-1,3
selling,1,1,0,2
helmet,1,2,-1,3
sarah,1,1,0,2
portugueseese,1,1,0,2
kyo,1,1,0,2
schwartz,1,1,0,2
blogs,1,1,0,2
1845,1,1,0,2
wallis,1,1,0,2
genocides,1,1,0,2
offshoot,1,1,0,2
trend,1,1,0,2
net,1,0,1,1
argues,1,2,-1,3
sagep,1,0,1,1
exception,1,0,1,1
20110820071429,1,1,0,2
hai,1,1,0,2
fagundes,1,1,0,2
latvia,1,2,-1,3
550,1,1,0,2
darwinism,1,1,0,2
praying,1,1,0,2
reestablished,1,1,0,2
mauritania,1,1,0,2
bolton,1,1,0,2
californias,1,2,-1,3
cat,1,1,0,2
mercenary,1,0,1,1
472,1,1,0,2
swords,1,0,1,1
exacting,1,1,0,2
stuart,1,1,0,2
attractive,1,1,0,2
xvii,1,1,0,2
battlefield,1,1,0,2
michigan,1,2,-1,3
750,1,1,0,2
1771,1,2,-1,3
1884,1,1,0,2
hello,1,1,0,2
hart,1,2,-1,3
carnival,1,1,0,2
mutually,1,1,0,2
burgher,1,1,0,2
sky,1,0,1,1
defects,1,1,0,2
kieranology,1,1,0,2
1807,1,1,0,2
laborer,1,1,0,2
niall,1,1,0,2
temporal,1,1,0,2
clockwise,1,2,-1,3
unfederated,1,1,0,2
cough,1,1,0,2
trained,1,1,0,2
outshone,1,0,1,1
vietnamese,1,1,0,2
discrepancies,1,1,0,2
theses,1,1,0,2
romanus,1,1,0,2
albertini,1,2,-1,3
prevailing,1,1,0,2
raimondo,1,1,0,2
subjective,1,1,0,2
statesis,1,1,0,2
nacimiento,1,1,0,2
stacy,1,1,0,2
consequential,1,1,0,2
postmodern,1,1,0,2
principles,1,1,0,2
sal,1,1,0,2
1587,1,1,0,2
fifth,1,1,0,2
rsfsr,1,1,0,2
para,1,1,0,2
speaks,1,2,-1,3
galicia,1,1,0,2
432,1,1,0,2
veinte,1,1,0,2
artillery,1,0,1,1
kbu,1,1,0,2
worldmark,1,1,0,2
constituted,1,1,0,2
interpreted,1,0,1,1
impacts,1,1,0,2
powhatan,1,1,0,2
gale,1,1,0,2
viii,1,0,1,1
hegemony,1,1,0,2
gresham,1,1,0,2
fat,1,1,0,2
welcomes,1,1,0,2
marchand,1,1,0,2
limiting,1,1,0,2
inhumane,1,1,0,2
institutional,1,1,0,2
obtain,1,1,0,2
delete,1,1,0,2
distinguished,1,1,0,2
1705,1,1,0,2
amassed,1,1,0,2
1959,1,1,0,2
midway,1,1,0,2
sector,1,1,0,2
multitudes,1,1,0,2
ness,1,2,-1,3
arrested,1,1,0,2
harold,1,1,0,2
threat,1,1,0,2
pith,1,2,-1,3
vásquez,1,1,0,2
attending,1,1,0,2
minds,1,1,0,2
price,1,1,0,2
centro,1,0,1,1
ducks,1,1,0,2
seemingly,1,1,0,2
dad,1,1,0,2
uganda,1,1,0,2
arabic,1,1,0,2
gandhi,1,1,0,2
populationuruguay,1,1,0,2
semple,1,1,0,2
spent,1,1,0,2
somerville,1,2,-1,3
552,1,1,0,2
cambodia,1,2,-1,3
dt,1,1,0,2
turkish,1,3,-2,4
livingstone,1,1,0,2
underdevelopment,1,1,0,2
areemas,1,1,0,2
ran,1,2,-1,3
partitioned,1,1,0,2
textitalic,1,1,0,2
dicatorship,1,1,0,2
iiu,1,1,0,2
1877,1,1,0,2
pantelleria,1,0,1,1
hispanola,1,1,0,2
screening,1,1,0,2
bandidate,1,1,0,2
du,1,2,-1,3
pursues,1,1,0,2
village,1,1,0,2
strait,1,1,0,2
hearts,1,1,0,2
creolisation,1,1,0,2
abolitionism,1,1,0,2
1834,1,1,0,2
win,1,1,0,2
holiday_name,1,1,0,2
kamerun,1,1,0,2
ciathumb,1,1,0,2
model,1,1,0,2
modify,1,1,0,2
1517,1,1,0,2
646,1,1,0,2
offers,1,1,0,2
consequence,1,1,0,2
orkney,1,2,-1,3
xd,1,1,0,2
adherents,1,1,0,2
azerbaijan,1,1,0,2
differentiates,1,1,0,2
told,1,1,0,2
ingen,1,1,0,2
assumption,1,1,0,2
reconquest,1,1,0,2
endangering,1,1,0,2
tend,1,1,0,2
express,1,1,0,2
replenished,1,1,0,2
favorable,1,1,0,2
abundance,1,1,0,2
progressed,1,1,0,2
filling,1,1,0,2
timeasia,1,1,0,2
distorted,1,1,0,2
1813,1,1,0,2
cameroon,1,1,0,2
essence,1,1,0,2
editing,1,1,0,2
1890,1,1,0,2
basic,1,1,0,2
nubia,1,2,-1,3
balearic,1,0,1,1
makes,1,1,0,2
starkey,1,1,0,2
van,1,1,0,2
buell,1,1,0,2
rebelled,1,1,0,2
ukrainians,1,1,0,2
serbia,1,1,0,2
apath,1,1,0,2
criminal,1,1,0,2
resettlement,1,1,0,2
soveireign,1,1,0,2
1879,1,1,0,2
velychenko,1,1,0,2
explanation,1,1,0,2
monarchs,1,2,-1,3
continentsconquistador,1,1,0,2
independentist,1,1,0,2
wealthy,1,2,-1,3
coined,1,1,0,2
stand,1,1,0,2
stemmed,1,1,0,2
1911565,1,1,0,2
phenotypes,1,1,0,2
colonist,1,4,-3,5
missionaries,1,1,0,2
canarians,1,1,0,2
1680s,1,1,0,2
35428,1,1,0,2
105,1,1,0,2
109445,1,1,0,2
awakens,1,0,1,1
root,1,1,0,2
greene,1,1,0,2
countless,1,1,0,2
instability,1,1,0,2
epic,1,1,0,2
burmese,1,1,0,2
decisiveness,1,1,0,2
1979,1,1,0,2
tadman,1,1,0,2
nicolás,1,1,0,2
annexation,1,2,-1,3
propagate,1,1,0,2
defied,1,1,0,2
discoveries,1,2,-1,3
epidemiology,1,1,0,2
armourhello,1,1,0,2
1675,1,1,0,2
wholesale,1,1,0,2
hofstadter,1,1,0,2
revelations,1,1,0,2
fairbanks,1,0,1,1
harbor,1,2,-1,3
persists,1,1,0,2
priming,1,1,0,2
programme,1,1,0,2
choices,1,1,0,2
ovando,1,1,0,2
victorious,1,1,0,2
statistics,1,1,0,2
habits,1,1,0,2
corsica,1,1,0,2
domestic,1,1,0,2
accordingly,1,1,0,2
phoenicians,1,1,0,2
unexplored,1,1,0,2
tollerated,1,1,0,2
belonged,1,1,0,2
reward,1,1,0,2
sandwich,1,1,0,2
chronology,1,1,0,2
wim,1,1,0,2
1980s,1,1,0,2
cranial,1,1,0,2
1789,1,1,0,2
ref24,1,1,0,2
fl,1,1,0,2
provisions,1,1,0,2
rewards,1,1,0,2
grover,1,1,0,2
returns,1,1,0,2
dahlias,1,1,0,2
bengal,1,1,0,2
caracterăsticas,1,0,1,1
iron,1,1,0,2
video,1,1,0,2
seizure,1,1,0,2
210px,1,0,1,1
acute,1,1,0,2
respectively,1,2,-1,3
enter,1,0,1,1
communication,1,1,0,2
atahulapa,1,1,0,2
leftists,1,1,0,2
sui,1,2,-1,3
discipline,1,1,0,2
dote,1,1,0,2
yakutia,1,1,0,2
unicef,1,0,1,1
1929,1,1,0,2
display,1,1,0,2
cheap,1,1,0,2
indigena,1,1,0,2
consented,1,1,0,2
spotted,1,0,1,1
colonizatin,1,1,0,2
profoundly,1,1,0,2
shakhrai,1,1,0,2
circumstances,1,1,0,2
isandlwana,1,2,-1,3
bes,1,1,0,2
option,1,1,0,2
modernity,1,1,0,2
bigelow,1,2,-1,3
brutality,1,1,0,2
statistical,1,1,0,2
scarce,1,1,0,2
racialism,1,1,0,2
moroccans,1,1,0,2
islandsthumb,1,1,0,2
1531,1,1,0,2
weakened,1,1,0,2
treasure,1,1,0,2
personnel,1,1,0,2
edit,1,1,0,2
purple,1,1,0,2
lebanese,1,1,0,2
stradanus,1,0,1,1
notions,1,1,0,2
philosophies,1,1,0,2
fijians,1,1,0,2
secretary,1,1,0,2
christendom,1,1,0,2
complied,1,1,0,2
prebble,1,1,0,2
iz,1,1,0,2
pouring,1,1,0,2
governed,1,1,0,2
bastiat,1,1,0,2
extremadura,1,1,0,2
opportunities,1,2,-1,3
lewis,1,1,0,2
prestige,1,1,0,2
sociocultural,1,1,0,2
1819,1,1,0,2
populationargentina,1,1,0,2
fully,1,1,0,2
lilliana,1,1,0,2
shatter,1,1,0,2
sexualizing,1,1,0,2
tomé,1,1,0,2
exclusively,1,1,0,2
reconfiguring,1,1,0,2
extensions,1,1,0,2
78,1,1,0,2
tonkinese,1,1,0,2
transition,1,1,0,2
days,1,1,0,2
technologic,1,1,0,2
yamalia,1,1,0,2
bosniak,1,1,0,2
psychological,1,1,0,2
rushed,1,0,1,1
konghk,1,1,0,2
extraordinary,1,1,0,2
marxist,1,1,0,2
girls,1,1,0,2
warfare,1,1,0,2
medicinal,1,2,-1,3
rorke,1,0,1,1
inner,1,2,-1,3
platt,1,1,0,2
proper,1,2,-1,3
pigs,1,2,-1,3
othered,1,1,0,2
223,1,1,0,2
restricted,1,2,-1,3
patrons,1,1,0,2
familiar,1,1,0,2
mughals,1,1,0,2
temporary,1,1,0,2
opera,1,1,0,2
chakravorty,1,1,0,2
htmlencyclopædia,1,1,0,2
reclaiming,1,1,0,2
muscat,1,1,0,2
willing,1,1,0,2
edgren,1,1,0,2
iberia,1,1,0,2
vulnerable,1,1,0,2
memorial,1,1,0,2
ejenenduueejeeiijjenenenibbean,1,1,0,2
guineathumb,1,1,0,2
willems,1,1,0,2
venedig,1,2,-1,3
tang,1,2,-1,3
rivalry,1,1,0,2
cows,1,1,0,2
shipbuilding,1,1,0,2
elphinstone,1,1,0,2
difficulty,1,1,0,2
1635,1,1,0,2
opinion,1,2,-1,3
frédéric,1,1,0,2
enabling,1,1,0,2
aimé,1,2,-1,3
formally,1,1,0,2
contratación,1,1,0,2
pornvikings,1,1,0,2
worth,1,1,0,2
marinersmuseum,1,1,0,2
bismarck,1,1,0,2
plane,1,2,-1,3
interact,1,1,0,2
training,1,1,0,2
unskilled,1,1,0,2
jata,1,1,0,2
grown,1,1,0,2
hgcuthjcguigcgjvhkvhkvhjvjyjgcxfhfu,1,1,0,2
cult,1,1,0,2
explores,1,1,0,2
goodling,1,1,0,2
relized,1,1,0,2
shape,1,1,0,2
rescue,1,2,-1,3
refuge,1,1,0,2
kristinsson,1,1,0,2
balkaria,1,1,0,2
sickness,1,1,0,2
est,1,1,0,2
losing,1,1,0,2
basutoland,1,1,0,2
sepoy,1,1,0,2
credited,1,1,0,2
1612,1,1,0,2
pluricontinental,1,1,0,2
mosaic,1,1,0,2
anne,1,1,0,2
rupert,1,1,0,2
samoa,1,1,0,2
pdfs,1,0,1,1
populationbarbados,1,1,0,2
populationswaziland,1,1,0,2
disregarded,1,1,0,2
sven,1,1,0,2
tobagonian,1,1,0,2
bristol,1,0,1,1
alienating,1,1,0,2
highest,1,1,0,2
1456pp,1,2,-1,3
aswan,1,0,1,1
lizcano,1,1,0,2
leyes,1,1,0,2
rails,1,1,0,2
thiijioe,1,1,0,2
permanently,1,1,0,2
extremely,1,1,0,2
hormos,1,1,0,2
afrikaans,1,1,0,2
tremendously,1,1,0,2
unable,1,1,0,2
recensement,1,1,0,2
mannerisms,1,1,0,2
cherkessia,1,1,0,2
bra,1,1,0,2
bosnia,1,1,0,2
nauru,1,2,-1,3
portuese,1,1,0,2
virulence,1,1,0,2
yale,1,1,0,2
drawn,1,1,0,2
ferguson,1,1,0,2
reinforcing,1,1,0,2
historia,1,1,0,2
lavrador,1,1,0,2
encourage,1,2,-1,3
ussr,1,1,0,2
spearheaded,1,0,1,1
exploit,1,1,0,2
guys,1,1,0,2
mercantilist,1,1,0,2
www12,1,1,0,2
concerned,1,1,0,2
homosexual,1,1,0,2
kissing,1,1,0,2
estudios,1,1,0,2
industrialization,1,1,0,2
quenpi,1,1,0,2
finance,1,1,0,2
servility,1,1,0,2
hoffman,1,2,-1,3
organised,1,1,0,2
populationturkmenistan,1,1,0,2
crisis,1,1,0,2
article219312355,1,1,0,2
busbus,1,1,0,2
ears,1,1,0,2
populationgreenland,1,1,0,2
1714,1,1,0,2
loudly,1,1,0,2
ceased,1,1,0,2
56⅔,1,0,1,1
finite,1,1,0,2
precursor,1,1,0,2
aligned,1,1,0,2
enterprise,1,1,0,2
spurred,1,1,0,2
lines,1,1,0,2
criticized,1,2,-1,3
fernandes,1,1,0,2
swan,1,1,0,2
baptista,1,1,0,2
hawaiians,1,2,-1,3
proposes,1,1,0,2
1831,1,2,-1,3
soda,1,1,0,2
unabridged,1,2,-1,3
pint,1,0,1,1
bubble,1,1,0,2
199,1,1,0,2
ellice,1,1,0,2
spinhuis,1,1,0,2
hellgrewe,1,1,0,2
chesapeake,1,1,0,2
excluding,1,1,0,2
sustaining,1,1,0,2
sahib,1,1,0,2
progressively,1,1,0,2
annamthumb,1,1,0,2
gabon,1,1,0,2
melilla,1,1,0,2
laos,1,1,0,2
chukotka,1,1,0,2
manas,1,1,0,2
tendency,1,1,0,2
323,1,1,0,2
endow,1,1,0,2
addenda,1,1,0,2
extinction,1,2,-1,3
pop24,1,1,0,2
000includes,1,1,0,2
exponentially,1,1,0,2
sulu,1,1,0,2
coming,1,1,0,2
instantly,1,1,0,2
robert,1,1,0,2
gante,1,1,0,2
vladimir,1,1,0,2
meeeeeeeeeeeeeeeee,1,1,0,2
chechnya,1,1,0,2
bombing,1,1,0,2
1560s,1,1,0,2
integral,1,1,0,2
friars,1,0,1,1
1682,1,1,0,2
naturally,1,1,0,2
organize,1,1,0,2
barbuda,1,1,0,2
uit,1,1,0,2
problems,1,1,0,2
palmyra,1,1,0,2
disrespecting,1,1,0,2
separable,1,1,0,2
merely,1,1,0,2
darkness,1,1,0,2
tiến,1,1,0,2
pjm,1,1,0,2
daman,1,1,0,2
monkkey,1,1,0,2
ellen,1,1,0,2
hokkaido,1,1,0,2
php,1,1,0,2
honour,1,1,0,2
drift,1,0,1,1
parry,1,1,0,2
subjugated,1,2,-1,3
bukhara,1,1,0,2
divine,1,0,1,1
mayo,1,1,0,2
abuse,1,2,-1,3
wwii,1,1,0,2
contrary,1,1,0,2
karafuto,1,1,0,2
pear,1,0,1,1
driscoll,1,1,0,2
sobecki,1,1,0,2
banker,1,1,0,2
lithuania,1,1,0,2
clark,1,1,0,2
federation,1,1,0,2
lindqvist,1,1,0,2
inspecting,1,1,0,2
aftermath,1,2,-1,3
fernández,1,2,-1,3
vary,1,1,0,2
cass,1,1,0,2
barbadian,1,1,0,2
luigi,1,1,0,2
werre,1,1,0,2
unpaid,1,1,0,2
brotherthumb,1,1,0,2
kristang,1,1,0,2
1840s,1,1,0,2
chicanaz,1,1,0,2
inherently,1,1,0,2
kodiak,1,1,0,2
concentrated,1,2,-1,3
soldier,1,1,0,2
mauritian,1,1,0,2
latvian,1,1,0,2
reinhard,1,1,0,2
yielded,1,1,0,2
teenagers,1,1,0,2
francophonie,1,1,0,2
1659,1,1,0,2
versus,1,1,0,2
leeward,1,1,0,2
1534,1,1,0,2
brisk,1,1,0,2
pandemics,1,2,-1,3
ready,1,1,0,2
04,1,0,1,1
reconciliation,1,2,-1,3
boodie,1,1,0,2
swept,1,1,0,2
thing,1,3,-2,4
1555,1,1,0,2
keeling,1,1,0,2
1848,1,1,0,2
1536,1,1,0,2
madagascar,1,1,0,2
thomson,1,1,0,2
huntington,1,1,0,2
hostile,1,1,0,2
joseph,1,2,-1,3
standardized,1,1,0,2
éboué,1,1,0,2
prompted,1,1,0,2
ventures,1,1,0,2
greenall,1,1,0,2
pop25,1,1,0,2
namibians,1,1,0,2
1784,1,1,0,2
informal,1,1,0,2
vigour,1,1,0,2
providing,1,1,0,2
zulu,1,1,0,2
albania,1,2,-1,3
semantically,1,1,0,2
bugged,1,1,0,2
597,1,1,0,2
scourge,1,1,0,2
metaphysics,1,1,0,2
sexual,1,1,0,2
disorientation,1,1,0,2
macau,1,1,0,2
manila,1,1,0,2
lituanian,1,2,-1,3
hankéou,1,1,0,2
spatial,1,1,0,2
captors,1,1,0,2
myos,1,1,0,2
capturers,1,1,0,2
sarson,1,1,0,2
correctness,1,2,-1,3
dun,1,1,0,2
justified,1,2,-1,3
aragon,1,1,0,2
guyanese,1,1,0,2
killer,1,1,0,2
immediately,1,1,0,2
balzac,1,1,0,2
fifteenth,1,1,0,2
prevalent,1,1,0,2
starving,1,1,0,2
considerably,1,1,0,2
comoros,1,1,0,2
columns,1,1,0,2
globalist,1,1,0,2
ruling,1,1,0,2
marginalization,1,1,0,2
andaman,1,2,-1,3
spherical,1,0,1,1
atoll,1,1,0,2
démographique,1,1,0,2
muslims,1,1,0,2
yanaon,1,1,0,2
submission,1,2,-1,3
lyal,1,1,0,2
dominance,1,1,0,2
eradicate,1,1,0,2
formidable,1,1,0,2
quarterly,1,1,0,2
dumb,1,0,1,1
penghu,1,1,0,2
robbing,1,1,0,2
meticulously,1,1,0,2
heart,1,1,0,2
standards,1,1,0,2
info,1,0,1,1
hanauisch,1,2,-1,3
mayn,1,1,0,2
spirit,1,2,-1,3
timeanddate,1,0,1,1
saturday,1,1,0,2
shut,1,1,0,2
222222,1,1,0,2
het,1,1,0,2
seychellois,1,1,0,2
colonizations,1,1,0,2
togo,1,1,0,2
populationmartinique,1,1,0,2
amish,1,1,0,2
kenneth,1,1,0,2
usage,1,1,0,2
eritreans,1,1,0,2
labelled,1,1,0,2
allow,1,1,0,2
pó,1,0,1,1
furthermore,1,1,0,2
lovejoy,1,1,0,2
denser,1,1,0,2
southerners,1,1,0,2
agitate,1,1,0,2
1908,1,1,0,2
enforces,1,1,0,2
key,1,3,-2,4
goes,1,1,0,2
ont,1,1,0,2
marxism,1,1,0,2
1615,1,1,0,2
collins,1,1,0,2
sauq,1,1,0,2
110528,1,1,0,2
strike,1,1,0,2
flat,1,1,0,2
accusations,1,1,0,2
region24,1,1,0,2
1983,1,1,0,2
bob,1,1,0,2
huffingtonpost,1,1,0,2
agreed,1,2,-1,3
restrict,1,1,0,2
sacramento,1,1,0,2
animosities,1,1,0,2
massacre,1,1,0,2
oup,1,1,0,2
dominion,1,1,0,2
1761,1,1,0,2
painting,1,2,-1,3
victories,1,1,0,2
observations,1,1,0,2
loans,1,1,0,2
knowledgeable,1,0,1,1
pondichéry,1,1,0,2
boardroom,1,1,0,2
daughter,1,1,0,2
recursos,1,1,0,2
pacăfico,1,0,1,1
rare,1,1,0,2
responsible,1,1,0,2
cavalry,1,1,0,2
guantánamo,1,1,0,2
sites,1,1,0,2
signs,1,1,0,2
trump,1,1,0,2
irish,1,1,0,2
pavla,1,1,0,2
mutterings,1,1,0,2
gun,1,1,0,2
césaire,1,4,-3,5
containing,1,2,-1,3
thirds,1,1,0,2
inegi,1,1,0,2
mari,1,1,0,2
hard,1,1,0,2
enslave,1,1,0,2
faith,1,1,0,2
tony,1,1,0,2
1690s,1,1,0,2
brains,1,1,0,2
diponegoro,1,2,-1,3
migrate,1,1,0,2
ginés,1,1,0,2
mercy,1,1,0,2
documenting,1,0,1,1
penetration,1,1,0,2
gob,1,1,0,2
persians,1,2,-1,3
finds,1,1,0,2
eng,1,1,0,2
hindu,1,1,0,2
cl,1,1,0,2
settlemente,1,1,0,2
1167,1,1,0,2
shetland,1,2,-1,3
identities,1,1,0,2
170px,1,0,1,1
guerre,1,3,-2,4
liberals,1,1,0,2
tignor,1,1,0,2
coloñial,1,1,0,2
boi,1,1,0,2
olivier,1,1,0,2
liberia,1,2,-1,3
cove,1,1,0,2
thev,1,1,0,2
bullhe,1,1,0,2
populationamerican,1,1,0,2
gaspar,1,1,0,2
terrible,1,1,0,2
heather,1,1,0,2
populationel,1,1,0,2
males,1,1,0,2
styrofoam,1,1,0,2
lithuanian,1,2,-1,3
indien,1,2,-1,3
gladstone,1,1,0,2
decreased,1,1,0,2
reaching,1,1,0,2
1620,1,1,0,2
dogs,1,2,-1,3
thälmann,1,2,-1,3
sparked,1,1,0,2
quantities,1,1,0,2
widening,1,1,0,2
freed,1,1,0,2
kyrgyz,1,1,0,2
stresses,1,1,0,2
infrastructure,1,2,-1,3
historiographies,1,1,0,2
getz,1,1,0,2
interview,1,1,0,2
ingushetia,1,1,0,2
kiple,1,1,0,2
barcelona,1,1,0,2
1684,1,1,0,2
vid,1,1,0,2
wake,1,1,0,2
sultanate,1,1,0,2
distressing,1,1,0,2
sur,1,2,-1,3
1544,1,1,0,2
ehess,1,1,0,2
operation,1,1,0,2
populationrobert,1,1,0,2
flocked,1,1,0,2
circassian,1,1,0,2
fortuny,1,1,0,2
bronze,1,1,0,2
1662,1,1,0,2
ha,1,1,0,2
mandates,1,1,0,2
anguilla,1,1,0,2
budget,1,1,0,2
cossack,1,1,0,2
pelagie,1,0,1,1
bold,1,1,0,2
centerpiece,1,1,0,2
strictly,1,1,0,2
technological,1,1,0,2
opposing,1,1,0,2
wiener,1,1,0,2
bacalhaus,1,1,0,2
obliterating,1,1,0,2
precision,1,1,0,2
systematically,1,1,0,2
1598,1,0,1,1
huguenots,1,1,0,2
prehistoric,1,1,0,2
vaccines,1,1,0,2
rebellions,1,1,0,2
butler,1,1,0,2
georges,1,1,0,2
antarctique,1,1,0,2
ideological,1,1,0,2
region26,1,1,0,2
bible,1,0,1,1
mongolia,1,3,-2,4
papers,1,1,0,2
forgiven,1,1,0,2
makers,1,1,0,2
absolute,1,1,0,2
noir,1,1,0,2
accumulation,1,1,0,2
settles,1,1,0,2
manifestations,1,1,0,2
agenda,1,1,0,2
evangelized,1,1,0,2
things,1,1,0,2
considers,1,1,0,2
anda,1,1,0,2
burnett,1,1,0,2
indische,1,1,0,2
informe,1,1,0,2
gayatri,1,1,0,2
1762,1,1,0,2
pitcairn,1,1,0,2
wrought,1,2,-1,3
kidnappings,1,1,0,2
continuation,1,1,0,2
125,1,2,-1,3
departed,1,1,0,2
cónbo,1,1,0,2
ptype,1,1,0,2
här,1,1,0,2
555,0,1,-1,1
martínez,0,1,-1,1
circles,0,1,-1,1
seek,0,2,-2,2
universal,0,1,-1,1
affectionately,0,1,-1,1
myanmar,0,1,-1,1
serfdom,0,1,-1,1
coloniale,0,1,-1,1
mistress,0,1,-1,1
yakima,0,1,-1,1
easy,0,1,-1,1
19r,0,2,-2,2
cannibalistic,0,1,-1,1
experimentation,0,1,-1,1
kaffa,0,1,-1,1
havana,0,1,-1,1
cauca,0,1,-1,1
frankfort,0,1,-1,1
flee,0,1,-1,1
caribs,0,2,-2,2
socially,0,1,-1,1
venerating,0,1,-1,1
este,0,1,-1,1
20legends,0,1,-1,1
connecticut,0,3,-3,3
arkansas,0,1,-1,1
olcèse,0,1,-1,1
lighthouse,0,2,-2,2
gregorian,0,2,-2,2
1925,0,1,-1,1
sardinia,0,1,-1,1
damaged,0,1,-1,1
correspondent,0,1,-1,1
footnotes,0,1,-1,1
09,0,1,-1,1
publication,0,1,-1,1
pp1,0,1,-1,1
hartford,0,2,-2,2
suspended,0,1,-1,1
20myths,0,1,-1,1
taylorsville,0,1,-1,1
wholly,0,1,-1,1
clapper,0,1,-1,1
sharpsburg,0,1,-1,1
citations,0,1,-1,1
harmful,0,2,-2,2
joseon,0,1,-1,1
adoption,0,1,-1,1
kentucky,0,23,-23,23
surely,0,1,-1,1
1893,0,2,-2,2
bridgeport,0,1,-1,1
psychology,0,2,-2,2
eurocentric,0,1,-1,1
participate,0,1,-1,1
unexpected,0,2,-2,2
andénes,0,1,-1,1
dialect,0,1,-1,1
lorimer,0,1,-1,1
louisville,0,1,-1,1
kedah,0,1,-1,1
illinois,0,1,-1,1
laredo,0,3,-3,3
guangxi,0,1,-1,1
tuva,0,1,-1,1
transformation,0,1,-1,1
knows,0,1,-1,1
mendelsohn,0,1,-1,1
wright,0,1,-1,1
damaging,0,1,-1,1
créaphis,0,1,-1,1
tompkins,0,2,-2,2
corbin,0,1,-1,1
attitudes,0,1,-1,1
translates,0,1,-1,1
rochester,0,1,-1,1
sexist,0,2,-2,2
siam,0,1,-1,1
idaho,0,1,-1,1
imperialist,0,1,-1,1
providencia,0,1,-1,1
removal,0,1,-1,1
burnside,0,1,-1,1
enterprising,0,1,-1,1
brodhead,0,1,-1,1
atrophies,0,1,-1,1
khalkha,0,1,-1,1
alpacas,0,1,-1,1
binacional,0,1,-1,1
interacting,0,1,-1,1
mdislander,0,1,-1,1
137,0,24,-24,24
trujillo,0,1,-1,1
random,0,1,-1,1
faster,0,1,-1,1
fatalities,0,1,-1,1
palmas,0,2,-2,2
prolonagted,0,1,-1,1
transfers,0,1,-1,1
coral,0,1,-1,1
mn,0,1,-1,1
sociology,0,4,-4,4
radioed,0,1,-1,1
conjecture,0,1,-1,1
1906,0,1,-1,1
marais,0,1,-1,1
seeks,0,1,-1,1
aviators,0,1,-1,1
junction,0,1,-1,1
reliant,0,1,-1,1
executed,0,1,-1,1
1828,0,1,-1,1
xenophobic,0,3,-3,3
turc,0,1,-1,1
oxygen,0,1,-1,1
storm,0,5,-5,5
maritime,0,1,-1,1
fireworks,0,1,-1,1
acre,0,1,-1,1
proleptic,0,1,-1,1
solor,0,1,-1,1
nickname,0,1,-1,1
biased,0,1,-1,1
begins,0,1,-1,1
passes,0,1,-1,1
jersey,0,1,-1,1
1967,0,1,-1,1
octaves,0,1,-1,1
beds,0,1,-1,1
rename,0,1,-1,1
sons,0,1,-1,1
perryville,0,1,-1,1
borrowed,0,1,-1,1
triangle,0,1,-1,1
maría,0,2,-2,2
whereabouts,0,1,-1,1
reject,0,1,-1,1
prabang,0,1,-1,1
aircraft,0,2,-2,2
pride,0,1,-1,1
1446,0,1,-1,1
spectrum,0,1,-1,1
fulton,0,1,-1,1
photographies,0,1,-1,1
airport,0,2,-2,2
stinson,0,1,-1,1
hablo,0,1,-1,1
lors,0,1,-1,1
colonistics,0,3,-3,3
ligurian,0,2,-2,2
bc,0,2,-2,2
145120,0,1,-1,1
infection,0,1,-1,1
chérau,0,1,-1,1
read,0,1,-1,1
xisha,0,1,-1,1
pour,0,1,-1,1
flying,0,1,-1,1
landmarks,0,1,-1,1
misiones,0,2,-2,2
odyssey,0,2,-2,2
espiritu,0,1,-1,1
escuadrilla,0,1,-1,1
flores,0,1,-1,1
okmulgee,0,1,-1,1
writer,0,1,-1,1
islamic,0,1,-1,1
pg,0,1,-1,1
curtiss,0,1,-1,1
withdraws,0,1,-1,1
committed,0,1,-1,1
field,0,1,-1,1
1961,0,1,-1,1
backed,0,1,-1,1
dead,0,1,-1,1
quentin,0,1,-1,1
exploring,0,1,-1,1
scribner,0,1,-1,1
distance,0,1,-1,1
vientiane,0,1,-1,1
kuo,0,1,-1,1
southampton,0,1,-1,1
photographs,0,1,-1,1
washingtonhttps,0,1,-1,1
tyranny,0,1,-1,1
member,0,1,-1,1
libye,0,1,-1,1
staying,0,1,-1,1
planes,0,1,-1,1
writings,0,1,-1,1
crusade,0,1,-1,1
dayof,0,1,-1,1
berea,0,1,-1,1
centralmaine,0,1,-1,1
julius,0,1,-1,1
wausau,0,1,-1,1
create,0,1,-1,1
liberationnews,0,1,-1,1
fairbankshttps,0,1,-1,1
counterproductive,0,1,-1,1
makea,0,1,-1,1
truth,0,1,-1,1
1582,0,1,-1,1
5609818,0,1,-1,1
friar,0,1,-1,1
1213,0,1,-1,1
expeditions,0,2,-2,2
balleny,0,1,-1,1
9781136245220,0,1,-1,1
buy,0,1,-1,1
conclusion,0,1,-1,1
sell,0,1,-1,1
locally,0,1,-1,1
positive,0,1,-1,1
venetians,0,1,-1,1
looptt,0,1,-1,1
369,0,1,-1,1
1984,0,1,-1,1
straight,0,1,-1,1
desires,0,1,-1,1
relies,0,1,-1,1
escape,0,1,-1,1
somerset,0,1,-1,1
lancaster,0,1,-1,1
prestonsburg,0,1,-1,1
announcing,0,1,-1,1
frameworks,0,1,-1,1
eurasia,0,1,-1,1
remote,0,1,-1,1
newson,0,1,-1,1
springs,0,2,-2,2
transnistria,0,1,-1,1
pursuit,0,1,-1,1
planting,0,1,-1,1
383,0,1,-1,1
targets,0,1,-1,1
content,0,1,-1,1
eau,0,2,-2,2
immoral,0,1,-1,1
harrodsburg,0,1,-1,1
woodstock,0,1,-1,1
astronomical,0,1,-1,1
modeled,0,1,-1,1
fargo,0,1,-1,1
extreme,0,1,-1,1
vessels,0,1,-1,1
brú,0,3,-3,3
crashing,0,1,-1,1
lucrative,0,1,-1,1
first1,0,1,-1,1
restrategized,0,1,-1,1
ranfurly,0,1,-1,1
maunier,0,1,-1,1
everett,0,1,-1,1
colon,0,3,-3,3
nathan,0,1,-1,1
guanahani,0,1,-1,1
needham,0,1,-1,1
added,0,1,-1,1
sr,0,1,-1,1
excellent,0,1,-1,1
geology,0,1,-1,1
pun,0,1,-1,1
1949,0,1,-1,1
promotion,0,1,-1,1
modernization,0,2,-2,2
colonialisme,0,1,-1,1
pursued,0,1,-1,1
ripe,0,1,-1,1
admit,0,1,-1,1
sivin,0,1,-1,1
1506,0,1,-1,1
federico,0,3,-3,3
brief,0,1,-1,1
tobagohttp,0,1,-1,1
affect,0,1,-1,1
planed,0,1,-1,1
hero,0,1,-1,1
inviting,0,1,-1,1
schill,0,1,-1,1
regression,0,1,-1,1
1826,0,1,-1,1
hoping,0,1,-1,1
1778,0,3,-3,3
starks,0,2,-2,2
false,0,1,-1,1
acquires,0,1,-1,1
allegations,0,1,-1,1
julian,0,1,-1,1
maine,0,5,-5,5
attention,0,1,-1,1
viable,0,1,-1,1
tibet,0,1,-1,1
gentle,0,1,-1,1
ecuatorian,0,1,-1,1
translator1,0,2,-2,2
oklahomahttps,0,1,-1,1
stopover,0,1,-1,1
1829,0,1,-1,1
nansha,0,1,-1,1
proceeds,0,1,-1,1
vernon,0,1,-1,1
20indian,0,1,-1,1
orig,0,1,-1,1
opening,0,2,-2,2
pisco,0,1,-1,1
nominal,0,1,-1,1
discours,0,1,-1,1
formulated,0,1,-1,1
livingston,0,1,-1,1
breakdown,0,1,-1,1
cristòffa,0,1,-1,1
aviation,0,1,-1,1
springfield,0,1,-1,1
setting,0,2,-2,2
dalmatia,0,2,-2,2
starved,0,1,-1,1
justify,0,1,-1,1
inaugurated,0,1,-1,1
newark,0,1,-1,1
funds,0,1,-1,1
savagery,0,1,-1,1
board,0,1,-1,1
demonstrated,0,1,-1,1
1503,0,1,-1,1
recher,0,1,-1,1
newsday,0,1,-1,1
genius,0,1,-1,1
arsenio,0,1,-1,1
certainly,0,1,-1,1
niña,0,2,-2,2
uncertain,0,2,-2,2
531,0,1,-1,1
tomb,0,1,-1,1
1214,0,1,-1,1
luang,0,1,-1,1
faro,0,1,-1,1
venice,0,1,-1,1
competing,0,1,-1,1
flew,0,3,-3,3
deluermoz,0,1,-1,1
susceptible,0,1,-1,1
orchard,0,1,-1,1
écrits,0,1,-1,1
educated,0,1,-1,1
474,0,1,-1,1
overworked,0,1,-1,1
extends,0,1,-1,1
catalina,0,1,-1,1
visibility,0,1,-1,1
champasak,0,1,-1,1
tt,0,1,-1,1
9th,0,1,-1,1
dismemberment,0,1,-1,1
massachusettssomerville,0,1,-1,1
paracas,0,1,-1,1
agent,0,1,-1,1
1204,0,1,-1,1
indios,0,1,-1,1
veins,0,1,-1,1
air,0,1,-1,1
ellsworthamerican,0,1,-1,1
ferndale,0,1,-1,1
northmen,0,2,-2,2
safely,0,1,-1,1
strongest,0,1,-1,1
evaluates,0,1,-1,1
reign,0,1,-1,1
falls,0,1,-1,1
refute,0,1,-1,1
fourth,0,1,-1,1
eureka,0,1,-1,1
meridian,0,1,-1,1
colomboor,0,1,-1,1
born,0,1,-1,1
ruanda,0,1,-1,1
venerated,0,1,-1,1
poet,0,1,-1,1
cw,0,2,-2,2
irrigation,0,1,-1,1
palau,0,1,-1,1
wouldn,0,1,-1,1
sick,0,1,-1,1
needles,0,1,-1,1
lisbon,0,1,-1,1
dayon,0,1,-1,1
gouldsboro,0,1,-1,1
985,0,1,-1,1
cómbo,0,1,-1,1
challenge,0,1,-1,1
noting,0,1,-1,1
unaware,0,1,-1,1
sandstorm,0,1,-1,1
kansas,0,1,-1,1
awaken,0,1,-1,1
newsok,0,1,-1,1
lagos,0,1,-1,1
mediaeval,0,1,-1,1
aware,0,1,-1,1
learned,0,1,-1,1
colón,0,1,-1,1
mathieu,0,1,-1,1
casta,0,1,-1,1
byzantine,0,2,-2,2
llamas,0,1,-1,1
didn,0,1,-1,1
hunger,0,1,-1,1
olson,0,1,-1,1
debated,0,1,-1,1
sets,0,1,-1,1
rené,0,1,-1,1
réveiller,0,1,-1,1
essay,0,1,-1,1
blend,0,1,-1,1
gzcaaaaaqbaj,0,1,-1,1
mt,0,1,-1,1
gangrene,0,1,-1,1
weight,0,1,-1,1
moroccan,0,1,-1,1
quote,0,1,-1,1
morality,0,1,-1,1
hillsborough,0,1,-1,1
voters,0,1,-1,1
aspen,0,1,-1,1
perpetrators,0,1,-1,1
motivations,0,2,-2,2
obscure,0,1,-1,1
nina,0,3,-3,3
transfer,0,1,-1,1
measurement,0,1,-1,1
crimes,0,1,-1,1
pullman,0,2,-2,2
iii,0,1,-1,1
dehumanize,0,1,-1,1
larnaudie,0,1,-1,1
initiate,0,1,-1,1
indicating,0,1,-1,1
onepage,0,1,-1,1
portrait,0,1,-1,1
stands,0,1,-1,1
routledge,0,1,-1,1
galápagos,0,1,-1,1
thanksgivingin,0,1,-1,1
instilled,0,1,-1,1
urundi,0,1,-1,1
sarandë,0,1,-1,1
1688,0,1,-1,1
lawton,0,1,-1,1
correspondant,0,1,-1,1
link1,0,1,-1,1
judged,0,1,-1,1
20and,0,1,-1,1
endemic,0,1,-1,1
gaston,0,1,-1,1
nao,0,1,-1,1
rhinebeck,0,1,-1,1
guabito,0,1,-1,1
214,0,1,-1,1
claire,0,2,-2,2
pilots,0,1,-1,1
480,0,1,-1,1
sicily,0,1,-1,1
oppressors,0,1,-1,1
sticks,0,1,-1,1
crab,0,1,-1,1
1955,0,1,-1,1
representations,0,1,-1,1
suicide,0,1,-1,1
linda,0,1,-1,1
bravery,0,1,-1,1
polestar,0,1,-1,1
tolerated,0,1,-1,1
justifications,0,1,-1,1
last1,0,1,-1,1
06,0,1,-1,1
emigrate,0,1,-1,1
indegenous,0,1,-1,1
landmass,0,1,-1,1
oak,0,1,-1,1
moral,0,1,-1,1
une,0,1,-1,1
ones,0,1,-1,1
contends,0,1,-1,1
park,0,1,-1,1
ma,0,1,-1,1
illustrate,0,1,-1,1
montenegro,0,1,-1,1
thusly,0,1,-1,1
por,0,1,-1,1
minimal,0,1,-1,1
exogeographical,0,1,-1,1
conflit,0,1,-1,1
colonialists,0,1,-1,1
techo,0,1,-1,1
suffer,0,1,-1,1
goldsmithing,0,1,-1,1
phoenecians,0,1,-1,1
romanian,0,2,-2,2
smaranda,0,1,-1,1
captive,0,1,-1,1
internally,0,1,-1,1
pinta,0,4,-4,4
pittsfield,0,1,-1,1
perceptions,0,1,-1,1
amalfians,0,1,-1,1
explaining,0,1,-1,1
narrative,0,1,-1,1
shen,0,2,-2,2
hopkinsville,0,1,-1,1
comparing,0,1,-1,1
isles,0,1,-1,1
